SMILES,Density,id
*c1ccc(-c2ccc3c(c2)C(CCCCCCC#N)(CCCCCCC#N)c2cc(*)ccc2-3)cc1,0.901122805,0
*CC(*)c1ccc(C(=O)O)c(C(=O)O)c1,1.184354013,1
*CC(*)C(=O)Oc1ccccc1C,1.061864136,2
*CC(*)C(=O)Oc1ccccc1,1.134541872,3
*CC(C)S(*)(=O)=O,1.293314518,4
*CC(*)c1cc(C(C)C)ccc1C(C)C,0.8502655065,5
*CCCCCC(*)CCCCCC,0.797183169,6
*CC(*)CCCCCCC,0.8134404635000001,7
*CC(*)CCCN(CC(C)C)CC(C)C,0.817146131,8
*c1ccc(-c2ccc(C(*)(c3ccccc3)C(F)(F)F)cc2)cc1,1.06572076,9
*CC(*)C(=O)OCCSCCCC#N,1.085387972,10
*CC(*)CCCCC,0.771934125,11
*CC(*)(C)C(=O)OC1CCCCC1,0.91386168,12
*Oc1ccc(S(=O)(=O)c2ccc(Oc3c(C)cc(Cc4cc(C)c(*)c(C)c4)cc3C)cc2)cc1,1.073138282,13
*CC(*)(C)C(=O)OC(C)(C)C,0.826660163,14
*CC1CCC(*)C1,0.9114805765,15
*Oc1ccc(S(=O)(=O)c2ccc(Oc3ccc(C(C)(c4ccccc4)c4ccc(*)cc4)cc3)cc2)cc1,1.144330703,16
*CCCCCCCCCCC(=O)NCCCCCCNC(=O)CCCCO*,0.939635943,17
*/C=C/c1ccc(*)cc1,1.006135387,18
*CC(*)(CC(=O)OCCCCC)C(=O)OCCCCC,0.955743343,19
*CCCCCCCCNC(=O)CCCCCCCCCCCCCCCCCCCCC(=O)N*,0.889143617,20
*/C=C/c1cc(OCC(CC)CCCC)c(*)cc1-c1ccc(N(c2ccc(OC)cc2)c2ccc(OC)cc2)cc1,0.969832402,21
*C1Cc2ccccc2C1*,0.889251685,22
*CCCCCCCCCCCCCCCCCCCCOC(=O)CCCCCCCC(=O)O*,0.89522718,23
*CC(*)(CC(=O)OCCc1ccccc1)C(=O)OCCc1ccccc1,1.111394298,24
*CC(*)C(=O)Oc1ccc(C)cc1,1.051609028,25
*CCCCCCCCCCCCCCCCCCCCCC(=O)N*,0.866351429,26
*CC(*)(C)C(=O)OC1CCC(C(C)(C)C)CC1,0.856410503,27
*c1cc(CCCCCCCCCCCCCCCCCCCCCC)c(*)s1,0.883511374,28
*C1CCCCC1S(*)(=O)=O,1.174206042,29
*CCN(CCOC(=O)NCCCCCCNC(=O)O*)c1ccc(/N=N/c2ccc([N+](=O)[O-])cc2)c(C)c1,1.1275851,30
*CC(*)(C)C(=O)Oc1c(Cl)c(Cl)c(Cl)c(Cl)c1Cl,1.354866985,31
*CCCCCCCCCCCCOC(=O)CCCCCCCCCCCCC(=O)O*,0.910678639,32
*CC(*)(CF)C(=O)OC,1.048000594,33
*CC(*)CCCC,0.776895965,34
*CC(*)C(=O)OCC(CC)CC,0.91413913,35
*CCCC(*)(C)C(=O)O,0.996128545,36
*c1ccc(NC(=O)Nc2ccc(NC(=O)Nc3ccc(-c4nc(C#N)c(C#N)nc4*)cc3)cc2)cc1,1.154810331,37
*c1cc2cccccc-2c1*,0.814226421,38
*CC(*)(C)C(=O)OCCOCC,1.013471369,39
*CC(*)(C)C(=O)OCCN(CC)CC,0.960101927,40
*CC(*)c1ccc(C(=O)OCCN(C)C)cc1,1.0474258805,41
*CC(*)C(=O)OCc1ccc(C#N)cc1,1.1223075695,42
*c1cc(/C=N/c2cccc(C)c2)cc(*)c1O,0.99179579,43
*CC(*)C(=O)OC1CC(C)CC(C)(C)C1,0.909612952,44
*CC(C)(C)CS(=O)(=O)CC(C)(C)COC(=O)O*,1.089194614,45
*CCCCCCCCCCCCCCCCCCCCOC(=O)CCCCC(=O)O*,0.899322314,46
*CCc1ccc(*)c2ccccc12,1.050887217,47
*CC(*)C(=O)OCCCCCCSCC#N,1.039476536,48
*C1C(=O)OC(=O)C1*,1.365901109,49
*CC(*)(C)C(=O)OC(C(F)(F)F)(C(F)(F)F)C(F)(F)F,1.240147043,50
*C1C(=O)N(c2ccccc2C(=O)OC)C(=O)C1*,1.070408699,51
*CC(*)c1cc(C)ccc1F,0.955409279,52
*CC(*)O,1.081206735,53
*CC(*)c1ccccc1COC(C)C,0.933317386,54
*CCc1ccc(-c2ccc(*)cc2)cc1,1.042562737,55
*CCCCCCNC(=O)C(CCCCCCCCCCCCC)C(=O)N*,0.899716416,56
*c1ccc(-c2ccc3c(c2)C(CCCCCC)(CCCCCC)c2cc(*)ccc2-3)cc1,0.786503256,57
*CC(*)(C)C(=O)OCc1ccco1,1.081813241,58
*CCCCCCCCCCC(=O)NCCc1ccc(CCNC(=O)CCCCCCCCCCS*)cc1,0.962511767,59
*CCCCCCCCCCNC(=O)CC/C=C/CCC(=O)N*,0.952363037,60
*/C=C/c1ccc(*)c2ccc(CCCCCC)cc12,0.946624284,61
*CC(*)c1ccccc1COCCCC,0.963997982,62
*CCCCCCCCCOC(=O)CCCCCCCC(=O)O*,0.941870155,63
*c1ccc2c(c1)SC1=Nc3cc(-c4ccc5c(c4)N=C4Sc6cc(*)ccc6N=C4N5)ccc3NC1=N2,1.086875784,64
*CC(*)C(=O)OCC(CC)CCCC,0.893389668,65
*CC(*)CC(C)C(F)(F)F,1.093859396,66
*CCCCCCCCC(=O)NCCCCCOCCCCCNC(=O)CCCO*,0.958044519,67
*CCCCCCCC(*)C,0.822507187,68
*CCCCCCCCCCNC(=O)CCCCCCCCCCCCCCC(=O)N*,0.906986266,69
*CC(*)(CF)C(=O)OCC,1.040351207,70
*C(=O)C(*)(C)C,0.919975664,71
*CC(*)C(=O)OCCSCCC#N,1.111901096,72
*CC(*)(C)C(=O)OCCc1ccccc1,1.048543977,73
*CC(*)C(=O)NC(C)CC,0.92947228,74
*CC(*)(C)C(=O)OCCN(CC)S(=O)(=O)C(F)(F)C(F)(F)C(F)(F)C(F)(F)C(F)(F)C(F)(F)C(F)(F)C(F)(F)F,1.49945764,75
*CC(*)(C#N)C(=O)OCCCC,0.98541293,76
*c1ccc(N2C(=O)c3ccc(-c4cccc5c4C(=O)N(*)C5=O)cc3C2=O)cc1,1.15692241,77
*c1nc2cc3sc(-c4cc(OCCCCCCCCCCCC)c(*)cc4OCCCCCCCCCCCC)nc3cc2s1,0.992488687,78
*CC(*)(C)C(=O)OCCCCCCCCCCCCCCCCCC,0.861197166,79
*Oc1cc(CCC)cc(OC(=O)c2cccc(C(*)=O)c2)c1,1.125159714,80
*CC(*)c1ccc(C)cc1C,0.917231472,81
*CCCN*,0.92848585,82
*c1nc(C)nc(N(CCCCCCN(*)c2ccccc2)c2ccccc2)n1,1.056565871,83
*CC(*)c1ccc(CCCCCCCCCCCCCCCC)cc1,0.8673802335,84
*c1sc(*)c(OCCCCCCCCCCCCCCCCCCCC)c1C,0.90435478,85
*CC(*)c1ccccc1CC,0.937303023,86
*CC(*)C(=O)C1CCCCC1,0.951293445,87
*=C=C=C(Cn1c2ccccc2c2ccccc21)C(=*)Cn1c2ccccc2c2ccccc21,1.114657106,88
*CC(*)C(=O)OCCCCCC(=O)Oc1ccc(-c2ccc(C#N)cc2)cc1,1.092668338,89
*CCCCCCCNC(=O)C(CCCCCCCCCCCC)C(=O)N*,0.900783398,90
*/C=C/c1sc(*)c(OCCCCCCCCCCCC)c1OCCCCCCCCCCCC,0.900179408,91
*OS(=O)(=O)c1cccc(C(=O)c2cccc(S(=O)(=O)Oc3ccc(C(C)(C)c4ccc(*)cc4)cc3)c2)c1,1.237872849,92
*CC(*)C(=O)Oc1cccc2ccccc12,1.120527982,93
*CCCCCCCCCCCCCCS*,0.881232316,94
*/C=C/C(C*)C(C)CC,0.8372644345,95
*CC(*)(C)C(=O)Oc1cccc(C)c1,1.017456329,96
*CC(*)C(=O)C(C)C,0.886596201,97
*CC(*)(CC(=O)Oc1ccc(C)cc1)C(=O)Oc1ccc(C)cc1,1.062096371,98
*CCCCCCCCCCOC(=O)CCCCCCC(=O)O*,0.938959785,99
*CC(*)C(C)=O,0.955845655,100
*/C=C/c1ccc(*)c(-c2cc(-c3ccccc3)c(OCC(CC)CCCC)cc2OCC(CC)CCCC)c1,0.919376466,101
*c1c(-c2ccccc2)c(-c2ccccc2)c(*)c2cc(C(c3ccc(C#Cc4ccccc4)c(C#Cc4ccccc4)c3)(C(F)(F)F)C(F)(F)F)ccc12,1.001212493,102
*CCCCCCCCCNC(=O)CCCCCCCCC(=O)N*,0.93702543,103
*c1ccc2c(c1)C(CCCCCC)(CCCCCC)c1cc(-c3cc(CCCCCC)c(*)cc3CCCCCC)ccc1-2,0.85144236,104
*CCCCCCCCCCSCCCCCCS*,0.931588685,105
*/C=C/CCCCC*,0.823772683,106
*/C=C/c1ccc(*)c(-c2cc(OCC(CC)CCCC)c(OCC(CC)CCCC)cc2-c2ccccc2)c1,0.892538398,107
*CCCCCNC(=O)CCCCCCCCOCCCCCCCCC(=O)NCCCCCO*,0.932721325,108
*CCCCCCCCCCCCCCCCCCCCC(*)COCCOCCOCCOCCOCCCCCCCCCCCCCC,0.882777598,109
*CCCCNC(=O)CCCCCCCCCC(=O)N*,0.965368624,110
*CC(*)C(=O)c1ccc(C(C)(C)C)cc1,0.936469283,111
*CCC(C)CCC(=O)O*,0.980916925,112
*c1ccc(-c2ccc(C3(*)CCCCC3)cc2)cc1,0.96749891,113
*CC(*)(F)C(=O)OCCC(F)(F)C(F)(F)C(F)(F)C(F)(F)C(F)(F)C(F)(F)C(F)(F)C(F)(F)C(F)(F)C(F)(F)F,1.608016391,114
*C(=O)c1ccc2c(c1)C(=O)N(c1ccc(Oc3ccc(C(=O)c4cccc(C(=O)c5ccc(Oc6ccc(N7C(=O)c8ccc(*)cc8C7=O)cc6)cc5)c4)cc3)cc1)C2=O,1.2216993535,115
*CC(*)(C)c1ccccc1,0.833452729,116
*CC(*)c1ccc(C(=O)OC)cc1,1.032355465,117
*CC(*)(C)C(=O)OCc1cccc([N+](=O)[O-])c1,1.162628481,118
*CC(*)OC(=O)c1ccc(OC(=O)CCC)cc1,1.114672325,119
*CC(*)OC(=O)CC,0.995365589,120
*CCCCCCCCCCCCCCOC(=O)CCCCCCC(=O)O*,0.919731294,121
*CCC(Cl)C(*)Cl,1.273131418,122
*CCCCCCCCCCNC(=O)NCCCCCCCCNC(=O)N*,0.969724413,123
*CCCCCCCNC(=O)CCCCCCCCCC(=O)N*,0.940664668,124
*CCCCCCCCCCCCNC(=O)CCCCCCCCCCCCC(=O)N*,0.903805754,125
*CCCCCCCCCCOc1ccc(OC(=O)c2ccc(OCCCCCCOc3ccc(C(=O)Oc4ccc(O*)cc4)cc3)cc2)cc1,1.061577448,126
*CCCCCNC(=O)CCCCCCCCCCCCC(=O)N*,0.933437007,127
*CC(*)c1ccc(Cl)cc1,1.115289406,128
*CCCCCCNC(=O)C(CCCCCCCCCCCCCCC)C(=O)N*,0.897093489,129
*/C=C/C(C*)CCC,0.803760264,130
*CC(*)OC(C)C,0.839799693,131
*CC(*)c1ccc(O)cc1,1.026280901,132
*CCCCCCCCC(=O)NCCCCCCNC(=O)CCCCO*,0.954015346,133
*CC(*)c1ccccc1COCCC,0.94589921,134
*CCCCCNC(=O)CCCCCCCCCCCCCCCCCCC(=O)N*,0.90486422,135
*CC(*)(CC(=O)Oc1cccc(C)c1)C(=O)Oc1cccc(C)c1,1.042202692,136
*CCCCCC(*)CCCCCCCCCC,0.801722522,137
*CCCS(*)(=O)=O,1.344229366,138
*c1cc(CCCCCCCCCCCCC)c(*)s1,0.919023879,139
*/C=C/CCCCCC*,0.820824647,140
*CC(*)C(=O)Oc1ccc(C#N)cc1,1.1593566640000001,141
*CC(*)(C)C(=O)OCCBr,1.4918183434999999,142
*/C=C/c1ccc(*)c(-c2cc(OCCC(C)C)c(OCCC(C)C)cc2-c2ccc(C(F)(F)F)cc2)c1,0.956021414,143
*c1cc(OCCCCCCCCCCCC)c(*)cc1O,0.933849439,144
*c1ccc(-c2nnc(-c3cccc(-c4nnc(*)n4-c4ccccc4)c3)n2-c2ccccc2)cc1,1.089021523,145
*CCCCCCCCCCCCNC(=O)NCCCCCCNC(=O)N*,0.973061223,146
*CC(*)C(=O)OCc1ccccc1,1.072100095,147
*CC(*)OC(=O)CCCCCCCCCCCCCCCCCCCCC,0.858583325,148
*CC(*)C(=O)OC(C)CCC(CC)CCCC,0.861701744,149
*CC(*)(C)C(=O)OCCOC,1.033359022,150
*c1sc(*)c2c1OCC(CCCCCCCCCCCCCCCC)O2,0.968871976,151
*CC(*)CCCCCCCCCC,0.8153324785,152
*CC(*)C(=O)OCCSCC,1.065268296,153
*CC(*)C,0.77629912,154
*CC(*)(C)C(=O)OCC,0.90836326,155
*c1ccc(Cc2ccc(-n3c(=O)c4cc5c(=O)n(*)c(=O)c5cc4c3=O)cc2)cc1,1.232934348,156
*CC(C)(C)CS(*)(=O)=O,1.140781369,157
*c1ccc2c(c1)C(CCCCCC)(CCCCCC)c1cc(-c3cc(CCCCCCCCCC)c(*)cc3CCCCCCCCCC)ccc1-2,0.807377101,158
*CC(*)(C)C(=O)Oc1ccc(C#N)cc1,1.058985756,159
*CC(*)c1c([2H])c([2H])c([2H])c([2H])c1[2H],0.923679332,160
*CC(*)(CC(=O)OCCCC)C(=O)OCCCC,0.96210565,161
*CC(*)(C)C(=O)OCC[N+](=O)[O-],1.159740176,162
*CCCCCCCCOC(=O)NNC(=O)CCCCCCCCC(=O)NNC(=O)O*,1.043832714,163
*/C=C/CCCCCCCCCC*,0.837710208,164
*CC(*)(C)C(=O)OCC(F)(F)C(F)(F)C(F)(F)C(F)(F)C(F)(F)C(F)(F)C(F)(F)F,1.482039287,165
*CC(*)c1ccc(COc2ccc(-c3ccc(C#N)cc3)cc2)cc1,1.065712208,166
*Oc1c(C)cc(*)cc1-c1ccccc1,1.002505763,167
*CCCCCCN(C)C(=O)CCCCCCCCCCCCCCCCC(=O)N(*)C,0.898624404,168
*Oc1ccc(Oc2ccc(C(=O)c3ccccc3-c3ccccc3C(=O)c3ccc(*)cc3)cc2)cc1,1.125774179,169
*CC(*)(C)C(=O)Oc1ccc(C)cc1,0.951958497,170
*CC(*)c1cc(C(C)(C)C)ccc1C,0.849065812,171
*CC(*)(C)C(=O)OC1CCCC(C)C1,0.881548744,172
*OC(*)C(Cl)(Cl)Cl,1.539478709,173
*CCCCCC(*)CCCCCCCC,0.794468482,174
*CCCCCCCCCCNC(=O)C(CCCCCCCCCCCC)C(=O)N*,0.888311048,175
*CC(*)c1cc(F)ccc1F,1.086573844,176
*CC(*)(Cl)C(=O)OCCCC,1.074741397,177
*CC(*)(C)C(=O)OCCCCCCOc1ccc(-c2ccc(OC)cc2)cc1,1.04192343,178
*CC(*)(CC(=O)OCCCCCC)C(=O)OCCCCCC,0.927808816,179
*CC(*)c1ccc(COCC(CC)CCCC)cc1,0.9234773995,180
*CCOC(=O)CCCCSCCCCC(=O)O*,1.07074619,181
*CC(*)(C)C(=O)OCCN(CC)c1ccc(/N=N/c2ccc([N+](=O)[O-])cc2)cc1,1.122445545,182
*CC(*)(Cl)C(=O)OC(C)C,1.054014289,183
*CCCCCCCCCCCCC(c1ccc(O)cc1)C(*)c1ccc(O)cc1C,0.937930772,184
*CCCCCCCCCCSSCCCCCCSS*,1.014541659,185
*CC(*)(C)C(=O)OCC(CC)CCCC,0.866688073,186
*CC(*)(C)C(=O)OCCCCn1c2ccccc2c2ccccc21,1.063120281,187
*CC(*)(C)C(N)=O,1.041991601,188
*c1ccc2c(c1)C(CCCCCC)(CCCCCC)c1cc(-c3cc(OCc4ccccc4)c(*)cc3OCc3ccccc3)ccc1-2,0.926806566,189
*CCCCCCCCCCCC(c1ccc(O)cc1)C(*)c1ccc(O)cc1C,0.934436591,190
*CC(*)(C)C(=O)NC(=O)OC(C)COc1c(Br)cc(S(=O)(=O)c2cc(Br)c(OCC(C)O)c(Br)c2)cc1Br,1.587307778,191
*CCCCCCCCCCNC(=O)CCCCCCCCCCCCC(=O)N*,0.911164148,192
*CCN*,0.992409385,193
*CCCCCCS(=O)(=O)CCCCCS(*)(=O)=O,1.153509737,194
*CCc1ccc(*)o1,1.10299243,195
*Sc1ccc(*)cc1,1.2460635695,196
*CC(*)n1cc2ccccc2n1,1.124957708,197
*CC(*)c1ccc(F)cc1C,0.994546299,198
*CCCOC(=O)CCCCCCCCCCCCCCCCC(=O)O*,0.922711633,199
*CC(*)C(=O)OCCC#N,1.065811773,200
*CCCCCCCCCCOC(=O)CCCCCCCC(=O)O*,0.932306919,201
*CC(*)(C)C(=O)OCCCCCCCCCCCCCC,0.862307366,202
*c1sc(*)c(OCCCCCCCCCCCCCC)c1C,0.944296325,203
*CCCCCCCCCCOC(=O)CCCCCNC(=O)CCCCC(=O)NCCCCCC(=O)O*,0.988248519,204
*CCCC(*)(C)C,0.780478615,205
*CCCCCCCCCCCCCCCC[N+](C)(C)CCCCCC[N+](*)(C)C,0.872184477,206
*/C=C(/*)C#CCCCCCCCCCCCCCCCCCCCCC(=O)O,0.885736749,207
*CC/C(C)=C(/*)C,0.817744643,208
*c1ccc2c(c1)C(=O)N(c1cc(OCCN(CC)c3ccc(/N=N/c4ccc([N+](=O)[O-])cc4)cc3)cc(N3C(=O)c4ccc(C(*)(C(F)(F)F)C(F)(F)F)cc4C3=O)c1)C2=O,1.205461036,209
*ON(C(F)(F)F)C(F)(F)C(*)(F)F,1.732295687,210
*Oc1ccc(S(=O)(=O)c2ccc(Oc3ccc(-c4ccc(*)cc4)cc3)cc2)cc1,1.2149326835,211
*CCCCCCCCNC(=O)CCCCCCCCC(=O)NCCCCCCCCNC(=O)C(=O)N*,0.973462542,212
*/C=C/C(C)C(*)C,0.801255092,213
*c1sc(*)c(OCCCCCCCCCCCC)c1C,0.949355697,214
*CC(*)(C)C(=O)OC(C(F)(F)F)C(F)(F)F,1.277149707,215
*CC(*)C(=O)OC(C)CCCCCC,0.877762738,216
*OC(=O)CCCCCC(*)=O,1.084856799,217
*c1ccc(NC(=O)Nc2ccc(NC(=O)Nc3ccc(-c4nc(-c5ccc([N+](=O)[O-])cc5)[nH]c4*)cc3)cc2)cc1,1.201196246,218
*CC(*)C(=O)OCC(C)(C)C,0.901190148,219
*CCCCCCCCCCCNC(=O)CCCCCCCCCCCCCCCCCCC(=O)N*,0.887262341,220
*CCCCCNC(=O)CCCCCCOCCCCCCC(=O)NCCCCCO*,0.955888415,221
*c1ccc(-c2ccc3c(c2)C(CCCCCCBr)(CCCCCCBr)c2cc(*)ccc2-3)cc1,1.064142833,222
*CCc1ccc(CCNC(=O)CCCCCCCCCCCCCCCC(=O)N*)cc1,0.963570323,223
*CCCCCCCCCCC(=O)NCCCCCC(=O)N*,0.953522466,224
*CCCCCCCCCCCCCCCCCCCCOC(=O)CC(=O)O*,0.918493366,225
*C1CCC(*)C1,0.9161725175,226
*CC(*)(C)C(=O)OCC(C)(C)C1OCC(C)(C)CO1,0.904274504,227
*CC(*)c1cccs1,1.141647613,228
*CC(*)(C)C(=O)Oc1ccccc1,1.0746100895000001,229
*CCCCCCCCC(=O)NCCCCCCNC(=O)CCCCCCCCO*,0.930685649,230
*CC(*)(C)C(=O)OCC1CCCO1,1.030703138,231
*CC(*)C(=O)Oc1ccc(Cl)cc1Cl,1.3463097419999999,232
*CC(*)O[N+](=O)[O-],1.305301671,233
*/C=C/c1ccc(*)c(-c2c(OCC(CC)CCCC)ccc3cc(-c4ccccc4)ccc23)c1,0.984517634,234
*CCCCCNC(=O)CCCCCCCCCCCCCCCCC(=O)N*,0.92091158,235
*CCCCCCCCC(=O)NCCCCCOCCCCCNC(=O)CCCCO*,0.959755769,236
*Oc1ccc(OC(=O)CCCCCCCCC(*)=O)cc1,1.048950682,237
*CC(*)c1cccc(N(c2ccc(C)cc2)c2ccc(C)cc2)c1,0.975794098,238
*CCCCCCCCCCC(=O)NCCCCCOCCCCCNC(=O)CCCO*,0.949699751,239
*CCCCCCCCCCC(c1ccc(O)cc1)C(*)c1ccc(O)cc1C,0.949326163,240
*CC(*)C(=O)OCC(C)CC,0.919640881,241
*CC(*)(C)C(=O)Oc1ccccc1C,1.024902598,242
*CCCCCCNC(=O)C(CCCCCCCCCCCCCCCCC)C(=O)N*,0.889924513,243
*CC(*)C(=O)Oc1cccc(C)c1,1.071947231,244
*/C=C/CCCCCCC(Cl)CCCCCC*,0.903154394,245
*CCCCCCCCCCCCCCCCCCCCC(*)COCCOCCOCCOCCOCCCCCC,0.886368922,246
*CC(*)(C)C(=O)OC(F)(C(F)(F)F)C(F)(F)F,1.327370903,247
*CCCCCCCCCCCCCCNC(=O)NCCCCCCNC(=O)N*,0.953783995,248
*CCCCCCCCCCCCCCCCCCCCOC(=O)CCCCCC(=O)O*,0.89731003,249
*C1CC2CC1C(*)C2CCCCCC,0.82757252,250
*C1C(=O)N(c2ccccc2)C(=O)C1*,1.03911953,251
*CC(*)c1ccc(C(C)=O)cc1,1.035660151,252
*CCCCCCCCNC(=O)CCCCCCCCCCCCCCC(=O)N*,0.905325915,253
*CCCCCCCCCCCCCCC(=O)O*,0.893283062,254
*CC(*)(C)C(C)=O,0.887508896,255
*CC(*)(Cl)C(=O)OC1CCCCC1,1.054643244,256
*CCc1ccc(CCNC(=O)CCCCCCCCCCCCCCCCCCCCC(=O)N*)cc1,0.936212185,257
*Oc1ccc(Oc2ccc(Oc3ccc(S(=O)(=O)c4ccc(*)cc4)cc3)cc2)cc1,1.2244747955,258
*CC(*)(C)C(=O)OCC1(C)COCOC1,1.010012446,259
*CCCCCCCCCCCCCCCCCCCCOC(=O)CCCCSCCCCC(=O)O*,0.926144559,260
*/C=C/*,0.775000418,261
*CC/C=C(/*)C(C)(C)C,0.831876241,262
*CC(*)C(=O)OC(CC)CC,0.9502298870000001,263
*c1cc(*)c(O)c(/C=N/c2ccc(Cl)cc2)c1,1.17680677,264
*CC(*)c1ccc(CCC)cc1,0.892912233,265
*CCOCCOC(=O)CCCCCCCCCCCCCCCCC(=O)O*,0.948193246,266
*C1C(=O)N(c2ccc(C)cc2)C(=O)C1*,0.95394828,267
*CC(*)(C)C(=O)OCCC#N,1.036075809,268
*CC(*)OCC,0.9355371415,269
*CC(*)C(=O)OCCCCCCOc1ccc(C(=O)Oc2ccc(C#N)cc2)cc1,1.095853414,270
*/C=C/C(C)(C)C(*)(C)C,0.820729949,271
*CC(CCCCCCCCCCCCCCCC)C1C(=O)N(CCCCCCCCCCCC)C(=O)C1*,0.867649177,272
*CC(*)C=C(C)C,0.779950443,273
*CC(*)C(=O)Oc1c(Cl)c(Cl)c(Cl)c(Cl)c1Cl,1.469086914,274
*CC(*)(C)C(=O)OCCF,1.091984203,275
*CC(*)C(=O)N(CCCC)CCCC,0.875138172,276
*/C=C/c1cc(OCC2CC3CC2C2CCCC32)c(*)cc1OCC1CC2CC1C1CCCC21,1.004037835,277
*CCOC(=O)N(Cc1ccccc1)c1ccc(C)c(N(Cc2ccccc2)C(=O)O*)c1,1.109114286,278
*Oc1ccc2c(c1)C1(CC2(C)C)CC(C)(C)c2ccc(OC(=O)c3cccc(C(*)=O)c3)cc21,1.064229578,279
*CC(*)OC,0.965989074,280
*CO*,1.241962384,281
*CC(*)C=O,1.074977648,282
*CC(*)(C)C(=O)OCC1(C)COC(C)(C)OC1,0.956557271,283
*c1ccc(N2C(=O)c3ccc(C(=O)c4ccc5c(c4)C(=O)N(c4ccc(-c6nc7cc(-c8ccc9nc(-c%10ccccc%10)c(*)nc9c8)ccc7nc6-c6ccccc6)cc4)C5=O)cc3C2=O)cc1,1.081627625,284
*CC(*)c1ccccn1,0.996326132,285
*CC(*)C(=O)OCCCSCCC#N,1.082808936,286
*Oc1ccc2c(c1)C1(CC2(C)C)CC(C)(C)c2ccc(OC(*)=O)cc21,1.0299990970000001,287
*CC(*)C(=O)OC(CCC(CC)CCCC)CC(C)C,0.858171779,288
*c1cccc(N2C(=O)c3ccc(Oc4ccc5c(c4)C4(CC(C)(C)c6ccc(Oc7ccc8c(c7)C(=O)N(*)C8=O)cc64)CC5(C)C)cc3C2=O)c1,1.1246185565,289
*c1ccc(-c2ccc(C(*)(C)C(F)(F)F)cc2)cc1,1.086916359,290
*CC(*)C(=O)OCCSCC#N,1.158953952,291
*CC(*)(C)C(=O)OC12CC3CC(C)(CC(C)(C3)C1)C2,0.88188115,292
*Oc1ccc(S(=O)(=O)c2ccc(Oc3ccc(Cc4ccc(*)cc4)cc3)cc2)cc1,1.1983636185000002,293
*Oc1ccc(S(=O)(=O)c2ccc(Oc3ccc(C(C)(C)c4ccc(*)cc4)cc3)cc2)cc1,1.152628927,294
*CCCCCCNC(=O)N*,1.0268175695,295
*CCCCCCCCCCC(=O)NCc1ccc(CNC(=O)CCCCCCCCCCS*)cc1,0.976393146,296
*c1ccc(-c2ccc(C(*)(c3ccc(F)cc3)C(F)(F)F)cc2)cc1,1.113444185,297
*CCCCCCCCCCCSCCCCCCS*,0.923953778,298
*CC(*)C(=O)OCCCSC,1.075871128,299
*CC(*)(C)C(=O)OC1CC2CCC1(C)C2(C)C,0.87251011,300
*CCc1ccc(CCNC(=O)CCCCCCCCCCCCCCCCC(=O)N*)cc1,0.942820572,301
*CCC1CC(*)C2C3CCC(C3)C12,0.933540935,302
*Oc1ccc2c(c1)C1(CC2(C)C)CC(C)(C)c2ccc(OC(=O)c3ccc(C(*)=O)cc3)cc21,1.049779019,303
*CC(*)(C)C(=O)OCCCCCCCCCC,0.880799375,304
*CC(*)(C)C(=O)OC12CC3CC(CC(C3)C1)C2,0.905497494,305
*c1ccc(Oc2cccc(Oc3ccc(N4C(=O)c5cccc(Oc6cccc(Oc7cccc8c7C(=O)N(*)C8=O)c6)c5C4=O)cc3)c2)cc1,1.216100189,306
*Oc1cccc(OC(=O)c2ccc(C(C)(C)c3ccc(C(*)=O)cc3)cc2)c1,1.102151001,307
*c1ccc(-c2cc(-c3ccc(OCCCCCC)cc3)cc(-c3ccc(-c4ccc5c(c4)C(CCCCCC)(CCCCCC)c4cc(*)ccc4-5)cc3)c2-c2ccc(OCCCCCC)cc2)cc1,0.887994076,308
*CC(*)C(=O)Oc1ccccc1C(C)(C)C,0.949266643,309
*CC(*)C(=O)Oc1ccc(C(=O)OCCCC)cc1,1.099742175,310
*CC(*)C(=O)OC(F)(C(F)(F)F)C(F)(F)F,1.502297049,311
*CC(*)c1ccccc1COCCCCC,0.9567414435,312
*c1cc(*)c(O)c(/C=N/c2ccc(N3CCOCC3)cc2)c1,1.120600809,313
*OS(=O)(=O)c1ccc(-c2ccc(S(=O)(=O)Oc3ccc(-c4ccc(*)cc4)cc3)cc2)cc1,1.24578392,314
*Oc1ccc(S(=O)(=O)c2ccc(Oc3ccc(C(C)(C)c4ccc(*)c(C)c4)cc3C)cc2)cc1,1.095765995,315
*CCS*,1.1804651119999998,316
*CCCCCCCCCCCCOC(=O)CCCCCNC(=O)CCCCC(=O)NCCCCCC(=O)O*,0.968420729,317
*CCCCCCCCCCCCCCCCCCCCOC(=O)CCC(C)CC(=O)O*,0.897262686,318
*CC(*)c1ccc(CCCCCCCCCCCCCCCCCC)cc1,0.861548225,319
*CCCCNC(=O)CCCCCCC(=O)N*,1.020616825,320
*CCCNS(*)(=O)=O,1.368480015,321
*CC(*)(CC(=O)OCc1ccccc1)C(=O)OCc1ccccc1,1.1325241844999998,322
*c1ccc2c(c1)C(CCCCCC)(CCCCCC)c1cc(-c3cc(OCCCCCCCC)c(*)cc3OCCCCCCCC)ccc1-2,0.863900052,323
*CCCCCCNC(=O)CCCCCCCCCCCCCCC(=O)N*,0.913177976,324
*CCCCCCCCCCCCCCCCCCCCc1nnc(*)o1,0.88997462,325
*C([2H])([2H])C(*)([2H])c1c([2H])c([2H])c([2H])c([2H])c1[2H],0.93861698,326
*CCCCCCCCCCC(=O)NCCCCCCNC(=O)CCCO*,0.954616145,327
*CC(*)(C)C(=O)OC1CC(C)CC(C)(C)C1,0.860209573,328
*C1CC2C3CCC(C3)C2C1*,0.88601111,329
*CC(*)c1ccc(Cl)cc1Cl,1.236058879,330
*CC(*)CCCCCCCCC,0.812223068,331
*CCCCCCCCCCNC(=O)CCCCCCC(=O)N*,0.946533099,332
*CC(*)(C)C(=O)Oc1ccc(C(C)(C)C)cc1,0.896405025,333
*CCCCNC(=O)CCCCC(=O)N*,1.0620054025,334
*CC(*)(C(=O)OC)c1ccccc1,0.964628447,335
*CC(*)C1CC1,0.8791751919999999,336
*CC(*)c1ccc(C)cc1,0.869468057,337
*CC(*)C(=O)Oc1cccc(N(C)C)c1,1.123308746,338
*C*,0.811251102,339
*CCCCCCCCC(=O)NCCCCCCNC(=O)CCCO*,0.961251471,340
*CCCCCNC(=O)O*,1.08661077,341
*CC(*)C(=O)OCCC(C)OC,1.002966511,342
*CC(*)(CC)C(=O)OCC,0.864397975,343
*CC(*)CC(C)(C)C,0.748691234,344
*CC(*)C(=O)NC(C)(C)C,0.889061076,345
*CCCCOC(=O)CCCCCCCCCCCCCCCCCCCCCCCCCCCCCCCCCCC(=O)O*,0.868453809,346
*CCCCCCCCCCOC(=O)CCCCCCCCCCCCCCCCC(=O)O*,0.8954389,347
*CCCCCCCCCCCCCCCCCCCCOC(=O)C(=O)O*,0.917519076,348
*CC(*)(Cl)C(=O)OC(C)CC,1.057163419,349
*CC(*)C(=O)Oc1ccccc1Cl,1.226889668,350
*CCCCCCCCCCCCCCCCCCNC(=O)CCc1ccc(CCC(=O)N*)cc1,0.937104778,351
*CCCCCCCCCCCCCCNC(=O)CCCCCCCCCCCCCCCCC(=O)N*,0.886924555,352
*CC(*)C(=O)OCCCCCCCCC,0.892016503,353
*Oc1ccc(S(=O)(=O)c2ccc(Oc3ccc(C4(c5ccc(*)cc5)c5ccccc5-c5ccccc54)cc3)cc2)cc1,1.096450635,354
*/C=C/c1cc(CCCCCCCCCCC)c(/C=C/c2ccc(*)cc2)cc1CCCCCCCCCCC,0.89127614,355
*c1cc(O)c(O)cc1*,0.986360805,356
*c1ccc(-c2nc3ccc(Oc4ccc5nc(*)c(-c6ccccc6)c(-c6ccccc6)c5c4)cc3c(-c3ccccc3)c2-c2ccccc2)cc1,0.956272559,357
*CC(O*)c1ccccc1,1.068349202,358
*CC(*)C(=O)NCCCCCCCCCCCCCCCC,0.864456022,359
*Nc1ccc(*)cc1OCCCCCCCCCCCCCCCC,0.899934311,360
*CCCCCCCCCNC(=O)CCCCCCCCCC(=O)N*,0.933531017,361
*CC(*)C(=O)Oc1ccc(-c2ccccc2)cc1,1.091305455,362
*CC(*)c1cc(-c2ccc(C(=O)OC(C)CCCCCC)cc2)ccc1-c1ccc(C(=O)OC(C)CCCCCC)cc1,0.947782381,363
*CC(*)c1cc(Br)ccc1OCCCC,1.2364934745,364
*/C=C/c1cc(CCCCCCCCCCCC)c(/C=C/c2ccc(*)cc2)cc1CCCCCCCCCCCC,0.863597922,365
*CC(*)(C)C#N,0.912756425,366
*CC(*)(C)C(=O)OC,0.906319536,367
*CC(*)c1ccc(CCCCCCCC)cc1,0.886145371,368
*CCCCCCCCCCCCCCCCCCCCOC(=O)CCCCCCC(=O)O*,0.892806607,369
*CC(*)OC(=O)C1(F)C(F)(F)C(F)(F)C(F)(F)C(F)(F)C1(F)F,0.81190569,370
*CCCCCCCCCCCCNC(=O)CCCCC(=O)N*,0.944709172,371
*C1C2CCC(C2)C1*,0.859348965,372
*CC(*)C(=O)OCCCCCCCCCCCCCC,0.8863119535,373
*CC(*)C(=O)OCC(C)CCC,0.903896392,374
*CC(*)(C)C(=O)OCCC(C)(C)C,0.860835583,375
*CC(*)C(=O)NCCCCCC(=O)O,1.07691203,376
*CC(*)C(=O)OCCCCCCCCCCCCCCCCCCCCCC,0.865823777,377
*CC(*)(C)C(=O)OCCCCCCCCCCCC,0.8933120775000001,378
*Oc1ccc(C(C)(C)c2ccc(Oc3ccc(C(=O)Nc4ccc(-c5ccc(NC(=O)c6ccc(*)cc6)cc5C(F)(F)F)c(C(F)(F)F)c4)cc3)cc2)cc1,1.198766828,379
*CC(*)c1cccc(NC(C)=O)c1,1.037473199,380
*CC(*)c1ccc(-c2ccc3c(c2)C(CCCCCC)(CCCCCC)c2cc(-c4ccc5c(c4)C(CCCCCC)(CCCCCC)c4ccccc4-5)ccc2-3)cc1,0.887288053,381
*c1cc(/C=N/c2ccc(C)cc2)c(*)c(OC)c1,0.9332806,382
*CCCC1CC(=O)N(*)C(=O)C1,1.09306772,383
*CCC(C(=O)OCC)C(*)C(=O)OCC,0.983422084,384
*CC(*)c1ccc(CCCCCCCCCCCC)cc1,0.8739857285,385
*CC(*)(C)C(=O)OC(C)C(C)(C)C,0.844615787,386
*CC(*)C(=O)OCCCC,0.9770778105,387
*CCCCCCCCCCOC(=O)CCCCCCCCC(=O)O*,0.930218098,388
*CCCCCCCCCCNC(=O)CCCCCCCCCCCCCCCCCCCCC(=O)N*,0.884434958,389
*CCCCCCCCCCCCO*,0.85333452,390
*CCCCCCNC(=O)CCCCCCCCCCCCC(=O)N*,0.933728856,391
*Oc1c(C)cc(*)cc1C,0.945927386,392
*CC(*)(C)C(=O)OCCNC(C)(C)C,0.899956342,393
*CC(*)(C)C(=O)OC(F)(F)C(F)(F)C(F)(F)C(F)(F)C(F)(F)C(F)(F)C(F)(F)C(F)(F)F,1.517768128,394
*CCCCCCCCCCCCNC(=O)CCCCCCCCCCCCCCCCCCCCC(=O)N*,0.881825572,395
*CC(*)c1cccc(OC(C)=O)c1,1.002961799,396
*Oc1ccc(C(=O)c2ccc(*)cc2)cc1,1.18774731225,397
*c1cc(CCCCCCCCCCCCCCC)c(*)s1,0.902739983,398
*CC(*)C(=O)OCCCSCC,1.049932374,399
*C(F)(F)C(F)(F)C1(F)C(*)(F)OC(F)(F)C1(F)F,1.564699369,400
*CC(*)(C)C(=O)OCc1ccccc1Cl,1.1702870645,401
*CCCCCCCCCCCCCCC(=O)N*,0.89024336,402
*Oc1ccc(S(=O)(=O)c2ccc(Oc3c(C)cc(C(c4cc(C)c(*)c(C)c4)(C(F)(F)F)C(F)(F)F)cc3C)cc2)cc1,1.103576244,403
*CC(*)C(=O)OCCN(CC)c1ccc(/N=N/c2ccc([N+](=O)[O-])cc2)cc1,1.12679408,404
*/C=C/CCCCCCCCCC(Cl)CCCCCCCCC*,0.878956685,405
*CC(*)c1cccc2ccccc12,0.993182994,406
*CC(*)C(=O)NCCCCCCCCCCCCCC,0.86728938,407
*CC(*)C(=O)OC1CCCCC1,0.9962076945,408
*CC(*)c1ccc(C(C)(C)O)cc1,0.934073122,409
*CC(*)C(=O)Oc1ccc(C(C)(C)C)cc1,0.958441992,410
*CCCCCCCCCCCNC(=O)CCCCCCCCC(=O)NCCCCCCCCCCCNC(=O)C(=O)N*,0.945505999,411
*Oc1c(-c2ccccc2)cc(*)cc1-c1ccccc1,1.0557950495,412
*CCCCCCCCCCCCCCCCCCCCOC(=O)COCC(=O)O*,0.930690382,413
*CC(*)C(=O)OCCc1ccccc1,1.087059534,414
*c1cc(CCCCCCCCCCCCCC)c(*)s1,0.91341608,415
*CC(*)c1ccc(F)cc1,0.989259062,416
*CCCOC(=O)C1CCC(C(=O)O*)CC1,1.082251488,417
*C1CC2CC1C(*)C2CCCC,0.793157119,418
*CCCCCCCCCCCCCCCCCCNC(=O)CCCCCCCCCCC(=O)N*,0.890200365,419
*CC(*)c1ccc(OC(C)=O)cc1,1.037413892,420
*CC(*)(C)C(=O)OCCCCCC,0.903441723,421
*C1CCC1*,0.823406686,422
*c1[nH]c(*)c(CC(=O)OCCCCCCCCCCCC)c1CC(=O)OCCCCCCCCCCCC,0.913558675,423
*CCCCCCCNC(=O)CCCCCCCCC(=O)N*,0.943364885,424
*CCCCCCCCCCOCCCCCCCCCCOCCCCO*,0.882717038,425
*CC(*)CCCCCCCCCCC,0.8184240629999999,426
*CC(*)c1ccc(-c2ccc3c(c2)C(CCCCCC)(CCCCCC)c2ccccc2-3)cc1,0.899366976,427
*c1ccc2c(c1)C(CCCCCC)(CCCCCC)c1cc(-c3cc(CCCCCCCC)c(*)cc3CCCCCCCC)ccc1-2,0.85154393,428
*CC(*)C(=O)OCCCCCCCCCCCCCCCC,0.8817140375000001,429
*CC(*)(C)C(=O)OC1CCC(C)CC1,0.895972858,430
*CCCCCCCCCCCCCCCCOC(=O)CCCCCCCCC(=O)O*,0.912106929,431
*Oc1ccc(C(C)(C)c2ccc(OC(=O)c3cccc(C(*)=O)c3)cc2)cc1,1.1265201295,432
*CC(*)c1ccc(C(C)C)cc1C(C)C,0.8554339725,433
*CC(*)(C)c1ccc(C(C)C)cc1,0.808542478,434
*CC(*)C(=O)N1CCOCC1,1.1271761195,435
*CC(*)(C)C(=O)OCC(C)(C)C,0.810146915,436
*CC(*)(Cl)C(=O)OCCC,1.102798912,437
*Oc1ccc(-c2ccc(-c3cc(-c4ccccc4)c(-c4ccc(-c5ccc(OC(=O)c6ccc(C(*)=O)cc6-c6ccccc6)cc5)cc4)c(-c4ccccc4)c3-c3ccccc3)cc2)cc1,0.963593,438
*CCc1ccc(*)s1,1.164977581,439
*CCCCCCCCCCNC(=O)CCCCCCCCC(=O)NCCCCCCCCCCNC(=O)C(=O)N*,0.955200662,440
*C1CC2CC1C(*)C2CCCCCCCCCC,0.855255368,441
*Nc1ccc(*)cc1CCCCCCCCCCCCCCC,0.876967341,442
*CCCCCCCCCCCCCCCCCCCCCCOC(=O)CCC(=O)O*,0.905357803,443
*CCCCCCCCNC(=O)CCCCCCCC(=O)N*,0.959342877,444
*CCCCCCCCNC(=O)CCCCCCCCCCC(=O)N*,0.92885236,445
*CS*,1.3554990249999999,446
*CCNC(=O)CCCCCCCCCCCCCCCCC(=O)N*,0.932585043,447
*CC(*)(C)C(=O)OCCCl,1.111949892,448
*CCCCCCS(*)(=O)=O,1.1476024975,449
*c1cc(CCCCCCCCCCCCCCCCCC)c(*)s1,0.892099579,450
*/C=C/CCCCCCCCCC(CCCCCCCCC*)COCCOCCOCCOCCOCCCCCC,0.891002299,451
*CC(*)c1ccc(CCCCCCCCCC)cc1,0.881961507,452
*CC(CC(*)(C#N)C(=O)OC)c1ccccc1,0.987197772,453
*CCCCCCCCCCCCCCCCCCCCOC(=O)CCCC(=O)O*,0.90650602,454
*CC(*)C(=O)OC(C)CCCCC,0.89263762,455
*/C=C/C(C(=O)OC(C)C)C(*)C(=O)OC(C)C,0.971892426,456
*CC(*)CCCCCCCCCCCC,0.8193057484999999,457
*/C=C/c1cc(OCCCCCC)c(*)cc1OC,0.956645411,458
*CC(*)(C)C(=O)Oc1ccc2ccccc2c1,1.079099726,459
*CCCCCC(*)CCCCCCCCCCCCCC,0.80443165,460
*CC(*)CC(C)C,0.765836941,461
*CCC1CCC(*)C1,0.880692229,462
*CC(*)OC(=O)c1ccccc1,1.1227710615,463
*CC(*)(C)C(=O)Oc1ccc(CC#N)cc1,1.056556928,464
*c1ccc2ccc3c(*)cc(C#CC=C)c4ccc1c2c34,0.757428031,465
*CC(*)C(=O)NCCCCCCCC/C=C/CCCCCCCC,0.860743742,466
*CC(*)C(=O)OCCCCSC,1.049744475,467
*CC(*)c1cc(Br)ccc1OCC,1.223503114,468
*CCCCCCCCCCCCOC(=O)CCCCC(=O)O*,0.946344135,469
*CC1(*)CCCCC1,0.795413005,470
*CCCCCCCCCCNC(=O)CCCCCCCCCCCC(=O)N*,0.912914925,471
*/C=C(/*)CCCCCCCCCCCCCCCCCCCCC(=O)O,0.868463517,472
*OC(*)CCC#N,1.042557473,473
*CCCCCCCNC(=O)CCCCCCCCCCCCCCCCCCC(=O)N*,0.900754814,474
*CC(*)c1ccccc1COCCC(C)C,0.924684677,475
*Oc1ccc(C2(c3ccc(OC(*)=O)cc3)CC3CCC2C3)cc1,1.084486229,476
*CC(*)(CC(=O)OCC)C(=O)OCC,0.965285515,477
*/C=C/CC*,0.8621015082500001,478
*CCCCCCCCCCCCCCOC(=O)CCCCC(=O)O*,0.934642528,479
*CC(*)CCC(C)C,0.772296641,480
*CC(*)C#N,0.979429396,481
*Oc1cccc(NC(=O)CCCCCCCCCCC(=O)Nc2ccc(*)cc2)c1,1.057348058,482
*CC(*)(CC(=O)OCCCc1ccccc1)C(=O)OCCCc1ccccc1,1.0999019265,483
*CC(*)(C)C(=O)Oc1ccc(C)cc1C,0.95674619,484
*CC(*)CC1CCCCC1,0.816505893,485
*CCCCCCCCCCCCCCNC(=O)CCCCCCCCC(=O)N*,0.916585437,486
*CCCCCCCCCCCCOC(=O)CCCCCCC(=O)O*,0.931066388,487
*CC(*)c1ccc(Cl)cc1C,1.0803202195,488
*CC(*)(C)C(=O)OCCS(=O)CC,1.1308113305,489
*CC(*)C(=O)OCCC(C)C,0.928263907,490
*Sc1c(C)cc(*)cc1C,1.048021071,491
*CC(*)C(=O)NC(C)C,0.951472262,492
*Oc1ccc(C(C)(C)c2ccc(OC(=O)c3ccc(C(*)=O)cc3)cc2)cc1,1.129794207,493
*CC(*)OCCCCCCCCCCCCCCCCCC,0.84910597,494
*CC(*)CCCCCCCCCCCCC,0.8182452124999999,495
*CCCCCCCCCCCNC(=O)CCCCC(=O)N*,0.9702956985,496
*=C=C=C(CCCCOC(=O)Nc1ccccc1)C(=*)CCCCOC(=O)Nc1ccccc1,1.089327475,497
*CC(*)c1cc(Cl)ccc1Cl,1.23181854,498
*CC(*)(C#N)C(=O)OC,1.044265535,499
*/C=C/CCC*,0.852680857,500
*CCCCCCCCCCC(Cl)C(*)Cl,1.005372382,501
*CC(*)(CC(=O)OC1CCCCC1)C(=O)OC1CCCCC1,0.972265186,502
*/C=C/c1cc(OCCCCCCCC)c(*)cc1OC,0.939190483,503
*CCc1c(Cl)c(Cl)c(*)c(Cl)c1Cl,1.40293716,504
*CC(*)(C#N)C(=O)OCCCCCC,0.966634258,505
*Oc1ccc(NC(=O)CCCCCCCCCC(=O)Nc2ccc(*)cc2)cc1,1.073694962,506
*CC(*)CCCCCCCC,0.8108708005,507
*CC(*)C(C)C,0.75714125,508
*CC(*)c1ccc(COCCOCCCCCCCC)cc1,0.952419277,509
*OC1CCCCC1*,0.931563064,510
*CC(*)C(=O)Oc1ccc(OC)cc1,1.1449552920000001,511
*CCNC(=O)CCCCCCCCC(=O)N*,1.004989804,512
*C1C=CC(*)C1,0.939550686,513
*CC(*)C(=O)OC(C)CC(C)C,0.905312834,514
*CCCCCCCCCCC(=O)NCCCCCOCCCCCNC(=O)CCCCO*,0.94573393,515
*CC(*)C(=O)OC12CC3CC(C)(CC(C)(C3)C1)C2,0.949969923,516
*CCCCCCCCCCCCCCc1ccc(-c2c(-c3ccccc3)cc(-c3ccc(-c4cc(-c5ccccc5)c(-c5ccc(*)cc5)c(-c5ccccc5)c4-c4ccccc4)cc3)c(-c3ccccc3)c2-c2ccccc2)cc1,0.950245541,517
*CC(*)CCCCCCCCCCCCCC,0.8140114855,518
*CCCCCCCCCCOCCCCCCOCCCCCCO*,0.880404561,519
*C(=O)N(*)CCCCCCCCCCCCCCCCCC,0.861970531,520
*CC(*)(C)C(=O)OC(C)C(F)(F)F,1.11386163,521
*CC/C=C(/*)CCCCCCCCCC,0.81139035,522
*/C=C/c1cc(OCCCCCCCCCCCCCCCC)c(/C=C/c2ccc(*)cc2)cc1OCCCCCCCCCCCCCCCC,0.88205721,523
*/C=C/c1cc(OCCCCCCCCCCCC)c(*)cc1OC,0.902248035,524
*CC(*)(C)C(=O)OCc1ccccc1,1.071855098,525
*CCCCCNC(=O)CCCCCCCCCCCC(=O)N*,0.943380242,526
*CC(*)c1ccc(O)c(OC)c1,1.031531368,527
*CC(*)C(=O)OCCCCCCCCCCCCCCCCCC,0.8781104625,528
*CC(*)OC(=O)CCCCCCCCCCCCCCCCC,0.856119988,529
*c1ccc(-c2ccc(-c3ccc(C(*)(CC)C(F)(F)F)cc3)cc2)cc1,0.989585625,530
*CCCCCCCCCCCCCCNC(=O)CCCCCCCCCCC(=O)N*,0.906553684,531
*/C=C/c1ccc(*)c(-c2cc(OCCC(C)C)c(OCCC(C)C)cc2-c2ccc(OC)cc2)c1,0.925658948,532
*CC(*)(CC(=O)Oc1ccccc1)C(=O)Oc1ccccc1,1.099880838,533
*CC(*)c1ccc(COCCCCCCOc2ccc(-c3ccc(OC)cc3)cc2)cc1,1.0560064455,534
*Oc1ccc(S(=O)(=O)c2ccc(Oc3c(C)cc(C(C)(C)c4cc(C)c(*)c(C)c4)cc3C)cc2)cc1,1.014775026,535
*c1c(-c2ccccc2)c(-c2ccccc2)c(*)c2cc(C3(c4ccc(C#Cc5ccccc5)c(C#Cc5ccccc5)c4)c4ccccc4-c4ccccc43)ccc12,0.900037683,536
*CC(*)C(=O)N(C)c1ccccc1,1.036978669,537
*CC(*)(C)C(=O)OC(F)(C(F)(F)F)C(F)(F)Cl,1.322806827,538
*CC(*)C(=O)N(C)C,0.999160184,539
*CC(*)OC(=O)CCCCCCCCCCCCCCC,0.858717726,540
*CC(*)c1ccc(CCCCCCCCCCCCCC)cc1,0.8678763780000001,541
*CC(*)(C)C(=O)OCCCCCCCC,0.9130674480000001,542
*CC(*)C(=O)OCC,1.001646084,543
*CC(*)C(=O)NCCCC,0.938352718,544
*CCCCCCCCCCCCCCNC(=O)CCCCCCCCCCCCCCCCCCCCC(=O)N*,0.876856201,545
*CC(*)n1c2ccccc2c2ccccc21,1.078962816,546
*CC(*)(C)C(=O)OCCCCC,0.917921435,547
*CC(CCl)(CCl)O*,1.297944961,548
*CC(*)(C)C(=O)OCCCC,0.906003571,549
*CC(*)(CC(=O)Oc1ccccc1C)C(=O)Oc1ccccc1C,1.059872607,550
*CCCCCCCCCNC(=O)CCCCCCCC(=O)N*,0.944002177,551
*CCCCCCCCCCCCCCCCCCCCC(*)Cl,0.869388674,552
*CC(*)(C)C(=O)OC(C)CC,0.898018787,553
*c1cccc(*)c1,0.992499014,554
*CC(*)C(=O)OCCCCCC,0.915149553,555
*CC(*)(C)C(=O)OCCN(C)C,0.981910387,556
*CC(C)(C)O*,0.861163598,557
*CC(*)C(=O)OCCSC,1.110954584,558
*CCCCCCCCNC(=O)CCCCCCCCCCCCCCCCC(=O)N*,0.901851851,559
*c1nc(-c2ccccc2)nc(N(c2ccccc2)c2ncnc(N(*)c3ccccc3)n2)n1,1.133996819,560
*c1cc(CCCCCCCCCCCC)c(*)cc1CCCCCCCCCCCC,0.832338804,561
*CCCCCCCCCCCCCNC(=O)CCCCCCCCCCCC(=O)N*,0.900220523,562
*Oc1ccc(C(C)(C)c2ccc(OC(=O)CN(CC(*)=O)c3ccc(/N=N/c4ccc([N+](=O)[O-])cc4)cc3)cc2)cc1,1.157411669,563
*CC(*)c1cc(C)ccc1C,0.9162446515,564
*CC(*)C(=O)c1ccc(C)cc1,1.040159202,565
*c1cc(CCCCCCCCCCCCCCCC)c(*)[nH]1,0.866052711,566
*CC(*)c1cccc(Cl)c1,1.1174668615,567
*CC(*)C(=O)N(C(C)C)C(C)C,0.844059103,568
*CC(*)CCC(C)CC,0.791153015,569
*CC(*)CNc1ccc([N+](=O)[O-])cn1,1.2513122125,570
*Cc1ccc(CNC(=O)CCCCCCCCCCCCCCCCC(=O)N*)cc1,0.962041851,571
*CCCCCCCCCCNC(=O)CCCCCCCCCCCCCCCCCCC(=O)N*,0.892460081,572
*CCCCCCCCCCCCCCCCCCCCCCOC(=O)CCCCC(=O)O*,0.893790404,573
*CCC([2H])C(*)([2H])C,0.8045306,574
*CC(*)(C#N)C(=O)OCC,1.034280592,575
*CCCCCCNC(=O)C(CCCCCCCCCCCCCCCC)C(=O)N*,0.89124948,576
*CCN(*)C(=O)CCCCCCCCCCCCCCCCC,0.856888696,577
*CC(*)OC(=O)CCCCCCCCCCC,0.9001197505,578
*c1ccc(-c2ccc(C(*)(C)C)cc2)cc1,0.952850626,579
*CC(*)C(=O)NCCCCCCCCCCCCCCCCCC,0.856385762,580
*CCCCCCC(=O)NCCCCCCNC(=O)CCCCCCO*,0.964171286,581
*CC(*)C(=O)NCCCCCCCCCCCC,0.870895681,582
*CC(*)C(C)CC,0.768938442,583
*CCCCCCNC(=O)CCCCCCCCCCCCCCCCC(=O)N*,0.910662796,584
*CC(*)(C)C(=O)OC1CCCCC1C,0.85282857,585
*/C=C/c1cc(OCC(CC)CCCC)c(*)cc1-c1ccc(F)c(C(F)(F)F)c1,1.037733826,586
*CCCCCCCCCCCCCCC(*)Cl,0.886561889,587
*CC(*)C(=O)Oc1ccc(Cl)cc1,1.211730555,588
*CCCCCCCCCCCCCCCCCCNC(=O)CCCCCCCCCCCCCCCCC(=O)N*,0.880970816,589
*CC(*)c1ccccc1C,0.876818696,590
*CCC/C=C(/*)c1ccc(Cl)cc1,1.085646157,591
*CCCCCCCCCCCCCCCCCCOCO*,0.865128678,592
*c1ccc(-c2sc(-c3cc(CCCCCCCCCCCC)c(*)s3)cc2CCCCCCCCCCCC)cc1,0.941065148,593
*CCCCCCCCCCNC(=O)CCCCCCCCC(=O)N*,0.92195685,594
*CCCCNC(=O)CCCCCCCCCCCCCCC(=O)N*,0.924969057,595
*CCCCCCCCCNC(=O)CCCCCCCCC(=O)NCCCCCCCCCNC(=O)C(=O)N*,0.96452094,596
*CCC(*)=O,1.073855453,597
*/C=C/CCCCCCCC*,0.822061556,598
*SC(*)(F)F,1.840998909,599
*CC(*)c1ccc(CCCCCCCCC)cc1,0.886581013,600
*CC(*)c1ccc(S(=O)(=O)O)cc1,1.219503167,601
*CC(*)(CC(=O)OCCC)C(=O)OCCC,0.95089128,602
*c1ccc(C(C)(C)c2ccc(-n3c(=O)c4cc5c(=O)n(*)c(=O)c5cc4c3=O)cc2)cc1,1.146465554,603
*/C=C/c1ccc(*)c(-c2cc(OCC(CC)CCCC)c(-c3ccccc3)cc2OCC(CC)CCCC)c1,0.947690837,604
*c1ccc(C2C(C(=O)OCC)C(*)C2C(=O)OCC)cc1,1.011107838,605
*CC(*)(Cl)C(=O)OCC,1.162819805,606
*CCN(*)C(=O)CCCCCCCCCCCCCCC,0.870810763,607
*CC(*)C1CC=CCC1,0.84208322,608
*CC(*)Cl,1.263489368,609
*CCCCCC(=O)O*,1.0278821985,610
*CCCC(=O)NCc1ccc(CNC(=O)CCCO*)cc1,1.107946409,611
*Oc1ccc(C2(c3ccc(OC(*)=O)cc3)CC(C)CC(C)(C)C2)cc1,0.982602482,612
*CC*,0.837971504,613
*CC(*)CC,0.833803273,614
*CC(*)CCC,0.82434244,615
*CC(*)(C)C,0.87060676,616
*CC(*)(C)CC,0.844525133,617
*CCC(*)(C)C,0.831834985,618
*CC(C)C(*)(C)C,0.836805812,619
*CCCC(*)(C)CC,0.827575347,620
*CC(*)C1CCC1,0.890516521,621
*CC(*)C1CCCC1,0.896070041,622
*CC(*)CC1CCCC1,0.89707436,623
*CC(*)C1CCCCC1,0.852752091,624
*CC(*)Cc1ccccc1,1.008541193,625
*CC(*)CCc1ccccc1,1.000097037,626
*CC(*)C(C)c1ccccc1,0.950614435,627
*CC(*)CCCCCC,0.829569461,628
*CC(*)CCCCCCCCCCCCCCCC,0.833313341,629
*CC(*)C(CC)CC,0.81481654,630
*CC(*)CC(CC)CC,0.829919646,631
*CC(*)CC(C)CC,0.825624108,632
*CC(*)CC(C)(C)CC,0.836728393,633
*CC(*)CCCC(C)(C)C,0.818440434,634
*CC(*)CCC1CCCCC1,0.887375098,635
*CC(*)CCCC1CCCCC1,0.882254928,636
*CC1(*)CCC(C)CC1,0.85730737,637
*CC(*)(C)CCC,0.818195516,638
*/C=C\CC*,0.891055243,639
*C=CCC*,0.884263619,640
*C(C)C(*)C,0.8235685,641
*CCC(C)C(*)C,0.831701925,642
*CCC1CCCC1*,0.906448376,643
*C=CCCCCCCCC*,0.85471523,644
*CC(*)CCCCCCCCCCCCCCCCCCCC,0.834006133,645
*C=CCCCCCC*,0.857672969,646
*CC(*)C(C)(C)C,0.80536494,647
*/C=C\CCCC*,0.868416895,648
*C(CC)C(*)CC,0.823310611,649
*CC(*)C1CCCC(C)C1,0.860408044,650
*CC(*)C1CCC(C)CC1,0.846306645,651
*CCC=C(*)CCCCCCC,0.850100168,652
*CCC=C(*)C(C)C,0.8495405,653
*/C=C\CCC*,0.876838662,654
*CC(*)CCC(C)(C)C,0.816714682,655
*/C=C\*,0.959011341,656
*/C=C\CCCCC*,0.867588794,657
*C=CC1CCC(*)C1,0.952823858,658
*CCC=C(*)CCC,0.866168537,659
*C=CCCCCCCCCCC*,0.852224825,660
*C=CC(C)CCCCC*,0.848448936,661
*CC/C=C(\*)C(C)(C)C,0.865138951,662
*CC(*)c1ccccc1,0.990788525,663
*CC(*)c1ccccc1COC,1.023668496,664
*CC(*)c1ccccc1COCC,1.020552204,665
*CC(*)c1ccccc1COCc1ccccc1,1.087022171,666
*CC(*)c1ccccc1COCCc1ccccc1,1.073511826,667
*CC(*)c1ccccc1C(=O)NC,1.05618534,668
*CC(*)c1ccccc1C(=O)N(C)C,1.019914094,669
*CC(*)c1ccccc1C(=O)Nc1ccccc1,1.113471778,670
*CC(*)c1ccccc1C(=O)O,1.14579736,671
*CC(*)c1ccccc1C(=O)OC,1.093619065,672
*CC(*)c1ccccc1C(=O)OCC,1.070874613,673
*CC(*)c1ccccc1C(=O)OCCC,1.060275726,674
*CC(*)c1ccccc1C(=O)OC(C)C,1.04558941,675
*CC(*)c1ccccc1C(=O)OCCCC,1.040151362,676
*CC(*)c1ccccc1C(=O)OCC(C)C,1.035196742,677
*CC(*)c1ccccc1C(=O)OCCCCC,1.030247482,678
*CC(*)c1ccccc1C(=O)OCCC(C)C,1.035083827,679
*CC(*)c1ccccc1C(=O)OCCCCCC,1.011034746,680
*CC(*)c1ccccc1C(=O)Oc1ccccc1,1.133417531,681
*CC(*)c1ccccc1C(=O)OCCN(C)C,1.081969242,682
*CC(*)c1ccccc1OC,1.022974296,683
*CC(*)c1ccccc1Cl,1.153238245,684
*CC(*)c1ccccc1F,1.105762216,685
*CC(*)c1cccc(C)c1,0.969357307,686
*CC(*)c1cccc(CC)c1,0.951189371,687
*CC(*)c1cccc(-c2ccc(-c3ccccc3)cc2)c1,1.059615223,688
*CC(*)c1cccc(F)c1,1.097086163,689
*CC(*)c1ccc(CC)cc1,0.946653191,690
*CC(*)c1ccc(C(C)C)cc1,0.923190056,691
*CC(*)c1ccc(CCCC)cc1,0.931491324,692
*CC(*)c1ccc(C(C)(C)C)cc1,0.89655902,693
*CC(*)c1ccc(C(C)CC)cc1,0.914850756,694
*CC(*)c1ccc(CCCCCC)cc1,0.918524608,695
*CC(*)c1ccc(-c2ccccc2)cc1,1.030455771,696
*CC(*)c1ccc(COCCOCC)cc1,1.048857628,697
*CC(*)c1ccc(C#N)cc1,1.017159224,698
*CC(*)c1ccc(Br)cc1,1.461570466,699
*CC(*)c1ccc(C(F)(F)C(F)(F)C(F)(F)C(F)(F)C(F)(F)C(F)(F)C(F)(F)F)cc1,1.594542527,700
*CC(*)c1ccc(C(C)=NO)cc1,1.056409606,701
*CC(*)c1ccc(C(C)(O)CC)cc1,0.984772104,702
*CC(*)c1ccc(C(C)(O)CCC)cc1,0.961746913,703
*CC(*)c1ccc(C(C)(O)CCCC)cc1,0.964527544,704
*CC(*)c1ccc(C(C)(O)CCCCC)cc1,0.955479058,705
*CC(*)c1ccc(C(O)CCN(C)C)cc1,1.029659127,706
*CC(*)c1ccc(C(O)CCN2CCCCC2)cc1,1.022718168,707
*CC(*)c1ccc(C(O)CCN2CCOCC2)cc1,1.085230389,708
*CC(*)c1ccc(COC)cc1,1.03750338,709
*CC(*)c1ccc(COCCO)cc1,1.099535621,710
*CC(*)c1ccc(COCCC)cc1,1.005095307,711
*CC(*)c1ccc(COCCCC)cc1,0.992325334,712
*CC(*)c1ccc(COCCCCO)cc1,1.064499301,713
*CC(*)c1ccc(COC(C)CC)cc1,0.973651082,714
*CC(*)c1ccc(COCCCCCC)cc1,0.964533398,715
*CC(*)c1ccc(COCCOCCCC)cc1,1.013534512,716
*CC(*)c1ccc(C(=O)N(C)C)cc1,1.05442617,717
*CC(*)c1ccc(C(=O)N(CC)CC)cc1,1.0040739,718
*CC(*)c1ccc(C(=O)N2CCCCC2)cc1,1.036942875,719
*CC(*)c1ccc(C(=O)CCN2CCCCC2)cc1,1.040490676,720
*CC(*)c1ccc(C(=O)N2CCOCC2)cc1,1.103347893,721
*CC(*)c1ccc(C(=O)OCC)cc1,1.05070326,722
*CC(*)c1ccc(C(=O)OCCC)cc1,1.047044212,723
*CC(*)c1ccc(C(=O)OC(C)C)cc1,1.02693306,724
*CC(*)c1ccc(C(=O)OCCCC)cc1,1.030347418,725
*CC(*)c1ccc(C(=O)OCC(C)C)cc1,1.017692103,726
*CC(*)c1ccc(C(=O)OCCCCCC)cc1,1.003719963,727
*CC(*)c1ccc(C(=O)CC)cc1,1.033214439,728
*CC(*)c1ccc(C(=O)CCC)cc1,1.016565854,729
*CC(*)c1ccc(C(=O)CCCC)cc1,1.003231285,730
*CC(*)c1ccc(C(=O)CCCCC)cc1,0.988783183,731
*CC(*)c1ccc(C(=O)CCCCCCC)cc1,0.970813314,732
*CC(*)c1ccc(C(=O)Cc2ccccc2)cc1,1.103006997,733
*CC(*)c1ccc(C(=O)c2ccccc2)cc1,1.09827774,734
*CC(*)c1ccc(C(=O)c2ccc(C)cc2)cc1,1.067378891,735
*CC(*)c1ccc(I)cc1,1.7178258,736
*CC(*)c1ccc(N(C)C)cc1,1.01782468,737
*CC(*)c1ccc(OC)cc1,1.042086594,738
*CC(*)c1ccc(OCC)cc1,1.016879034,739
*CC(*)c1ccc(OCCC)cc1,0.991729585,740
*CC(*)c1ccc(OCCCC)cc1,0.984185099,741
*CC(*)c1ccc(OCCC(C)C)cc1,0.976437278,742
*CC(*)c1ccc(Oc2ccccc2)cc1,1.10105886,743
*CC(*)c1ccc(-c2ccc(-c3ccccc3)cc2)cc1,1.054606035,744
*CC(*)c1ccc(S(=O)(=O)OCCC)cc1,1.166750668,745
*CC(*)c1c(Cl)cccc1Cl,1.262465174,746
*CC(*)c1cc(Br)ccc1OC,1.378340664,747
*CC(*)c1cc(Br)ccc1OCCC,1.280338839,748
*CC(*)c1cc(Br)ccc1OC(C)C,1.258870669,749
*CC(*)c1cc(Br)ccc1OCCCCC,1.225241179,750
*CC(*)c1cc(Br)ccc1OCCC(C)C,1.226506408,751
*CC(*)c1cc(C)cc(C)c1,0.939037292,752
*CC(*)c1ccc(C)c(C)c1,0.935056733,753
*CC(*)c1ccc(Cl)c(C)c1,1.086153317,754
*CC(*)c1ccc(Cl)c(Cl)c1,1.257069501,755
*CC(*)c1ccc(Cl)c(F)c1,1.218843924,756
*CC(*)c1c(C)cc(C)cc1C,0.93086765,757
*CC(*)c1cc(C)c(C)cc1C,0.929446641,758
*CC(*)c1c(F)c(F)c(F)c(F)c1F,1.449526713,759
*C(F)(F)C(*)(F)c1ccccc1,1.27745434,760
*C(F)(F)C(*)(F)c1c(F)c(F)c(F)c(F)c1F,1.609094369,761
*CC(*)c1ccc(C(=O)CCN2CCOCC2)cc1,1.102048959,762
*CC(*)(C)c1ccc(C)cc1,0.92469499,763
*C(c1ccccc1)C(*)[N+](=O)[O-],1.094086295,764
*CC(*)c1ccc(C(=O)C(F)(F)F)cc1,1.2814039,765
*CC(*)c1ccc(C(=O)c2ccc(OC)cc2)cc1,1.111089836,766
*CC(*)c1ccc2ccccc2c1,1.048762388,767
*CC(*)c1ccncc1,1.064890411,768
*CC(*)c1cccc(C)n1,1.014862727,769
*CC(*)c1ccc(C)nc1,1.004278135,770
*CC(*)N1Cc2ccccc2N1,1.114969607,771
*CC(c1ccccn1)C(c1ccccc1)C(*)c1ccccn1,1.02787783,772
*CC(*)c1ccc(C(F)(F)C(F)(F)C(F)(F)C(F)(F)C(F)(F)C(F)F)cc1,1.523217009,773
*CC(*)OC(C)=O,1.1098647,774
*CC(*)CCCCCCCCCO,0.905412097,775
*CC(*)CCN(C(C)C)C(C)C,0.876082092,776
*CC(*)CCCN(C(C)C)C(C)C,0.873653205,777
*C=CC(C)C(*)C(=O)OC,1.029013519,778
*C#C/C(COS(=O)(=O)c1ccc(C)cc1)=C(/*)COS(=O)(=O)c1ccc(C)cc1,1.251976494,779
*CC(*)OC=O,1.251158166,780
*CC(*)OCc1ccccc1,1.091059368,781
*CC(*)OC(C)(C)C,0.899334655,782
*C(C)C(*)OCC(C)C,0.889659735,783
*CC(*)(C)OC,0.955616256,784
*CC(*)OCC(C)(C)C,0.874620945,785
*CC(*)OC(C)CC,0.905143445,786
*CC(*)OC(=O)C(F)(F)F,1.49183688,787
*/C=C/C(C*)OC,1.003981727,788
*C=CCC(C)(CC*)C(=O)OC,0.992758106,789
*CC(*)CCc1ccccc1C,0.978579324,790
*CC(*)CCc1ccc(C)cc1,0.970092286,791
*CC(*)OCCCCCCCCCCCC,0.87615794,792
*C(C)C(*)OCCCC,0.905549579,793
*C(C)C(*)OC(C)(C)C,0.874167946,794
*C(C)C(*)OCC,0.920915603,795
*C(C)C(*)OC(C)C,0.882335598,796
*C(C)C(*)OC,0.947492501,797
*C(C)C(*)OCCC,0.906495665,798
*CC(*)Cc1cc(C)ccc1C,0.944052893,799
*CC(*)Cc1ccc(C)c(C)c1,0.95241273,800
*CC(*)Cc1cc(C)cc(C)c1,0.95500293,801
*CC(*)Cc1cccc(C)c1,0.976778762,802
*CC(*)Cc1ccccc1C,0.972209312,803
*CC(*)Cc1ccc(C)cc1,0.968403914,804
*C(C)C(*)O,1.029484838,805
*CC(*)OC(=O)c1ccc(C(C)(C)C)cc1,1.021531892,806
*CC(*)C(=O)C(C)(C)C,0.91707896,807
*CC(*)C(=O)c1ccccc1O,1.187225592,808
*C=CC(C*)OC,1.002721432,809
*CCC=C(*)c1ccccc1,1.017027333,810
*C(O)C(*)O,1.396107757,811
*CC(*)OCC(CC)CCCC,0.883883354,812
*CC(*)SCCCC,0.975699357,813
*CC(*)OC1CCCCC1,0.948633594,814
*CC(*)SCC,1.030279109,815
*C(F)(F)C(*)(F)OC(F)(F)C(F)(F)C(F)(F)C(F)(F)F,1.779887798,816
*C(F)(F)C(*)(F)OC(F)(F)C(F)(F)F,1.710360798,817
*C(F)(F)C(*)(OC(F)(F)F)OC(F)(F)F,1.687186152,818
*C(OC(F)(F)F)C(*)(F)F,1.726335987,819
*C(F)C(*)(F)OC(F)(F)F,1.750235753,820
*C(F)(F)C(*)(F)OC(F)(F)F,1.816452345,821
*CC(*)OCC(C)(C)CC,0.882730644,822
*CC(*)SC,1.078850613,823
*CC(*)OCCC,0.936310658,824
*CC(*)(F)C(C)=O,1.193983784,825
*CC(*)C(=O)c1ccccc1,1.110644943,826
*CC(*)C(=O)c1ccc(Br)c(OC)c1,1.468622958,827
*CC(*)C(=O)c1ccc(Cl)cc1,1.226369324,828
*CC(*)C(=O)c1ccc(CC)cc1,1.047672656,829
*CC(*)C(=O)c1ccc(C(C)C)cc1,1.019792447,830
*CC(*)C(=O)c1ccc(OC)cc1,1.136336939,831
*CC(*)C(=O)c1ccc(C)c(C)c1,1.036462114,832
*CC(*)C(=O)c1ccc(CCC)cc1,1.024315343,833
*CC(*)OC(=O)c1ccccc1OC(C)=O,1.204681933,834
*CC(*)OC(=O)c1ccc(OC(C)=O)cc1,1.202322505,835
*CC(*)OC(=O)CCCC(=O)c1ccccc1,1.150898047,836
*CC(*)OC(=O)c1cccc(Br)c1,1.54660293,837
*CC(*)OC(=O)c1ccc(Br)cc1,1.536350906,838
*CC(*)OC(=O)c1ccccc1Cl,1.293059527,839
*CC(*)OC(=O)c1cccc(Cl)c1,1.263058501,840
*CC(*)OC(=O)c1ccc(Cl)cc1,1.266340181,841
*CC(*)OC(=O)C1CCCCC1,1.019054854,842
*CC(*)OC(=O)CC1CCCCC1,1.017496565,843
*CC(*)OC(=O)CCCC1CCCCC1,0.995240688,844
*CC(*)OC(=O)c1ccc(OCC)cc1,1.124221099,845
*CC(*)OC(=O)c1ccc(CC)cc1,1.071863376,846
*CC(*)OC(=O)C(F)(F)C(F)(F)C(F)(F)F,1.641934973,847
*CC(*)NC(=O)OC(C)(C)C,1.015667029,848
*CC(*)OC(=O)C(F)(F)C(F)(F)C(F)(F)C(F)(F)C(F)(F)C(F)(F)C(F)(F)C(F)(F)C(F)(F)F,1.802612793,849
*CC(*)OC(=O)C(F)(F)C(F)(F)C(F)(F)C(F)(F)C(F)(F)F,1.72120682,850
*CC(*)OC(=O)C(F)(F)C(F)(F)C(F)(F)C(F)(F)C(F)(F)C(F)(F)C(F)(F)F,1.765573426,851
*CC(*)OC(=O)C(F)(F)C(F)(F)F,1.581055156,852
*CC(*)OC(=O)C(F)(F)C(F)(F)C(F)(F)C(F)(F)F,1.679400325,853
*CC(*)OC(=O)c1ccncc1,1.195060965,854
*CC(*)OC(=O)c1ccc(C(C)C)cc1,1.047680586,855
*CC(*)OC(=O)C(C)(C(C)C)C(C)C,0.922754666,856
*CC(*)OC(=O)c1ccccc1OC,1.184683625,857
*CC(*)OC(=O)c1cccc(OC)c1,1.172022242,858
*CC(*)OC(=O)c1ccc(OC)cc1,1.170671465,859
*CC(*)OC(=O)c1ccccc1C,1.128727674,860
*CC(*)OC(=O)c1cccc(C)c1,1.110950878,861
*CC(*)OC(=O)c1ccc(C)cc1,1.099096797,862
*CC(*)OC(=O)CC(C)(C)c1ccccc1,1.066509964,863
*CC(*)OC(=O)C(C)(C)CCC,0.945730555,864
*CC(*)OC(=O)C(C)(C)C(C)(C)CC,0.923293691,865
*CC(*)OC(=O)C(C)(C)C(C)C(C)C,0.928292734,866
*CC(*)OC(=O)C(C)(C)CC(C)(C)C,0.930642496,867
*CC(*)OC(=O)c1cccnc1,1.216930022,868
*CC(*)OC(=O)c1cccc([N+](=O)[O-])c1,1.282622037,869
*CC(*)OC(=O)CCCCCCC,0.953535589,870
*CC(*)OC(F)(C(F)(F)F)C(F)(F)F,1.622288206,871
*CC(*)OC(=O)CCl,1.372301072,872
*CC(*)OCCCl,1.248858545,873
*CC(*)OCCOC,1.063567732,874
*CC(*)OCC(F)(F)F,1.388732116,875
*CC(*)(CC(=O)OCCCCCCC)C(=O)OCCCCCCC,0.966492654,876
*CC(*)OC(=O)C1CCCC1,1.053718158,877
*CC(*)OC(=O)C1(C)CCCCC1,0.984240621,878
*CC(*)P(=O)(c1ccccc1)c1ccccc1,1.098076282,879
*CC(*)P(=O)(OCC)N(C)C,1.112277991,880
*CC(*)P(=O)(Oc1ccccc1)N(C)C,1.160587206,881
*CC(*)c1nc(C)nc(C)n1,1.064103146,882
*CC(*)OC(=O)CCCCCCCCC,0.93553504,883
*CC(*)OC(=O)CCCCC,0.977136755,884
*CC(OC)C1C(=O)OC(=O)C1*,1.250206826,885
*CC(OC)C(C(=O)O)C(*)C(=O)O,1.266513017,886
*CCCC=C(*)c1ccc(OC)cc1,1.035052361,887
*CCCC=C(*)c1ccccc1,1.00581957,888
*CCCC=C(*)c1ccc(Cl)cc1,1.123124794,889
*CC(*)CNc1ccc([N+](=O)[O-])cc1,1.230823085,890
*CC(*)CNc1ccc([N+](=O)[O-])cc1C,1.182212775,891
*CC(*)CNc1ccc([N+](=O)[O-])c(C(F)(F)F)c1,1.382048926,892
*CC(*)CNc1ccc([N+](=O)[O-])cc1[N+](=O)[O-],1.348505594,893
*CC1CC(*)C(OC(=O)CCCCCCCCCCOc2ccc(-c3ccc(C#N)cc3)cc2)C1OC(=O)CCCCCCCCCCOc1ccc(-c2ccc(C#N)cc2)cc1,1.050442559,894
*CC1CC(*)C(OC(=O)CCCCCCCCCCOc2ccc(-c3ccc(C#N)cc3)cc2)C1,1.041611942,895
*CCC1CC(OC(=O)CCCCCCCCCCOc2ccc(-c3ccc(C#N)cc3)cc2)CC1*,1.03779286,896
*CC(*)N1CCNC1,1.079195126,897
*CC(*)OC(=O)c1ccc(C#N)cc1,1.163856974,898
*CC(*)OCC(C)(C)CC(C)C,0.892796096,899
*C(F)(F)C(*)(F)OC(F)C(F)F,1.696241974,900
*CC(*)C(=O)c1ccc(Br)cc1,1.516763156,901
*CC(*)OC(=O)CC1CCCC1,1.046233355,902
*CC(*)N1CCCC1=O,1.094286524,903
*CCC1CC2C(CC(*)C2OC(=O)CCCCCCCCCCOc2ccc(-c3ccc(C#N)cc3)cc2)C1OC(=O)CCCCCCCCCCOc1ccc(-c2ccc(C#N)cc2)cc1,1.041845873,904
*CC(*)C(=O)O,1.303707229,905
*CC(*)C(=O)OC,1.129183952,906
*CC(*)C(=O)OCCC,1.030160522,907
*CC(*)C(=O)OC(C)C,1.018190946,908
*CC(*)C(=O)OCC(C)C,0.997194883,909
*CC(*)C(=O)OC(C)(C)C,0.971035325,910
*CC(*)C(=O)OCCCCCCC,0.948837806,911
*CC(*)C(=O)OCCCCCCCC,0.942140506,912
*CC(*)C(=O)OCCCCCCCCCCCC,0.913403657,913
*CC(*)C(=O)OCC=C,1.087141868,914
*CC(*)C(=O)OC1CC2CCC1(C)C2(C)C,0.986288422,915
*CC(*)C(=O)OCC(F)(F)F,1.418541441,916
*CC(*)C(=O)OCC(F)(F)C(F)(F)F,1.493383044,917
*CC(*)C(=O)OC(C(F)(F)F)C(F)(F)F,1.536822752,918
*CC(*)C(=O)OC(F)(C(F)(F)F)C(F)(F)Cl,1.596822382,919
*CC(*)C(=O)OC(F)(C(F)(F)Cl)C(F)(F)Cl,1.633953683,920
*CC(*)C(=O)OCC(F)(F)C(F)C(F)(F)F,1.535446377,921
*CC(*)C(=O)OCC(F)(F)C(F)(F)C(F)(F)F,1.563652716,922
*CC(*)(C)C(=O)OCCC,0.989428412,923
*CC(*)(C)C(=O)OC(C)C,0.953690368,924
*CC(*)(C)C(=O)OCC(C)C,0.96194342,925
*CC(*)(C)C(=O)OCCO,1.134422469,926
*CC(*)C(N)=O,1.263155414,927
*CC(*)C(=O)N1CCCCC1,1.040542744,928
*CC(*)C(=O)Oc1ccccc1C(=O)OC,1.217023565,929
*CC(*)C(=O)Oc1ccccc1C(=O)OCC,1.174569494,930
*CC(*)C(=O)Oc1cccc(C(=O)OC)c1,1.206588234,931
*CC(*)C(=O)Oc1cccc(C(=O)OCC)c1,1.166635876,932
*CC(*)C(=O)Oc1ccc(C(=O)OC)cc1,1.200460801,933
*CC(*)C(=O)Oc1ccc(C(=O)OCC)cc1,1.168794946,934
*CC(*)(C)C(=O)OCC(C)O,1.091888654,935
*CC(*)(C)C(=O)OCCO[N+](=O)[O-],1.264027777,936
*CC(*)(C)C(=O)Oc1ccc(C(=O)OC)cc1,1.164528174,937
*CC(*)(CC(=O)OCC1CCCCC1)C(=O)OCC1CCCCC1,1.013959173,938
*CC(*)(CC(=O)OCCC1CCCCC1)C(=O)OCCC1CCCCC1,1.008079519,939
*CC(*)(CC(=O)OCCCC1CCCCC1)C(=O)OCCCC1CCCCC1,1.006667282,940
*CC(*)(CC(=O)OC)C(=O)OC,1.129334605,941
*C(*)C(=O)OCC,1.092477839,942
*C(*)C(=O)OC,1.150760389,943
*C(*)C(=O)OCCC,1.065852977,944
*CC(*)C(=O)OCCO,1.225132744,945
*CC(*)(CCC(C)C(=O)OC)C(=O)OC,1.042726823,946
*CC(*)C(=O)OC1CCCCCCCCCCC1,0.962713613,947
*CC(*)(F)F,1.54254368,948
*CC(*)(Cl)Cl,1.610770482,949
*C(F)C(*)(F)F,1.798577625,950
*C(F)(F)C(*)(F)F,1.914482486,951
*C(F)(F)C(*)(F)Cl,1.892081877,952
*CCC=C(*)Cl,1.195057514,953
*C(F)(F)C(*)(F)C(F)(F)F,1.790591386,954
*CC/C=C(/*)C,0.883356872,955
*CC/C=C(\*)C,0.879252837,956
*CC/C=C(/*)Cl,1.20676381,957
*CC/C=C(\*)Cl,1.197366557,958
*CC(*)C=C,0.865584799,959
*CCC=C(*)C,0.879267279,960
*CCO*,1.105420268,961
*CC(C)O*,1.011307994,962
*CC(CCl)O*,1.33405247,963
*CCCCO*,0.972439816,964
*Oc1c(OC)cc(*)cc1OC,1.179002973,965
*C(=O)OCCOC(=O)c1ccc(*)o1,1.294258311,966
*CCOCCOC(=O)c1cccc(C(=O)O*)c1,1.245569001,967
*CCOc1ccc(C(=O)OCCOC(=O)c2ccc(O*)cc2)cc1,1.239214752,968
*CCCCOc1ccc(C(=O)OCCOC(=O)c2ccc(O*)cc2)cc1,1.19443613,969
*Oc1ccc(NC(=O)c2cccc(C(=O)Nc3ccc(*)cc3)c2)cc1,1.224593369,970
*Oc1ccc(S(=O)(=O)c2ccc(*)cc2)cc1,1.28108858,971
*CC(O)COc1ccc(C(C)(C)c2ccc(O*)cc2)cc1,1.10386877,972
*CC1CC(*)OC(CCC)O1,1.00771137,973
*Oc1ccc(Oc2ccc(C(=O)c3ccc(*)cc3)cc2)cc1,1.198377884,974
*Oc1cccc(S(=O)(=O)c2ccc(*)cc2)c1,1.288531372,975
*Oc1ccc(S(=O)(=O)c2ccc(Oc3ccc(C(c4ccc(*)cc4)(C(F)(F)F)C(F)(F)F)cc3)cc2)cc1,1.323061114,976
*c1ccc(-c2nc3cc4nc(*)oc4cc3o2)cc1,1.247908509,977
*CCOCC(=O)O*,1.268466225,978
*CCOCCOC(=O)c1ccc(-c2ccc(C(=O)O*)cc2)cc1,1.215132769,979
*Oc1ccc(S(=O)(=O)c2ccc(Oc3ccc(C(=O)c4cccc(C(=O)c5ccc(*)cc5)c4)cc3)cc2)cc1,1.236059497,980
*CCCCCCOC(=O)Nc1ccc(C)c(NC(=O)OCCCCCCOc2ccc(-c3ccc(O*)cc3)cc2)c1,1.118434945,981
*CCCSS*,1.238118081,982
*Oc1ccc(Sc2ccc(OC(*)=O)cc2)cc1,1.293120554,983
*CCOC(=O)CCC(=O)O*,1.246335829,984
*CCCCOC(=O)CCC(=O)O*,1.154960967,985
*CCOC(=O)CCCCCCCCC(=O)O*,1.057392621,986
*CCCCCCOC(=O)CCCCCCCCC(=O)O*,1.007846324,987
*CCOC(=O)c1ccc(C(=O)O*)cc1,1.261154371,988
*CCOC(=O)c1cccc(C(=O)O*)c1,1.261721783,989
*CCCCOC(=O)c1ccc(C(=O)O*)cc1,1.189183518,990
*CCCCCCOC(=O)c1ccc(C(=O)O*)cc1,1.133047244,991
*CCOC(=O)c1ccc2ccc(C(=O)O*)cc2c1,1.252920519,992
*CCOC(=O)c1ccc2cc(C(=O)O*)ccc2c1,1.247957049,993
*CCCCOC(=O)CCCCC(=O)O*,1.098279802,994
*Oc1ccc(C2(c3ccc(OC(=O)c4cccc(C(*)=O)c4)cc3)c3ccccc3-c3ccccc32)cc1,1.142864316,995
*CCOC(=O)c1cccc2c(C(=O)O*)cccc12,1.280732292,996
*CCOC(=O)c1ccc(C(=O)O*)c2ccccc12,1.278256039,997
*CCCOC(=O)c1ccc(C(=O)O*)cc1,1.225085012,998
*Oc1ccc(-c2ccc(OC(=O)CCCCCC(*)=O)cc2)cc1,1.161102833,999
*Oc1ccc(-c2ccc(OC(=O)CCCCCCC(*)=O)cc2)cc1,1.147470002,1000
*Oc1ccc(-c2ccc(OC(=O)CCCCCCCC(*)=O)cc2)cc1,1.127920817,1001
*Oc1ccc(-c2ccc(OC(=O)CCCCCCCCC(*)=O)cc2)cc1,1.112212656,1002
*Oc1ccc(-c2ccc(OC(=O)CCCCCCCCCC(*)=O)cc2)cc1,1.096091641,1003
*Oc1ccc(OC(=O)c2ccc(-c3ccc(C(*)=O)cc3)cc2)cc1C,1.191900763,1004
*Oc1ccc(S(=O)(=O)c2ccc(OC(=O)c3ccc(C(*)=O)cc3)cc2)cc1,1.295290371,1005
*Oc1ccc(-c2ccc(OC(=O)CCCCCCCCCCC(*)=O)cc2)cc1,1.074880475,1006
*Oc1ccc(-c2ccc(OC(=O)CCCCCCCCCCCC(*)=O)cc2)cc1,1.067563249,1007
*Oc1ccc(-c2ccc(OC(=O)CCCCCCCCCCCCC(*)=O)cc2)cc1,1.055075595,1008
*CC1CCC(COC(=O)CCC(=O)O*)CC1,1.095695892,1009
*OC(C)CC(*)=O,1.127753263,1010
*OC(C)C(*)=O,1.143181088,1011
*CC(C)(CCC)C(=O)O*,0.977575428,1012
*Cc1ccc(-c2ccc(C(=O)O*)cc2)cc1,1.159458454,1013
*CC1CCC(COC(=O)CCCCCCCCC(=O)O*)CC1,1.015688244,1014
*CCCCCCCCCCOC(=O)c1ccc(C(=O)NCCNC(=O)c2ccc(C(=O)O*)cc2)cc1,1.120724694,1015
*CCOC(=O)C1CCC(C(=O)O*)CC1,1.143004225,1016
*CCOC(=O)c1ccc(-c2ccc(C(=O)O*)cc2)cc1,1.216011342,1017
*CCCCCCOC(=O)CCCCCNC(=O)CCCCC(=O)NCCCCCC(=O)O*,1.050883779,1018
*CCCCCCOC(=O)CCCCCCCC(=O)O*,1.015595931,1019
*CCCCCCOC(=O)c1ccc(-c2ccc(C(=O)O*)cc2)cc1,1.134208413,1020
*CC(C)(C)COC(=O)CCC(=O)O*,1.115437049,1021
*Oc1ccc(C(C)(C)c2ccc(OC(=O)CCCCC(*)=O)cc2)cc1,1.124186495,1022
*CCCCCCOC(=O)c1ccc2cc(C(=O)O*)ccc2c1,1.146197488,1023
*CCCCCOC(=O)c1ccc2cc(C(=O)O*)ccc2c1,1.167601884,1024
*CCCCOC(=O)c1ccc2cc(C(=O)O*)ccc2c1,1.188931644,1025
*CCCOC(=O)c1ccc2cc(C(=O)O*)ccc2c1,1.218378703,1026
*CCCCCC(=O)N*,1.03275758,1027
*CCCCCCNC(=O)CCCCC(=O)N*,1.044116952,1028
*CCCCCCNC(=O)CCCCCCCCC(=O)N*,0.995086638,1029
*CCCCCCC(=O)N*,1.007716443,1030
*CCCCCCCC(=O)N*,0.982123104,1031
*CCCCCCCCNC(=O)CCCCCCCCC(=O)N*,0.968044043,1032
*CCCCCCCCC(=O)N*,0.967908774,1033
*CCCCCCCCCC(=O)N*,0.953326288,1034
*CCCCCCCCCCC(=O)N*,0.942641615,1035
*CCCCCCCCCCCC(=O)N*,0.934153202,1036
*CCCCCCCCCCCCC(=O)N*,0.930849554,1037
*CCCCCCNC(=O)Cc1ccc(C(=O)N*)cc1,1.107782256,1038
*NC(=O)c1cccc(C(=O)Nc2ccc(-c3ccc(*)cc3)cc2)c1,1.197547175,1039
*CCCCCCNC(=O)c1cccc(C(=O)N*)c1,1.109504305,1040
*CCCNC(=O)Cc1ccc(C(=O)N*)cc1,1.176155999,1041
*NC1CC(C)(C)CC(C)(CNC(=O)CCCCC(*)=O)C1,1.024946752,1042
*Cc1cccc(CNC(=O)CCCCC(=O)N*)c1,1.139825525,1043
*NC(=O)c1ccc(C(=O)Nc2ccc(*)cc2)cc1,1.255555241,1044
*NC(=O)c1ccc(C(=O)Nc2ccc(-c3ccc(*)cc3)cc2)cc1,1.209706739,1045
*CCCCCCNC(=O)c1ccc(C(=O)N*)cc1,1.117494398,1046
*CCCCCCCCCNC(=O)c1ccc(C(=O)N*)cc1,1.067236111,1047
*c1ccc(NC(=O)CCCCC(=O)Nc2ccc(S(*)(=O)=O)cc2)cc1,1.254164268,1048
*CC(=O)N*,1.369447371,1049
*NC(CCC(=O)OC)C(*)=O,1.214403667,1050
*C(=O)CCCCCCCCC(=O)N1CCN(*)CC1,1.068360477,1051
*CCCC(=O)N*,1.127730068,1052
*CCCCNC(=O)CCCCCCCCC(=O)N*,1.014070913,1053
*CCCCCCCCCCCCNC(=O)CCCCCCCCCCC(=O)N*,0.938539349,1054
*CCCCCCNC(=O)c1ccc(-c2ccc(C(=O)N*)cc2)cc1,1.119969092,1055
*CCCCCCNC(=O)c1ccc(C(C)(C)c2ccc(C(=O)N*)cc2)cc1,1.067141423,1056
*CCCCCCCCCCC(=O)N(*)C,0.943846152,1057
*CCCCCCNC(=O)CCCCC(=O)N(*)C,1.018037716,1058
*CCCCCCN(C)C(=O)CCCCC(=O)N(*)C,1.018654286,1059
*C(=O)C1CCCN1*,1.145243929,1060
*NC(CCC(=O)OCc1ccccc1)C(*)=O,1.183555324,1061
*NC(C)C(*)=O,1.157414618,1062
*NC1CCC(CC2CCC(NC(=O)CCCCCCCCCCCCC(*)=O)CC2)CC1,0.965050795,1063
*NC(CCC(=O)OCCCCC)C(*)=O,1.07025453,1064
*NC(CCC(=O)OCCCCCC)C(*)=O,1.044189532,1065
*NC(CCC(=O)OCC)C(*)=O,1.16338802,1066
*NC(CCC(=O)OCCC)C(*)=O,1.127131081,1067
*CCCCN(C)C(=O)c1ccc(C(=O)N(*)C)cc1,1.101612309,1068
*CCCCCCNC(=O)c1ccc(C2(C)CC(C)(C)c3ccc(C(=O)N*)cc32)cc1,1.041144622,1069
*CCCCOC(=O)NCCCCCCNC(=O)O*,1.107872925,1070
*CCCCOC(=O)NCC(F)(F)C(F)(F)C(F)(F)C(F)(F)CNC(=O)O*,1.482697952,1071
*CCCCCCOC(=O)Nc1ccc(Cc2ccc(NC(=O)O*)cc2)cc1,1.151383671,1072
*Cc1cccc(COC(=O)Nc2ccc(Cc3ccc(NC(=O)O*)cc3)cc2)c1,1.201795395,1073
*CCOC(=O)Nc1ccc(NC(=O)O*)cc1,1.317378403,1074
*CCOC(=O)Nc1cccc(NC(=O)O*)c1,1.331542248,1075
*CCCCCCOC(=O)Nc1ccc(NC(=O)O*)cc1,1.184271643,1076
*CCOC(=O)Nc1ccc(-c2ccc(NC(=O)O*)cc2)cc1,1.262967845,1077
*CCOC(=O)Nc1cccc2c(NC(=O)O*)cccc12,1.279596762,1078
*CCCCCCNC(=O)NCc1ccc(CNC(=O)N*)cc1,1.118167941,1079
*NC(=O)NCCCCCCNC(=O)Nc1ccc(Cc2ccc(*)cc2)cc1,1.122795344,1080
*NC(=O)Nc1ccc(Cc2ccc(*)cc2)cc1,1.15509391,1081
*NC(=O)NCCCCCCNC(=O)NCCCCC(*)C(=O)OC,1.099894242,1082
*c1ccc(Oc2ccc(-n3c(=O)c4cc5c(=O)n(*)c(=O)c5cc4c3=O)cc2)cc1,1.286371335,1083
*c1ccc(Oc2ccc(Oc3ccc(-n4c(=O)c5cc6c(=O)n(*)c(=O)c6cc5c4=O)cc3)cc2)cc1,1.27413335,1084
*C(=O)Oc1ccc(OC(=O)c2ccc3c(c2)C(=O)N(c2ccc(Oc4ccc(N5C(=O)c6ccc(*)cc6C5=O)cc4)cc2)C3=O)cc1,1.298210162,1085
*c1ccc(Sc2ccc(-n3c(=O)c4cc5c(=O)n(*)c(=O)c5cc4c3=O)cc2)cc1,1.292784022,1086
*CCCCCCCCCn1c(=O)c2cc3c(=O)n(*)c(=O)c3cc2c1=O,1.170652605,1087
*c1ccc2c(c1)Cc1cc(-n3c(=O)c4cc5c(=O)n(*)c(=O)c5cc4c3=O)ccc1-2,1.214836732,1088
*c1ccc(Oc2ccc(N3C(=O)c4ccc(Oc5ccc6c(c5)C(=O)N(*)C6=O)cc4C3=O)cc2)cc1,1.269137831,1089
*C(=O)Nc1ccc(NC(=O)c2ccc3c(c2)C(=O)N(c2ccc(S(=O)(=O)c4ccc(N5C(=O)c6ccc(*)cc6C5=O)cc4)cc2)C3=O)cc1,1.292534878,1090
*c1ccc2c(c1)C(=O)N(c1ccc(Cc3ccc(N4C(=O)c5ccc(C(F)(F)C(F)(F)C(*)(F)F)cc5C4=O)cc3)cc1)C2=O,1.327992966,1091
*c1ccc2c(c1)C(=O)N(c1ccc(Oc3ccc(N4C(=O)c5ccc(C(F)(F)C(F)(F)C(*)(F)F)cc5C4=O)cc3)cc1)C2=O,1.358626774,1092
*C(=O)Nc1ccc(Oc2ccc(NC(=O)c3ccc4c(c3)C(=O)N(c3ccc(S(=O)(=O)c5ccc(N6C(=O)c7ccc(*)cc7C6=O)cc5)cc3)C4=O)cc2)cc1,1.279176196,1093
*c1ccc(-c2ccc(-c3ccc(-n4c(=O)c5cc6c(=O)n(*)c(=O)c6cc5c4=O)cc3)cc2)cc1,1.11034621,1094
*c1ccc(Cc2ccc(-n3c(=O)c4cc5c(=O)n(*)c(=O)c5cc4c3=O)c(C)c2)cc1C,1.13806991,1095
*c1ccc(-n2c(=O)c3cc4c(=O)n(*)c(=O)c4cc3c2=O)cc1,1.266168237,1096
*c1ccc(-c2ccc(-n3c(=O)c4cc5c(=O)n(*)c(=O)c5cc4c3=O)cc2)cc1,1.18724436,1097
*c1ccc(-c2ccc(-n3c(=O)c4cc5c(=O)n(*)c(=O)c5cc4c3=O)c(C)c2)cc1C,1.085667358,1098
*c1ccc(-c2ccc(-n3c(=O)c4cc5c(=O)n(*)c(=O)c5cc4c3=O)c(OC)c2)cc1OC,1.102881086,1099
*c1cccc(-n2c(=O)c3cc4c(=O)n(*)c(=O)c4cc3c2=O)c1,1.294253824,1100
*c1ccc(-n2c(=O)c3cc4c(=O)n(*)c(=O)c4cc3c2=O)c(C)c1,1.159593797,1101
*c1cccc(-n2c(=O)c3cc4c(=O)n(*)c(=O)c4cc3c2=O)c1C,1.169276438,1102
*c1c(C)c(C)c(-n2c(=O)c3cc4c(=O)n(*)c(=O)c4cc3c2=O)c(C)c1C,0.999149898,1103
*c1ccc(Oc2cccc(Oc3ccc(-n4c(=O)c5cc6c(=O)n(*)c(=O)c6cc5c4=O)cc3)c2)cc1,1.299910742,1104
*c1ccc(Oc2ccc(-c3ccc(Oc4ccc(-n5c(=O)c6cc7c(=O)n(*)c(=O)c7cc6c5=O)cc4)cc3)cc2)cc1,1.236301542,1105
*c1cccc(Oc2ccc(S(=O)(=O)c3ccc(Oc4cccc(-n5c(=O)c6cc7c(=O)n(*)c(=O)c7cc6c5=O)c4)cc3)cc2)c1,1.296610121,1106
*c1ccc(Oc2ccc(C(c3ccc(Oc4ccc(-n5c(=O)c6cc7c(=O)n(*)c(=O)c7cc6c5=O)cc4)cc3)(C(F)(F)F)C(F)(F)F)cc2)cc1,1.308564776,1107
*c1ccc(Oc2ccc(C(C)(C)c3ccc(Oc4ccc(-n5c(=O)c6cc7c(=O)n(*)c(=O)c7cc6c5=O)cc4)cc3)cc2)cc1,1.199178113,1108
*c1ccc(Oc2ccc(N3C(=O)c4ccc(-c5ccc6c(c5)C(=O)N(*)C6=O)cc4C3=O)cc2)cc1,1.246919536,1109
*c1ccc(Oc2ccc(N3C(=O)c4ccc(-c5cccc6c5C(=O)N(*)C6=O)cc4C3=O)cc2)cc1,1.225730173,1110
*c1ccc(Sc2ccc(N3C(=O)c4ccc(-c5ccc6c(c5)C(=O)N(*)C6=O)cc4C3=O)cc2)cc1,1.250402987,1111
*c1ccc(Cc2ccc(N3C(=O)c4ccc(-c5ccc6c(c5)C(=O)N(*)C6=O)cc4C3=O)cc2)cc1,1.211868653,1112
*c1ccc2c(c1)Cc1cc(N3C(=O)c4ccc(-c5ccc6c(c5)C(=O)N(*)C6=O)cc4C3=O)ccc1-2,1.225343754,1113
*c1ccc(-c2ccc(N3C(=O)c4ccc(-c5ccc6c(c5)C(=O)N(*)C6=O)cc4C3=O)cc2)cc1,1.230326659,1114
*c1ccc(N2C(=O)c3ccc(-c4ccc5c(c4)C(=O)N(*)C5=O)cc3C2=O)cc1,1.270230048,1115
*c1cccc(N2C(=O)c3ccc(-c4ccc5c(c4)C(=O)N(*)C5=O)cc3C2=O)c1,1.239575297,1116
*c1ccc(C)c(N2C(=O)c3ccc(-c4ccc5c(c4)C(=O)N(*)C5=O)cc3C2=O)c1,1.184934256,1117
*c1ccc(N2C(=O)c3ccc(-c4ccc5c(c4)C(=O)N(*)C5=O)cc3C2=O)c(C)c1,1.175877728,1118
*c1cccc(N2C(=O)c3ccc(-c4ccc5c(c4)C(=O)N(*)C5=O)cc3C2=O)c1C,1.15533487,1119
*c1ccc(-c2ccc(N3C(=O)c4ccc(-c5ccc6c(c5)C(=O)N(*)C6=O)cc4C3=O)c(C)c2)cc1C,1.130906275,1120
*c1ccc(-c2ccc(N3C(=O)c4ccc(-c5ccc6c(c5)C(=O)N(*)C6=O)cc4C3=O)c(OC)c2)cc1OC,1.132406041,1121
*c1ccc(-c2ccc(-c3ccc(N4C(=O)c5ccc(-c6ccc7c(c6)C(=O)N(*)C7=O)cc5C4=O)cc3)cc2)cc1,1.18947831,1122
*c1cccc2c(N3C(=O)c4ccc(-c5ccc6c(c5)C(=O)N(*)C6=O)cc4C3=O)cccc12,1.148099012,1123
*c1ccc(Cc2ccc(N3C(=O)c4ccc(-c5ccc6c(c5)C(=O)N(*)C6=O)cc4C3=O)c(C)c2)cc1C,1.128546241,1124
*c1ccc(N2C(=O)c3ccc(-c4ccc5c(c4)C(=O)N(*)C5=O)cc3C2=O)nc1,1.260613162,1125
*c1ccc(Oc2ccc(-c3ccc(Oc4ccc(N5C(=O)c6ccc(-c7ccc8c(c7)C(=O)N(*)C8=O)cc6C5=O)cc4)cc3)cc2)cc1,1.208662152,1126
*c1ccc(Oc2ccc(C(C)(C)c3ccc(Oc4ccc(N5C(=O)c6ccc(-c7ccc8c(c7)C(=O)N(*)C8=O)cc6C5=O)cc4)cc3)cc2)cc1,1.185849635,1127
*c1ccc(Oc2ccc(C(c3ccc(Oc4ccc(N5C(=O)c6ccc(-c7ccc8c(c7)C(=O)N(*)C8=O)cc6C5=O)cc4)cc3)(C(F)(F)F)C(F)(F)F)cc2)cc1,1.276047621,1128
*c1cccc(Oc2ccc(S(=O)(=O)c3ccc(Oc4cccc(N5C(=O)c6ccc(-c7ccc8c(c7)C(=O)N(*)C8=O)cc6C5=O)c4)cc3)cc2)c1,1.27232919,1129
*CCCCCCN1C(=O)c2ccc(Oc3ccc4c(c3)C(=O)N(*)C4=O)cc2C1=O,1.227589336,1130
*c1ccc(N2C(=O)c3ccc(Oc4ccc5c(c4)C(=O)N(*)C5=O)cc3C2=O)cc1,1.284415042,1131
*c1ccc(-c2ccc(N3C(=O)c4ccc(Oc5ccc6c(c5)C(=O)N(*)C6=O)cc4C3=O)cc2)cc1,1.23593461,1132
*c1cccc(Oc2ccc(N3C(=O)c4ccc(Oc5ccc6c(c5)C(=O)N(*)C6=O)cc4C3=O)cc2)c1,1.271392185,1133
*c1ccc(Oc2cccc(Oc3ccc(N4C(=O)c5ccc(Oc6ccc7c(c6)C(=O)N(*)C7=O)cc5C4=O)cc3)c2)cc1,1.270104981,1134
*c1ccc(Oc2ccc(Oc3ccc(N4C(=O)c5ccc(Oc6ccc7c(c6)C(=O)N(*)C7=O)cc5C4=O)cc3)cc2)cc1,1.250215209,1135
*c1cccc(Oc2ccc(N3C(=O)c4ccc(C(c5ccc6c(c5)C(=O)N(*)C6=O)(C(F)(F)F)C(F)(F)F)cc4C3=O)cc2)c1,1.305857302,1136
*c1ccc(Oc2ccc(N3C(=O)c4ccc(C(c5ccc6c(c5)C(=O)N(*)C6=O)(C(F)(F)F)C(F)(F)F)cc4C3=O)cc2)cc1,1.301214948,1137
*c1ccc(Oc2ccc(Oc3ccc(N4C(=O)c5ccc(C(c6ccc7c(c6)C(=O)N(*)C7=O)(C(F)(F)F)C(F)(F)F)cc5C4=O)cc3)cc2)cc1,1.291041814,1138
*c1ccc2c(c1)C(=O)N(c1ccc(Oc3cccc(Oc4ccc(N5C(=O)c6ccc(C(*)(C(F)(F)F)C(F)(F)F)cc6C5=O)cc4)c3)cc1)C2=O,1.306690546,1139
*c1ccc2c(c1)C(=O)N(c1cccc(Oc3cccc(Oc4cccc(N5C(=O)c6ccc(C(*)(C(F)(F)F)C(F)(F)F)cc6C5=O)c4)c3)c1)C2=O,1.30619974,1140
*C(=O)c1ccc2c(c1)C(=O)N(c1cccc(C(=O)c3cccc(N4C(=O)c5ccc(*)cc5C4=O)c3)c1)C2=O,1.261274943,1141
*C(=O)c1ccc2c(c1)C(=O)N(c1cccc(C(=O)Nc3cccc(N4C(=O)c5ccc(*)cc5C4=O)c3)c1)C2=O,1.277306466,1142
*C(=O)c1ccc2c(c1)C(=O)N(c1cccc(C(=O)Nc3ccc(N4C(=O)c5ccc(*)cc5C4=O)cc3)c1)C2=O,1.276055396,1143
*C(=O)c1ccc2c(c1)C(=O)N(c1ccc(C(=O)Nc3cccc(N4C(=O)c5ccc(*)cc5C4=O)c3)cc1)C2=O,1.280037721,1144
*C(=O)c1ccc2c(c1)C(=O)N(c1cccc(C(=O)N(C)c3ccc(N4C(=O)c5ccc(*)cc5C4=O)cc3)c1)C2=O,1.248995932,1145
*c1cccc(N2C(=O)c3ccc(C(=O)c4ccc5c(c4)C(=O)N(*)C5=O)cc3C2=O)c1,1.262038362,1146
*C(=O)c1ccc2c(c1)C(=O)N(c1ccc(C)c(N3C(=O)c4ccc(*)cc4C3=O)c1)C2=O,1.21870301,1147
*C(=O)c1ccc2c(c1)C(=O)N(c1ccc(N3C(=O)c4ccc(*)cc4C3=O)c(C)c1)C2=O,1.220747915,1148
*C(=O)c1ccc2c(c1)C(=O)N(c1cccc(N3C(=O)c4ccc(*)cc4C3=O)c1C)C2=O,1.20397476,1149
*C(=O)c1ccc2c(c1)C(=O)N(c1c(C)c(C)c(N3C(=O)c4ccc(*)cc4C3=O)c(C)c1C)C2=O,1.095689324,1150
*C(=O)c1ccc2c(c1)C(=O)N(c1ccc(-c3ccc(N4C(=O)c5ccc(*)cc5C4=O)c(C)c3)cc1C)C2=O,1.145826917,1151
*C(=O)c1ccc2c(c1)C(=O)N(c1ccc(-c3ccc(N4C(=O)c5ccc(*)cc5C4=O)c(OC)c3)cc1OC)C2=O,1.18302384,1152
*C(=O)c1ccc2c(c1)C(=O)N(c1ccc(-c3ccc(-c4ccc(N5C(=O)c6ccc(*)cc6C5=O)cc4)cc3)cc1)C2=O,1.203391937,1153
*C(=O)c1ccc2c(c1)C(=O)N(c1ccc3c(c1)Cc1cc(N4C(=O)c5ccc(*)cc5C4=O)ccc1-3)C2=O,1.231381223,1154
*c1ccc(Oc2ccc(N3C(=O)c4ccc(C(=O)c5ccc6c(c5)C(=O)N(*)C6=O)cc4C3=O)cc2)cc1,1.25624388,1155
*C(=O)c1ccc2c(c1)C(=O)N(c1ccc(Sc3ccc(N4C(=O)c5ccc(*)cc5C4=O)cc3)cc1)C2=O,1.267940386,1156
*C(=O)c1ccc2c(c1)C(=O)N(c1ccc(Cc3ccc(N4C(=O)c5ccc(*)cc5C4=O)cc3)cc1)C2=O,1.231157372,1157
*C(=O)c1ccc2c(c1)C(=O)N(c1ccc(Cc3ccc(N4C(=O)c5ccc(*)cc5C4=O)c(C)c3)cc1C)C2=O,1.153645492,1158
*C(=O)c1ccc2c(c1)C(=O)N(c1ccc(N3C(=O)c4ccc(*)cc4C3=O)nc1)C2=O,1.281940946,1159
*C(=O)c1ccc2c(c1)C(=O)N(c1ccc(-c3ccc(N4C(=O)c5ccc(*)cc5C4=O)cc3)cc1)C2=O,1.240794321,1160
*c1ccc(N2C(=O)c3ccc(C(=O)c4ccc5c(c4)C(=O)N(*)C5=O)cc3C2=O)cc1,1.271524595,1161
*C(=O)c1ccc2c(c1)C(=O)N(c1cccc(OCCOCCOc3cccc(N4C(=O)c5ccc(*)cc5C4=O)c3)c1)C2=O,1.277701247,1162
*C(=O)c1ccc2c(c1)C(=O)N(c1ccc(Oc3ccc(-c4ccc(Oc5ccc(N6C(=O)c7ccc(*)cc7C6=O)cc5)cc4)cc3)cc1)C2=O,1.228224345,1163
*c1ccc(Oc2ccc(C(C)(C)c3ccc(Oc4ccc(N5C(=O)c6ccc(C(=O)c7ccc8c(c7)C(=O)N(*)C8=O)cc6C5=O)cc4)cc3)cc2)cc1,1.202972829,1164
*C(=O)c1ccc2c(c1)C(=O)N(c1ccc(Oc3ccc(C(c4ccc(Oc5ccc(N6C(=O)c7ccc(*)cc7C6=O)cc5)cc4)(C(F)(F)F)C(F)(F)F)cc3)cc1)C2=O,1.29107138,1165
*c1cccc(S(=O)(=O)c2cccc(N3C(=O)c4ccc(Oc5ccc(S(=O)(=O)c6ccc(Oc7ccc8c(c7)C(=O)N(*)C8=O)cc6)cc5)cc4C3=O)c2)c1,1.297529725,1166
*c1cccc(N2C(=O)c3ccc(Oc4ccc(C(C)(C)c5ccc(Oc6ccc7c(c6)C(=O)N(*)C7=O)cc5)cc4)cc3C2=O)c1,1.202697866,1167
*c1cccc(N2C(=O)c3ccc(Oc4ccc(S(=O)(=O)c5ccc(Oc6ccc7c(c6)C(=O)N(*)C7=O)cc5)cc4)cc3C2=O)c1,1.284993708,1168
*c1ccc(Oc2ccc(N3C(=O)c4ccc(Oc5ccc(S(=O)(=O)c6ccc(Oc7ccc8c(c7)C(=O)N(*)C8=O)cc6)cc5)cc4C3=O)cc2)cc1,1.275034449,1169
*c1ccc2c(c1)C(=O)N(c1ccc(Cc3ccc(N4C(=O)c5ccc(C(*)(C(F)(F)F)C(F)(F)F)cc5C4=O)cc3)cc1)C2=O,1.27525294,1170
*c1ccc2c(c1)C(=O)N(c1ccc(C(C)(C)c3ccc(N4C(=O)c5ccc(C(*)(C(F)(F)F)C(F)(F)F)cc5C4=O)cc3)cc1)C2=O,1.229423781,1171
*C(=O)NCCNC(=O)c1ccc(N2C(=O)c3ccc(*)cc3C2=O)cc1,1.289378324,1172
*C(=O)NCCCCCCNC(=O)c1ccc(N2C(=O)c3ccc(*)cc3C2=O)cc1,1.208959693,1173
*C(=O)Nc1ccc(Cc2ccc(NC(=O)c3ccc(N4C(=O)c5ccc(*)cc5C4=O)cc3)cc2)cc1,1.230142757,1174
*C(=O)NC1CCC(CC2CCC(NC(=O)c3ccc(N4C(=O)c5ccc(*)cc5C4=O)cc3)CC2)CC1,1.133082066,1175
*c1cccc(N2C(=O)c3ccc(Oc4ccc5c(c4)C(=O)N(*)C5=O)cc3C2=O)c1,1.280091609,1176
*c1ccc(Cc2ccc(N3C(=O)c4ccc(Oc5ccc6c(c5)C(=O)N(*)C6=O)cc4C3=O)cc2)cc1,1.232070271,1177
*c1ccc(Oc2ccc(N3C(=O)c4ccc(Oc5ccc(C(c6ccc(Oc7ccc8c(c7)C(=O)N(*)C8=O)cc6)(C(F)(F)F)C(F)(F)F)cc5)cc4C3=O)cc2)cc1,1.302606771,1178
*c1cccc(Oc2ccc(N3C(=O)c4ccc(-c5ccc6c(c5)C(=O)N(*)C6=O)cc4C3=O)cc2)c1,1.252942085,1179
*C(=O)Nc1ccccc1NC(=O)c1ccc(N2C(=O)c3ccc(*)cc3C2=O)cc1,1.285201084,1180
*C(=O)Nc1cccc(NC(=O)/C=C/c2cccc(N3C(=O)c4ccc(*)cc4C3=O)c2)c1,1.251502611,1181
*C(=O)Nc1cccc(/C=C/C(=O)/C=C/c2cccc(NC(=O)c3ccc(N4C(=O)c5ccc(*)cc5C4=O)cc3)c2)c1,1.200829298,1182
*c1ccc2c(c1)C(=O)N(c1ccc(Oc3ccc(N4C(=O)c5ccc(C(C)(C)CCCCC(*)(C)C)cc5C4=O)cc3)cc1)C2=O,1.127096125,1183
*c1ccc(Oc2cccc3c(Oc4ccc(-n5c(=O)c6cc7c(=O)n(*)c(=O)c7cc6c5=O)cc4)cccc23)cc1,1.243581648,1184
*c1ccc(Oc2cccc3c(Oc4ccc(N5C(=O)c6ccc(Oc7ccc8c(c7)C(=O)N(*)C8=O)cc6C5=O)cc4)cccc23)cc1,1.241250034,1185
*C(=O)c1ccc2c(c1)C(=O)N(c1ccc(Oc3cccc4c(Oc5ccc(N6C(=O)c7ccc(*)cc7C6=O)cc5)cccc34)cc1)C2=O,1.237241822,1186
*c1ccc2c(c1)C(=O)N(c1ccc(Oc3ccc(C(c4ccc(Oc5ccc(N6C(=O)c7ccc(C(*)(C(F)(F)F)C(F)(F)F)cc7C6=O)cc5)cc4)(C(F)(F)F)C(F)(F)F)cc3)cc1)C2=O,1.311751956,1187
*c1ccc(N2C(=O)c3ccc(C(c4ccc5c(c4)C(=O)N(*)C5=O)(C(F)(F)F)C(F)(F)F)cc3C2=O)cc1,1.307479371,1188
*c1ccc2c(c1)C(=O)N(c1ccc(C(c3ccc(N4C(=O)c5ccc(C(*)(C(F)(F)F)C(F)(F)F)cc5C4=O)cc3)(C(F)(F)F)C(F)(F)F)cc1)C2=O,1.312846814,1189
*c1ccc2c(c1)C(=O)N(c1c(C)cc(C)c(N3C(=O)c4ccc(C(*)(C(F)(F)F)C(F)(F)F)cc4C3=O)c1C)C2=O,1.174741146,1190
*c1ccc2c(c1)C(=O)N(c1c(C)c(C)c(N3C(=O)c4ccc(C(*)(C(F)(F)F)C(F)(F)F)cc4C3=O)c(C)c1C)C2=O,1.146022084,1191
*c1ccc(Oc2cc3ccccc3cc2Oc2ccc(N3C(=O)c4ccc(-c5ccc6c(c5)C(=O)N(*)C6=O)cc4C3=O)cc2)cc1,1.241176561,1192
*c1ccc(Oc2cc3ccccc3cc2Oc2ccc(N3C(=O)c4ccc(Oc5ccc6c(c5)C(=O)N(*)C6=O)cc4C3=O)cc2)cc1,1.256698292,1193
*C(=O)c1ccc2c(c1)C(=O)N(c1ccc(Oc3cc4ccccc4cc3Oc3ccc(N4C(=O)c5ccc(*)cc5C4=O)cc3)cc1)C2=O,1.249194838,1194
*c1ccc(Oc2cc3ccccc3cc2Oc2ccc(N3C(=O)c4ccc(S(=O)(=O)c5ccc6c(c5)C(=O)N(*)C6=O)cc4C3=O)cc2)cc1,1.273186916,1195
*c1ccc(C(c2ccccc2)(c2ccc(-n3c(=O)c4cc5c(=O)n(*)c(=O)c5cc4c3=O)cc2)C(F)(F)F)cc1,1.203851883,1196
*CC1(C)CC(*)(C)C(=O)OC1=O,1.134708881,1197
*CCCCCCOC(=O)O*,1.07671508,1198
*CC(F)(F)C(F)(F)C(F)(F)C(F)(F)COC(=O)O*,1.68320529,1199
*Oc1ccc(C(C)(C)c2ccc(OC(*)=O)cc2)cc1,1.141156801,1200
*Oc1ccc(C(C)(CCC)c2ccc(OC(*)=O)cc2)cc1,1.074574897,1201
*Oc1ccc(C(C)(C)c2ccc(OC(*)=O)c(C)c2)cc1C,1.071059114,1202
*Oc1c(Cl)cc(C(C)(C)c2cc(Cl)c(OC(*)=O)c(Cl)c2)cc1Cl,1.319483933,1203
*Oc1c(Br)cc(C(C)(C)c2cc(Br)c(OC(*)=O)c(Br)c2)cc1Br,1.815896982,1204
*Oc1ccc(C(C)(c2ccccc2)c2ccc(OC(*)=O)cc2)cc1,1.123680096,1205
*Oc1ccc(C(CCC)(CCC)c2ccc(OC(*)=O)cc2)cc1,1.015922365,1206
*Oc1ccc(C2(c3ccc(OC(*)=O)cc3)CCCC2)cc1,1.143968702,1207
*Oc1ccc(C2(c3ccc(OC(*)=O)cc3)CCCCC2)cc1,1.114381568,1208
*Oc1ccc(C2(c3ccc(OC(*)=O)c(C)c3)CCCCC2)cc1C,1.053045275,1209
*Oc1ccc(C2(c3ccc(OC(*)=O)cc3)c3ccccc3-c3ccccc32)cc1,1.128461031,1210
*Oc1ccc(C(c2ccccc2)(c2ccccc2)c2ccc(OC(*)=O)cc2)cc1,1.105355359,1211
*Oc1ccc(C(c2ccc(OC(*)=O)cc2)(C(F)(F)F)C(F)(F)F)cc1,1.384457385,1212
*Oc1ccc(C(C#N)(c2ccccc2)c2ccc(OC(*)=O)cc2)cc1,1.157290262,1213
*Oc1c(C)cc(C(C)(C)c2cc(C)c(OC(*)=O)c(C)c2)cc1C,1.002192304,1214
*Oc1ccc(C(C)(C)c2ccc(C(C)(C)c3ccc(OC(*)=O)c(C)c3)cc2)cc1C,1.037025858,1215
*Oc1cccc(CCCCCCCCCCc2cccc(OC(*)=O)c2)c1,1.053440137,1216
*Oc1ccc(C(C)(C)c2ccc(OC(*)=O)c(C(C)C)c2)cc1C(C)C,1.004973052,1217
*Oc1ccc(C(=O)CCCCCCCCC(=O)c2ccc(OC(*)=O)cc2)cc1,1.140448591,1218
*Oc1ccc(S(=O)(=O)c2ccc(OC(*)=O)cc2)cc1,1.338016033,1219
*Cc1ccc(COC(=O)O*)cc1,1.223791314,1220
*Oc1ccc(C(=C(Cl)Cl)c2ccc(OC(*)=O)cc2)cc1,1.309864067,1221
*Oc1ccc(OC(=O)Oc2ccc(-c3ccc(OC(*)=O)cc3)cc2)cc1,1.272056297,1222
*Oc1ccc2ccc(OC(=O)Oc3ccc(OC(*)=O)cc3)cc2c1,1.30756147,1223
*Oc1cccc2c(OC(=O)Oc3ccc(OC(*)=O)cc3)cccc12,1.296405101,1224
*c1ccc(-c2nc3cc(-c4ccc5nc(-c6ccccc6)c(*)nc5c4)ccc3nc2-c2ccccc2)cc1,1.056458614,1225
*c1ccc(-c2nc3cc(-c4ccc5nc(*)c(-c6ccccc6)nc5c4)ccc3nc2-c2ccccc2)cc1,1.056649095,1226
*c1cccc(-c2nc3cc(-c4ccc5nc(*)c(-c6ccccc6)nc5c4)ccc3nc2-c2ccccc2)c1,1.066267313,1227
*c1ccc(-c2nc3cc(-c4ccc5nc(*)c(-c6ccc7ccccc7c6)nc5c4)ccc3nc2-c2ccc3ccccc3c2)cc1,1.072232309,1228
*c1cccc(-c2nc3cc(-c4ccc5nc(*)c(-c6ccc7ccccc7c6)nc5c4)ccc3nc2-c2ccc3ccccc3c2)c1,1.095943981,1229
*N=P(*)(OCC(F)(F)F)OCC(F)(F)F,1.651958224,1230
*OS(=O)(=O)c1ccc(*)cc1,1.433690549,1231
*c1ccc(*)cc1,1.021951225,1232
*CCc1ccc(*)c(C)c1,1.00278747,1233
*CCc1cc(C)c(*)cc1C,0.963046372,1234
*CCc1ccc(*)c(Cl)c1,1.197077899,1235
*c1ccc(C(Cl)(Cl)C(*)Cl)cc1,1.388472271,1236
*C1C2CC(C)C(C2)C1*,0.898563014,1237
*CC(*)(C)c1ccc2ccccc2c1,0.989395044,1238
*CCC(c1ccccc1)C(*)c1ccccc1,0.981231624,1239
*/C(Cl)=C(/*)c1ccccc1,1.076752211,1240
*/C=C(/*)c1ccc(C#C)cc1,1.010292342,1241
*/C=C(/*)c1cccc(C#C)c1,1.016829963,1242
*/C=C/C(C(=O)OCc1ccc(Cl)cc1)C(*)C(=O)OCc1ccc(Cl)cc1,1.258571666,1243
*/C=C(/*)c1ccc(-c2ccc(C#C)cc2)cc1,1.042090871,1244
*CC(*)C(=O)OCC(C)O,1.147339655,1245
*CC(*)(CC(=O)OCCCCCCCC)C(=O)OCCCCCCCC,0.954492402,1246
*CC(*)(CC(=O)OCCCCCCCCC)C(=O)OCCCCCCCCC,0.946548067,1247
*CC(*)C(=O)n1c2ccccc2c2ccccc21,1.166386752,1248
*CC(*)C(=O)OC(OCC)C(F)(F)F,1.286700483,1249
*CC(*)(C)C(=O)OC(OCC)C(F)(F)F,1.222015332,1250
*CC(*)(CC(=O)Oc1ccc(OCCCCCCC)cc1)C(=O)Oc1ccc(OCCCCCCC)cc1,1.051565254,1251
*CC(*)(C)C(=O)Oc1c(C)cccc1C,1.039602434,1252
*CC(*)(C)C(=O)OCCCCCCN(C)c1ccc(/N=N/c2ccc(S(C)(=O)=O)cc2)cc1,1.13049325,1253
*C([2H])([2H])C(*)(C(=O)OC([2H])([2H])[2H])C([2H])([2H])[2H],1.115470133,1254
*C(*)C(=O)OC(C)C,1.034629356,1255
*CC(*)(C)C(=O)Oc1c(C(C)C)cccc1C(C)C,0.952119689,1256
*CC(*)(C)C(=O)OCC(=O)c1ccccc1,1.148393849,1257
*CC(*)(C)C(=O)OCc1ccc(Cl)c(Cl)c1,1.273551555,1258
*CC(*)(C)C(=O)OCc1cccc(Cl)c1,1.192786371,1259
*CC(*)(C)C(=O)OCc1ccc(Cl)cc1,1.187854535,1260
*CC(*)(C)C(=O)OCc1cccc(Cl)c1Cl,1.272828419,1261
*CC(*)(C)C(=O)OCc1ccc(Cl)cc1Cl,1.269283781,1262
*CC(*)(C)C(=O)OCc1cc(Cl)ccc1Cl,1.269736861,1263
*CC(*)(C)C(=O)OCc1c(Cl)cccc1Cl,1.273236404,1264
*CC(*)(C)C(=O)OCc1cc(Cl)cc(Cl)c1,1.269395896,1265
*/C=C(/*)C(C)(C)C,0.776287524,1266
*C1C(*)C2CC1C1C=CCC12,0.94806811,1267
*/C(C)=C(/*)C(C)C,0.742358507,1268
*OC1C(CO)OC(*)C(O)C1O,1.328453331,1269
*Oc1cc(C)c(*)c(C)c1Br,1.421050088,1270
*CCC(C)CO*,0.951690982,1271
*Oc1ccc2[nH]c(-c3ccc4c(c3)-c3cc(-c5nc6cc(*)ccc6[nH]5)ccc3S4(=O)=O)nc2c1,1.242048901,1272
*C1Oc2ccccc2C1*,1.092531193,1273
*Oc1ccc2[nH]c(-c3ccc4sc5ccc(-c6nc7cc(*)ccc7[nH]6)cc5c4c3)nc2c1,1.25041767,1274
*OC(F)(F)C(F)(F)C(*)(F)F,1.851480396,1275
*c1ccc(Oc2ccc(C(=O)c3ccc(Oc4ccc(C5(*)OC(=O)c6ccccc65)cc4)cc3)cc2)cc1,1.186783157,1276
*Oc1cccc(Oc2cccc(*)c2)c1C#N,1.208287072,1277
*C(=O)Oc1ccc(C(C)(C)c2ccc(OC(=O)c3ccc4c(c3)C(=O)n3c-4nc4ccc(Oc5ccc6c(c5)nc5n6C(=O)c6ccc(*)cc6-5)cc43)cc2)cc1,1.233967696,1278
*Oc1ccc(NC(=O)c2ccc(C(c3ccc(C(=O)O)c(C(=O)Nc4cc(*)ccc4N)c3)(C(F)(F)F)C(F)(F)F)cc2C(=O)O)c(N)c1,1.368217726,1279
*c1ccc2c(c1)-c1nc3cc(Oc4ccc5c(c4)nc4n5C(=O)c5cc(C(*)(C(F)(F)F)C(F)(F)F)ccc5-4)ccc3n1C2=O,1.329999975,1280
*Oc1ccc(S(=O)(=O)c2ccc(Oc3ccc(C(C)(C)c4ccc(*)cc4)cc3[N+](=O)[O-])cc2)cc1,1.208636395,1281
*Oc1ccc(S(=O)(=O)c2ccc(Oc3ccc(C(C)(C)c4ccc(*)cc4)cc3)c([N+](=O)[O-])c2)cc1[N+](=O)[O-],1.242881691,1282
*CC(=C)COCC(=C)COC(=O)O*,1.155178424,1283
*OC1C(COC(C)=O)OC(*)C(OC(C)=O)C1OC(C)=O,1.165103006,1284
*Oc1ccc(SC(=O)Sc2ccc(*)cc2)cc1,1.273621231,1285
*Oc1ccc(SC(=O)Oc2ccc(C(C)(C)c3ccc(OC(=O)Sc4ccc(*)cc4)cc3)cc2)cc1,1.209562721,1286
*Oc1ccc(NC(=O)c2cc(C(c3ccc(C(=O)O)c(C(=O)Nc4ccc(Oc5ccc(C(c6ccc(*)cc6)(C(F)(F)F)C(F)(F)F)cc5)cc4)c3)(C(F)(F)F)C(F)(F)F)ccc2C(=O)O)cc1,1.344511076,1287
*OC1C(CO)OC(*)C(N)C1O,1.311294213,1288
*Oc1ccc(S(=O)(=O)c2ccc(Oc3ccc(C(=O)c4cc(Br)cc(C(=O)c5ccc(*)cc5)c4)cc3)cc2)cc1,1.339021151,1289
*Oc1ccc(S(=O)(=O)c2ccc(Oc3ccc(C(=O)c4cc(I)cc(C(=O)c5ccc(*)cc5)c4)cc3)cc2)cc1,1.433742475,1290
*Oc1ccc(S(=O)(=O)c2ccc(Oc3ccc(C(=O)c4cc(C(=O)c5ccc(*)cc5)cc(C(C)(C)C)c4)cc3)cc2)cc1,1.161898548,1291
*Oc1ccc(C(c2ccc(Oc3ccc(C(=O)c4cccc(C(=O)c5ccc(*)cc5)c4)cc3)cc2)(C(F)(F)F)C(F)(F)F)cc1,1.277027535,1292
*Oc1ccc(C(=O)Nc2cccc(C(O)Cc3ccc(NC(=O)c4ccc(*)cc4)cc3)c2)cc1,1.212798199,1293
*Oc1cc(C(C)(C)C)c(Oc2ccc(C(=O)Nc3ccc(C(C)(C)c4ccc(NC(=O)c5ccc(*)cc5)cc4)cc3)cc2)cc1C(C)(C)C,1.043215521,1294
*Oc1cc(C(C)(C)C)c(Oc2ccc(C(=O)Nc3ccc(C(C)(C)c4ccc(NC(=O)c5ccc(*)cc5)c(C)c4)cc3C)cc2)cc1C(C)(C)C,1.022213738,1295
*Oc1cc(C(C)(C)C)c(Oc2ccc(C(=O)Nc3c(C)cc(C(C)(C)c4cc(C)c(NC(=O)c5ccc(*)cc5)c(C)c4)cc3C)cc2)cc1C(C)(C)C,1.001547997,1296
*Oc1cc(C(C)(C)C)c(Oc2ccc(C(=O)Nc3c(C)cc(Cc4cc(C)c(NC(=O)c5ccc(*)cc5)c(C(C)C)c4)cc3C(C)C)cc2)cc1C(C)(C)C,0.980385328,1297
*Oc1cc(C(C)(C)C)c(Oc2ccc(C(=O)Nc3ccc(C(c4ccc(NC(=O)c5ccc(*)cc5)cc4)(C(F)(F)F)C(F)(F)F)cc3)cc2)cc1C(C)(C)C,1.135045356,1298
*Oc1ccc(Oc2ccc(C(=O)c3ccc(C(=O)c4ccc(*)cc4)c4ccccc34)cc2)cc1,1.172687952,1299
*Oc1ccc(S(=O)(=O)c2ccc(Oc3ccc(C(C)(C)c4ccc(*)c(C(O)(C(F)(F)F)C(F)(F)F)c4)cc3C(O)(C(F)(F)F)C(F)(F)F)cc2)cc1,1.345764376,1300
*Oc1ccc(S(=O)(=O)c2ccc(Oc3ccc(C(C)(C)c4ccc(*)c(C(OC)(C(F)(F)F)C(F)(F)F)c4)cc3C(OC)(C(F)(F)F)C(F)(F)F)cc2)cc1,1.295765969,1301
*Oc1ccc(S(=O)(=O)c2ccc(Oc3c(C)cc(C(C)(C)c4cc(C)c(*)c(C)c4)cc3C)cc2C(O)(C(F)(F)F)C(F)(F)F)c(C(O)(C(F)(F)F)C(F)(F)F)c1,1.262427505,1302
*Oc1ccc2c(c1)nc1n2C(=O)c2ccc(-c3ccc4c(c3)C(=O)n3c-4nc4ccc(*)cc43)cc2-1,1.266039427,1303
*Oc1ccc2c(c1)nc1c3cc4c(=O)n5c6cc(*)ccc6nc5c4cc3c(=O)n21,1.307297478,1304
*c1ccc2c(c1)-c1nc3cc(Oc4ccc5nc6n(c5c4)C(=O)c4cc(C(*)(C(F)(F)F)C(F)(F)F)ccc4-6)ccc3n1C2=O,1.331719513,1305
*c1ccc(*)s1,1.283756133,1306
*c1ccc2c(c1)-c1cc(-c3nc4cc(-c5ccc6[nH]c(*)nc6c5)ccc4[nH]3)ccc1S2(=O)=O,1.212814908,1307
*Cc1ccc2[nH]c(-c3ccc4c(c3)-c3cc(-c5nc6cc(*)ccc6[nH]5)ccc3S4(=O)=O)nc2c1,1.209738995,1308
*c1ccc2sc3ccc(-c4nc5cc(-c6ccc7[nH]c(*)nc7c6)ccc5[nH]4)cc3c2c1,1.22005735,1309
*Cc1ccc2[nH]c(-c3ccc4sc5ccc(-c6nc7cc(*)ccc7[nH]6)cc5c4c3)nc2c1,1.206598942,1310
*c1cc(CCCC)c(*)s1,1.036409942,1311
*Oc1ccc(C(C)(c2ccccc2)c2ccc(OC(=O)c3cccc(C(*)=O)c3)cc2)cc1,1.14435786,1312
*Oc1ccc(C(c2ccccc2)(c2ccccc2)c2ccc(OC(=O)c3cccc(C(*)=O)c3)cc2)cc1,1.120952971,1313
*Oc1ccc(C(C)(C)c2ccc(OC(=O)c3ccc(C(=O)c4ccc(C(*)=O)cc4)cc3)cc2)cc1,1.162597364,1314
*CCCCCCCCOC(=O)c1cccc(C(=O)O*)c1,1.094982437,1315
*c1cc(Br)c(OC(=O)c2ccc(C(=O)Oc3c(Br)cc(C4(*)OC(=O)c5ccccc54)cc3Br)cc2)c(Br)c1,1.625018685,1316
*CCCCCCS(=O)(=O)c1ccc(/N=N/c2ccc(N(C)CCCCCC(=O)O*)cc2)cc1,1.129755307,1317
*CCCS(=O)(=O)c1ccc(/N=N/c2ccc(N(CCCC)CC(=O)O*)cc2)cc1,1.17835506,1318
*Oc1ccc(OC(=O)c2cc(OCCCCCCCCCCCC)c(C(*)=O)cc2OCCCCCCCCCCCC)cc1,1.00135856,1319
*CCOC(=O)NCC1(C)CC(NC(=O)O*)CC(C)(C)C1,1.089306467,1320
*Oc1ccc(C(C)(C)c2ccc(OC(=O)c3ccccc3/C=C/c3ccc(/C=C/c4ccccc4C(*)=O)cc3)cc2)cc1,1.113129096,1321
*Oc1ccc(C(C)(C)c2ccc(OC(=O)c3ccccc3/C=C/c3ccc(/C=C/c4ccccc4C(*)=O)cc3)c(C)c2)cc1C,1.085604157,1322
*Oc1ccc(S(=O)(=O)c2ccc(OC(=O)c3ccccc3/C=C/c3ccc(/C=C/c4ccccc4C(*)=O)cc3)cc2)cc1,1.203593144,1323
*c1ccc(OC(=O)c2ccccc2/C=C/c2ccc(/C=C/c3ccccc3C(=O)Oc3ccc(C4(*)OC(=O)c5ccccc54)cc3)cc2)cc1,1.161118025,1324
*Oc1cccc2c(OC(=O)c3ccccc3/C=C/c3ccc(/C=C/c4ccccc4C(*)=O)cc3)cccc12,1.159483638,1325
*Oc1cccc2ccc(OC(=O)c3ccccc3/C=C/c3ccc(/C=C/c4ccccc4C(*)=O)cc3)cc12,1.161362337,1326
*Oc1ccc2ccc(OC(=O)c3ccccc3/C=C/c3ccc(/C=C/c4ccccc4C(*)=O)cc3)cc2c1,1.174043238,1327
*Oc1cccc(OC(=O)c2ccccc2/C=C/c2ccc(/C=C/c3ccccc3C(*)=O)cc2)c1,1.152283822,1328
*Oc1ccccc1OC(=O)c1ccccc1/C=C/c1ccc(/C=C/c2ccccc2C(*)=O)cc1,1.154343518,1329
*Oc1ccc(OC(=O)c2ccccc2/C=C/c2ccc(/C=C/c3ccccc3C(*)=O)cc2)cc1,1.170701737,1330
*CCCCCCCCCCCCNC(=O)CCCCCCCCCCCCCCCCCCC(=O)N*,0.913331359,1331
*Nc1ccc(NC(=O)c2cc(C(*)=O)c(C(=O)OCC)cc2C(=O)OCC)cc1,1.205426081,1332
*Nc1cccc(C(O)Cc2ccc(NC(=O)c3ccc(C(*)=O)cc3)cc2)c1,1.211930902,1333
*c1ccc2c(c1)-c1nc3cc(-c4ccc5nc6n(c5c4)C(=O)c4cc(C(*)(C(F)(F)F)C(F)(F)F)ccc4-6)ccc3n1C2=O,1.278237634,1334
*CC(C)CNC(=O)O*,1.12616874,1335
*c1ccc(Oc2cccc(Oc3ccc(N4C(=O)c5ccc(-c6ccc7c(c6)C(=O)N(*)C7=O)cc5C4=O)cc3)c2)cc1,1.252835014,1336
*c1cccc(N2C(=O)c3ccc(C(c4ccc5c(c4)C(=O)N(*)C5=O)(C(F)(F)F)C(F)(F)F)cc3C2=O)c1,1.317287284,1337
*c1ccc2c(c1)C(=O)N(c1cccc(S(=O)(=O)c3cccc(N4C(=O)c5ccc(C(*)(C(F)(F)F)C(F)(F)F)cc5C4=O)c3)c1)C2=O,1.336308485,1338
*C(=O)Nc1ccc(Oc2ccc(N3C(=O)c4ccc(*)cc4C3=O)cc2)cc1,1.264285557,1339
*c1ccc(S(=O)(=O)c2ccc(-n3c(=O)c4cc5c(=O)n(*)c(=O)c5cc4c3=O)cc2)cc1,1.303952645,1340
*c1cccc(Oc2ccc(-n3c(=O)c4cc5c(=O)n(*)c(=O)c5cc4c3=O)cc2)c1,1.284270014,1341
*c1ccc(-c2ccc(N3C(=O)c4ccc(-c5ccc6c(c5)C(=O)N(*)C6=O)cc4C3=O)cc2C(F)(F)F)c(C(F)(F)F)c1,1.235348797,1342
*C(=O)Oc1ccc(C(C)(C)c2ccc(OC(=O)c3ccc4c(c3)C(=O)N(c3ccc(-c5ccc(N6C(=O)c7ccc(*)cc7C6=O)c(C)c5)cc3C)C4=O)cc2)cc1,1.160979338,1343
*C(=O)Oc1ccc(C(C)(C)c2ccc(OC(=O)c3ccc4c(c3)C(=O)N(c3ccc(Oc5ccc(N6C(=O)c7ccc(*)cc7C6=O)cc5)cc3)C4=O)cc2)cc1,1.224361443,1344
*C(=O)Oc1ccc(C(C)(C)c2ccc(OC(=O)c3ccc4c(c3)C(=O)N(c3ccc(-c5ccc(N6C(=O)c7ccc(*)cc7C6=O)cc5)cc3)C4=O)cc2)cc1,1.209449516,1345
*c1ccc2c(c1)C(=O)N(c1ccc3c(c1)-c1cc(N4C(=O)c5ccc(C(*)(C(F)(F)F)C(F)(F)F)cc5C4=O)ccc1C3)C2=O,1.262253686,1346
*C(=O)Nc1ccc(NC(=O)c2ccc(N3C(=O)c4ccc(*)cc4C3=O)cc2)cc1,1.30038156,1347
*c1ccc(Oc2ccc(C(c3ccc(Oc4ccc(N5C(=O)c6ccc(Oc7ccc8c(c7)C(=O)N(*)C8=O)cc6C5=O)cc4)cc3)(C(F)(F)F)C(F)(F)F)cc2)cc1,1.295800467,1348
*c1cccc(Oc2cccc(Oc3cccc(-n4c(=O)c5cc6c(=O)n(*)c(=O)c6cc5c4=O)c3)c2)c1,1.295820551,1349
*c1ccc(Oc2ccc(S(=O)(=O)c3ccc(Oc4ccc(N5C(=O)c6ccc(C(=O)c7ccc8c(c7)C(=O)N(*)C8=O)cc6C5=O)cc4)cc3)cc2)cc1,1.26934889,1350
*c1ccc(Oc2ccc(S(=O)(=O)c3ccc(Oc4ccc(N5C(=O)c6ccc(Oc7ccc8c(c7)C(=O)N(*)C8=O)cc6C5=O)cc4)cc3)cc2)cc1,1.270428801,1351
*c1ccc(Oc2cccc(Oc3ccc(N4C(=O)c5ccc(C(=O)c6ccc7c(c6)C(=O)N(*)C7=O)cc5C4=O)cc3)c2)cc1,1.269371235,1352
*c1ccc(Oc2ccc(S(=O)(=O)c3ccc(Oc4ccc(-n5c(=O)c6cc7c(=O)n(*)c(=O)c7cc6c5=O)cc4)cc3)cc2)cc1,1.287501153,1353
*c1ccc(-c2ccc(-n3c(=O)c4cc5c(=O)n(*)c(=O)c5cc4c3=O)cc2C(F)(F)F)c(C(F)(F)F)c1,1.23558415,1354
*c1ccc(S(=O)(=O)c2ccc(N3C(=O)c4ccc(-c5ccc6c(c5)C(=O)N(*)C6=O)cc4C3=O)cc2)cc1,1.251668706,1355
*C(=O)c1ccc2c(c1)C(=O)N(c1ccc(C3(c4ccc(N5C(=O)c6ccc(*)cc6C5=O)cc4)c4ccccc4-c4ccccc43)cc1)C2=O,1.135742607,1356
*CCCCCCN1C(=O)c2ccc(C(c3ccc4c(c3)C(=O)N(*)C4=O)(C(F)(F)F)C(F)(F)F)cc2C1=O,1.288680122,1357
*c1ccc2c(c1)C(=O)N(c1c(C)cc(Cc3cc(C)c(N4C(=O)c5ccc(C(*)(C(F)(F)F)C(F)(F)F)cc5C4=O)c(C)c3)cc1C)C2=O,1.149323946,1358
*c1ccc2c(c1)C(=O)N(c1c(CC)cc(Cc3cc(CC)c(N4C(=O)c5ccc(C(*)(C(F)(F)F)C(F)(F)F)cc5C4=O)c(CC)c3)cc1CC)C2=O,1.128172684,1359
*c1ccc2c(c1)C(=O)N(c1c(C(C)C)cc(Cc3cc(C(C)C)c(N4C(=O)c5ccc(C(*)(C(F)(F)F)C(F)(F)F)cc5C4=O)c(C(C)C)c3)cc1C(C)C)C2=O,1.054205669,1360
*c1ccc2c(c1)C(=O)N(c1cc(N3C(=O)c4ccc(C(*)(C(F)(F)F)C(F)(F)F)cc4C3=O)ccc1C)C2=O,1.24938533,1361
*c1ccc(S(=O)(=O)c2ccc(N3C(=O)c4ccc(C(c5ccc6c(c5)C(=O)N(*)C6=O)(C(F)(F)F)C(F)(F)F)cc4C3=O)cc2)cc1,1.310115561,1362
*c1ccc(S(=O)(=O)c2ccc(N3C(=O)c4ccc(C(=O)c5ccc6c(c5)C(=O)N(*)C6=O)cc4C3=O)cc2)cc1,1.295795426,1363
*c1ccc(-c2ccc(-n3c(=O)c4cc5c(=O)n(*)c(=O)c5cc4c3=O)cc2OC(F)(F)F)c(OC(F)(F)F)c1,1.340617278,1364
*C1CCC(N2C(=O)c3ccc(-c4ccc5c(c4)C(=O)N(*)C5=O)cc3C2=O)CC1,1.221232144,1365
*c1cc(C(c2ccc(O)c(-n3c(=O)c4cc5c(=O)n(*)c(=O)c5cc4c3=O)c2)(C(F)(F)F)C(F)(F)F)ccc1O,1.357726456,1366
*c1ccc2c(c1)C(=O)N(c1ccc(C(c3ccc(C)c(N4C(=O)c5ccc(C(*)(C(F)(F)F)C(F)(F)F)cc5C4=O)c3)(C(F)(F)F)C(F)(F)F)cc1C)C2=O,1.259487717,1367
*c1ccc2c(c1)C(=O)N(c1ccc(Oc3ccc(-c4ccc(Oc5ccc(N6C(=O)c7ccc(C(*)(C(F)(F)F)C(F)(F)F)cc7C6=O)cc5)cc4)cc3)cc1)C2=O,1.257027996,1368
*c1ccc(Oc2ccc(S(=O)(=O)c3ccc(Oc4ccc(N5C(=O)c6ccc(C(c7ccc8c(c7)C(=O)N(*)C8=O)(C(F)(F)F)C(F)(F)F)cc6C5=O)cc4)cc3)cc2)cc1,1.306828793,1369
*c1ccc2c(c1)C(=O)N(c1cccc(Oc3ccc(S(=O)(=O)c4ccc(Oc5cccc(N6C(=O)c7ccc(C(*)(C(F)(F)F)C(F)(F)F)cc7C6=O)c5)cc4)cc3)c1)C2=O,1.317245118,1370
*c1ccc(C(C)(C)c2ccc(N3C(=O)c4ccc(Oc5ccc6c(c5)C(=O)N(*)C6=O)cc4C3=O)cc2)cc1,1.188319624,1371
*c1ccc(S(=O)(=O)c2ccc(N3C(=O)c4ccc(Oc5ccc6c(c5)C(=O)N(*)C6=O)cc4C3=O)cc2)cc1,1.283240207,1372
*c1ccc2c(c1)C(=O)N(c1ccc(Oc3ccc(N4C(=O)c5ccc(C(C)(C)CCCCCCCCC(*)(C)C)cc5C4=O)cc3)cc1)C2=O,1.09921516,1373
*C(=O)Nc1cccc(NC(=O)c2ccc(N3C(=O)c4ccc(*)cc4C3=O)cc2)c1,1.288525485,1374
*C(=O)c1ccc2c(c1)C(=O)N(c1ccc(C(=O)Nc3ccc(N4C(=O)c5ccc(*)cc5C4=O)cc3)cc1)C2=O,1.278260146,1375
*c1cccc(Oc2ccc(N3C(=O)c4ccc(C(=O)c5ccc6c(c5)C(=O)N(*)C6=O)cc4C3=O)cc2)c1,1.267108398,1376
*c1ccc(-c2sc(-c3ccc(-n4c(=O)c5cc6c(=O)n(*)c(=O)c6cc5c4=O)cc3)c(-c3ccccc3)c2-c2ccccc2)cc1,1.124308327,1377
*c1ccc(C(c2ccc(N3C(=O)c4cc5c(cc4C3=O)C(C(F)(F)F)(C(F)(F)F)c3cc4c(cc3O5)C(=O)N(*)C4=O)cc2)(C(F)(F)F)C(F)(F)F)cc1,1.308883696,1378
*c1ccc2c(c1)C(=O)N(c1cc(C(c3ccc(O)c(N4C(=O)c5ccc(C(*)(C(F)(F)F)C(F)(F)F)cc5C4=O)c3)(C(F)(F)F)C(F)(F)F)ccc1O)C2=O,1.333438371,1379
*c1ccc(Oc2c(C)cc(Cc3cc(C)c(Oc4ccc(-n5c(=O)c6cc7c(=O)n(*)c(=O)c7cc6c5=O)cc4)c(C)c3)cc2C)cc1,1.126951227,1380
*c1ccc(Oc2c(C)cc(Cc3cc(C)c(Oc4ccc(N5C(=O)c6ccc(-c7ccc8c(c7)C(=O)N(*)C8=O)cc6C5=O)cc4)c(C)c3)cc2C)cc1,1.132492938,1381
*C(=O)c1ccc2c(c1)C(=O)N(c1ccc(Oc3c(C)cc(Cc4cc(C)c(Oc5ccc(N6C(=O)c7ccc(*)cc7C6=O)cc5)c(C)c4)cc3C)cc1)C2=O,1.149765843,1382
*c1ccc2c(c1)C(=O)N(c1ccc(Oc3c(C)cc(Cc4cc(C)c(Oc5ccc(N6C(=O)c7ccc(C(*)(C(F)(F)F)C(F)(F)F)cc7C6=O)cc5)c(C)c4)cc3C)cc1)C2=O,1.188244381,1383
*c1c(C)cc(C(c2cc(C)c(N3C(=O)c4ccc(-c5ccc6c(c5)C(=O)N(*)C6=O)cc4C3=O)c(C)c2)c2cccc3ccccc23)cc1C,1.048715077,1384
*C(=O)c1ccc2c(c1)C(=O)N(c1c(C)cc(C(c3cc(C)c(N4C(=O)c5ccc(*)cc5C4=O)c(C)c3)c3cccc4ccccc34)cc1C)C2=O,1.052850236,1385
*c1ccc2c(c1)C(=O)N(c1c(C)cc(C(c3cc(C)c(N4C(=O)c5ccc(C(*)(C(F)(F)F)C(F)(F)F)cc5C4=O)c(C)c3)c3cccc4ccccc34)cc1C)C2=O,1.104934419,1386
*c1ccc(Oc2c(C)cc(C(c3cc(C)c(Oc4ccc(-n5c(=O)c6cc7c(=O)n(*)c(=O)c7cc6c5=O)cc4)c(C)c3)c3cccc4ccccc34)cc2C)cc1,1.0879766,1387
*c1ccc(Oc2c(C)cc(C(c3cc(C)c(Oc4ccc(N5C(=O)c6ccc(-c7ccc8c(c7)C(=O)N(*)C8=O)cc6C5=O)cc4)c(C)c3)c3cccc4ccccc34)cc2C)cc1,1.105842199,1388
*c1ccc2c(c1)C(=O)N(c1ccc(Oc3c(C)cc(C(c4cc(C)c(Oc5ccc(N6C(=O)c7ccc(C(*)(C(F)(F)F)C(F)(F)F)cc7C6=O)cc5)c(C)c4)c4cccc5ccccc45)cc3C)cc1)C2=O,1.147237154,1389
*/C=C/C1CC(*)C2C(=O)N(CCCCC)C(=O)C12,1.050823811,1390
*/C=C/C1CC(*)C2C(=O)N(CCCCCC)C(=O)C12,1.035217626,1391
*c1cccc(P(=O)(c2cccc(-n3c(=O)c4cc5c(=O)n(*)c(=O)c5cc4c3=O)c2)c2cc(C(F)(F)F)cc(C(F)(F)F)c2)c1,1.318625494,1392
*c1cccc(P(=O)(c2ccc(C(F)(F)F)cc2)c2cccc(-n3c(=O)c4cc5c(=O)n(*)c(=O)c5cc4c3=O)c2)c1,1.274278888,1393
*c1cccc(P(=O)(c2ccccc2)c2cccc(-n3c(=O)c4cc5c(=O)n(*)c(=O)c5cc4c3=O)c2)c1,1.23347752,1394
*Oc1c(C)cc(C(C)(C)c2cc(C)c(ON3C(=O)c4ccc(Oc5ccc(C6(c7ccc(Oc8ccc9c(c8)C(=O)N(*)C9=O)cc7)CCC(C(C)(C)C)CC6)cc5)cc4C3=O)c(C)c2)cc1C,1.08647954,1395
*c1ccc(Oc2ccc(C(c3ccc(Oc4ccc(N5C(=O)c6ccc(Oc7ccc(C8(c9ccc(Oc%10ccc%11c(c%10)C(=O)N(*)C%11=O)cc9)CCC(C(C)(C)C)CC8)cc7)cc6C5=O)cc4)cc3)(C(F)(F)F)C(F)(F)F)cc2)cc1,1.183874742,1396
*c1ccc(Oc2ccc(Oc3ccc(N4C(=O)c5ccc(Oc6ccc(C7(c8ccc(Oc9ccc%10c(c9)C(=O)N(*)C%10=O)cc8)CCC(C(C)(C)C)CC7)cc6)cc5C4=O)cc3)c(C(C)(C)C)c2)cc1,1.108698074,1397
*c1ccc(Oc2ccc(C3(c4ccc(Oc5ccc(N6C(=O)c7ccc(Oc8ccc(C9(c%10ccc(Oc%11ccc%12c(c%11)C(=O)N(*)C%12=O)cc%10)CCC(C(C)(C)C)CC9)cc8)cc7C6=O)cc5)cc4)CC4CC3C3CCCC43)cc2)cc1,1.105510641,1398
*C(=O)Nc1cccc(C#Cc2cccc(N3C(=O)c4ccc(*)cc4C3=O)c2)c1,1.207196695,1399
*c1ccc(Oc2ccc(NC(=O)CN3C(=O)c4ccc(C(c5ccc6c(c5)C(=O)N(CC(=O)Nc5ccc(Oc7ccc(-c8nnc(*)o8)cc7)cc5)C6=O)(C(F)(F)F)C(F)(F)F)cc4C3=O)cc2)cc1,1.321558491,1400
*c1ccc(Oc2c(C)cc(C(C)(C)c3cc(C)c(Oc4ccc(N5C(=O)c6ccc(Oc7ccc(C8(c9ccc(Oc%10ccc%11c(c%10)C(=O)N(*)C%11=O)cc9)CCC(c9ccccc9)CC8)cc7)cc6C5=O)cc4)c(C)c3)cc2C)cc1,1.099576141,1401
*c1ccc(Oc2ccc(Oc3ccc(N4C(=O)c5ccc(Oc6ccc(C7(c8ccc(Oc9ccc%10c(c9)C(=O)N(*)C%10=O)cc8)CCC(c8ccccc8)CC7)cc6)cc5C4=O)cc3)c(C(C)(C)C)c2)cc1,1.137986282,1402
*c1ccc(Oc2ccc(-c3ccc(Oc4ccc(N5C(=O)c6ccc(Oc7ccc(C8(c9ccc(Oc%10ccc%11c(c%10)C(=O)N(*)C%11=O)cc9)CCC(c9ccccc9)CC8)cc7)cc6C5=O)cc4)cc3C)c(C)c2)cc1,1.145147381,1403
*c1ccc(Oc2ccc(N3C(=O)c4ccc(Oc5ccc(C6(c7ccc(Oc8ccc9c(c8)C(=O)N(*)C9=O)cc7)CCC(c7ccccc7)CC6)cc5)cc4C3=O)cc2)cc1,1.165731568,1404
*c1ccc(Oc2ccccc2Oc2ccc(-n3c(=O)c4cc5c(=O)n(*)c(=O)c5cc4c3=O)cc2)cc1,1.279833729,1405
*c1ccc(Oc2ccc(Oc3ccc(-n4c(=O)c5cc6c(=O)n(*)c(=O)c6cc5c4=O)cc3)cc2C(C)(C)C)cc1,1.155735832,1406
*c1ccc(Oc2ccc(Oc3ccc(-n4c(=O)c5cc6c(=O)n(*)c(=O)c6cc5c4=O)cc3)cc2-c2ccccc2)cc1,1.228190525,1407
*c1ccc(Oc2cc(C(C)(C)C)ccc2Oc2ccc(-n3c(=O)c4cc5c(=O)n(*)c(=O)c5cc4c3=O)cc2)cc1,1.192553559,1408
*c1ccc(Oc2ccc(Oc3ccc(N4C(=O)c5ccc(-c6ccc7c(c6)C(=O)N(*)C7=O)cc5C4=O)cc3)cc2)cc1,1.238883713,1409
*c1ccc(Oc2ccccc2Oc2ccc(N3C(=O)c4ccc(-c5ccc6c(c5)C(=O)N(*)C6=O)cc4C3=O)cc2)cc1,1.252823634,1410
*c1ccc(Oc2ccc(Oc3ccc(N4C(=O)c5ccc(-c6ccc7c(c6)C(=O)N(*)C7=O)cc5C4=O)cc3)c(C(C)(C)C)c2)cc1,1.153474075,1411
*c1ccc(Oc2ccc(Oc3ccc(N4C(=O)c5ccc(-c6ccc7c(c6)C(=O)N(*)C7=O)cc5C4=O)cc3)c(-c3ccccc3)c2)cc1,1.202889399,1412
*c1ccc(Oc2cc(C(C)(C)C)ccc2Oc2ccc(N3C(=O)c4ccc(-c5ccc6c(c5)C(=O)N(*)C6=O)cc4C3=O)cc2)cc1,1.171705288,1413
*c1ccc(Oc2ccc(-c3ccc(Oc4ccc(N5C(=O)c6ccc(Oc7cccc(Oc8ccc9c(c8)C(=O)N(*)C9=O)c7)cc6C5=O)cc4)cc3)cc2)cc1,1.246201454,1414
*c1ccc(Oc2ccc(C3(c4ccc(Oc5ccc(N6C(=O)c7ccc(Oc8ccc(C9(c%10ccc(Oc%11ccc%12c(c%11)C(=O)N(*)C%12=O)cc%10)CCC(c%10ccccc%10)CC9)cc8)cc7C6=O)cc5)cc4)CC4CC3C3CCCC43)cc2)cc1,1.128591153,1415
*C(=O)c1ccc2c(c1)C(=O)N(c1cc(C(c3ccc(O)c(N4C(=O)c5ccc(*)cc5C4=O)c3)(C(F)(F)F)C(F)(F)F)ccc1O)C2=O,1.335670182,1416
*c1ccc(Oc2ccc(-c3ccc(Oc4ccc(N5C(=O)c6ccc(Oc7ccc(C8(c9ccc(Oc%10ccc%11c(c%10)C(=O)N(*)C%11=O)cc9)CCCCCCCCCCC8)cc7)cc6C5=O)cc4)cc3C)c(C)c2)cc1,1.09791089,1417
*c1ccc(Cc2ccc(N3C(=O)c4ccc(Oc5ccc(C6(c7ccc(Oc8ccc9c(c8)C(=O)N(*)C9=O)cc7)CCCCCCCCCCC6)cc5)cc4C3=O)cc2)cc1,1.105899582,1418
*c1ccc(Oc2ccc(Oc3ccc(N4C(=O)c5ccc(Oc6ccc(C7(c8ccc(Oc9ccc%10c(c9)C(=O)N(*)C%10=O)cc8)CCCCCCCCCCC7)cc6)cc5C4=O)cc3)c(C(C)(C)C)c2)cc1,1.080878734,1419
*c1ccc(Oc2ccc(C3(c4ccc(Oc5ccc(N6C(=O)c7ccc(Oc8ccc(C9(c%10ccc(Oc%11ccc%12c(c%11)C(=O)N(*)C%12=O)cc%10)CCCCCCCCCCC9)cc8)cc7C6=O)cc5)cc4)CCC(C(C)(C)C)CC3)cc2)cc1,1.073893097,1420
*c1ccc(Oc2ccc(C3(c4ccc(Oc5ccc(N6C(=O)c7ccc(Oc8ccc(C9(c%10ccc(Oc%11ccc%12c(c%11)C(=O)N(*)C%12=O)cc%10)CCCCCCCCCCC9)cc8)cc7C6=O)cc5)cc4)C4CC5CC(C4)CC3C5)cc2)cc1,1.101806479,1421
*c1ccc2c(c1)C(=O)N(c1ccc(Oc3ccc4ccc(Oc5ccc(N6C(=O)c7ccc(C(*)(C(F)(F)F)C(F)(F)F)cc7C6=O)cc5)cc4c3)cc1)C2=O,1.283568007,1422
*c1ccc(Oc2ccc3ccc(Oc4ccc(-n5c(=O)c6cc7c(=O)n(*)c(=O)c7cc6c5=O)cc4)cc3c2)cc1,1.273386357,1423
*c1cccc(P(=O)(c2cccc(-n3c(=O)c4c(-c5cc(C(F)(F)F)cc(C(F)(F)F)c5)c5c(=O)n(*)c(=O)c5c(-c5cc(C(F)(F)F)cc(C(F)(F)F)c5)c4c3=O)c2)c2cc(C(F)(F)F)cc(C(F)(F)F)c2)c1,1.312247717,1424
*c1cccc(P(=O)(c2ccc(C(F)(F)F)cc2)c2cccc(-n3c(=O)c4c(-c5cc(C(F)(F)F)cc(C(F)(F)F)c5)c5c(=O)n(*)c(=O)c5c(-c5cc(C(F)(F)F)cc(C(F)(F)F)c5)c4c3=O)c2)c1,1.290758894,1425
*c1cccc(P(=O)(c2ccccc2)c2cccc(-n3c(=O)c4c(-c5cc(C(F)(F)F)cc(C(F)(F)F)c5)c5c(=O)n(*)c(=O)c5c(-c5cc(C(F)(F)F)cc(C(F)(F)F)c5)c4c3=O)c2)c1,1.256448494,1426
*c1cccc(P(=O)(c2cccc(-n3c(=O)c4c(-c5ccc(C(F)(F)F)cc5)c5c(=O)n(*)c(=O)c5c(-c5ccc(C(F)(F)F)cc5)c4c3=O)c2)c2cc(C(F)(F)F)cc(C(F)(F)F)c2)c1,1.275974405,1427
*c1cccc(P(=O)(c2ccc(C(F)(F)F)cc2)c2cccc(-n3c(=O)c4c(-c5ccc(C(F)(F)F)cc5)c5c(=O)n(*)c(=O)c5c(-c5ccc(C(F)(F)F)cc5)c4c3=O)c2)c1,1.240680333,1428
*c1cccc(P(=O)(c2ccccc2)c2cccc(-n3c(=O)c4c(-c5ccc(C(F)(F)F)cc5)c5c(=O)n(*)c(=O)c5c(-c5ccc(C(F)(F)F)cc5)c4c3=O)c2)c1,1.211199174,1429
*c1cccc(P(=O)(c2cccc(-n3c(=O)c4c(-c5ccccc5)c5c(=O)n(*)c(=O)c5c(-c5ccccc5)c4c3=O)c2)c2cc(C(F)(F)F)cc(C(F)(F)F)c2)c1,1.217051099,1430
*c1cccc(P(=O)(c2ccc(C(F)(F)F)cc2)c2cccc(-n3c(=O)c4c(-c5ccccc5)c5c(=O)n(*)c(=O)c5c(-c5ccccc5)c4c3=O)c2)c1,1.191105752,1431
*c1cccc(P(=O)(c2ccccc2)c2cccc(-n3c(=O)c4c(-c5ccccc5)c5c(=O)n(*)c(=O)c5c(-c5ccccc5)c4c3=O)c2)c1,1.146744103,1432
*c1ccc(Oc2ccc(N3C(=O)c4cccc(Oc5cccc6c5C(=O)N(*)C6=O)c4C3=O)cc2)cc1,1.284526309,1433
*c1ccc(Oc2ccc(N3C(=O)c4ccc(Oc5cccc6c5C(=O)N(*)C6=O)cc4C3=O)cc2)cc1,1.273119351,1434
*c1ccc(Oc2ccc(Oc3ccc(N4C(=O)c5cccc(Oc6cccc7c6C(=O)N(*)C7=O)c5C4=O)cc3)cc2)cc1,1.265742575,1435
*c1ccc(Oc2ccc(Oc3ccc(N4C(=O)c5ccc(Oc6cccc7c6C(=O)N(*)C7=O)cc5C4=O)cc3)cc2)cc1,1.258077327,1436
*c1ccc(Oc2ccc(N3C(=O)C4CCC5C(=O)N(*)C(=O)C5C4C3=O)cc2)cc1,1.224206455,1437
*c1ccc(Cc2ccc(N3C(=O)C4CCC5C(=O)N(*)C(=O)C5C4C3=O)c(C)c2)cc1C,1.113927188,1438
*c1ccc(Oc2ccc(Oc3ccc(N4C(=O)C5CCC6C(=O)N(*)C(=O)C6C5C4=O)cc3)cc2)cc1,1.213193563,1439
*c1ccc(Oc2ccc(C(C)(C)c3ccc(Oc4ccc(N5C(=O)C6CCC7C(=O)N(*)C(=O)C7C6C5=O)cc4)cc3)cc2)cc1,1.163593926,1440
*C(=O)c1ccc2c(c1)C(=O)N(c1c(C)cc(Cc3cc(C)c(N4C(=O)c5ccc(*)cc5C4=O)c(C)c3)cc1C)C2=O,1.094593488,1441
*C(=O)c1ccc2c(c1)C(=O)N(c1c(CC)cc(Cc3cc(CC)c(N4C(=O)c5ccc(*)cc5C4=O)c(CC)c3)cc1CC)C2=O,1.063182588,1442
*C(=O)c1ccc2c(c1)C(=O)N(c1c(C(C)C)cc(Cc3cc(C(C)C)c(N4C(=O)c5ccc(*)cc5C4=O)c(C(C)C)c3)cc1C(C)C)C2=O,1.001467547,1443
*c1ccc(Oc2ccc(Oc3ccc(N4C(=O)c5ccc(Oc6ccccc6Oc6ccc7c(c6)C(=O)N(*)C7=O)cc5C4=O)cc3C(F)(F)F)cc2)c(C(F)(F)F)c1,1.333812448,1444
*c1ccc(Oc2ccccc2Oc2ccc(N3C(=O)c4ccc(Oc5ccccc5Oc5ccc6c(c5)C(=O)N(*)C6=O)cc4C3=O)cc2C(F)(F)F)c(C(F)(F)F)c1,1.319418273,1445
*c1ccc(Oc2c(C)cc(-c3cc(C)c(Oc4ccc(N5C(=O)c6ccc(Oc7ccccc7Oc7ccc8c(c7)C(=O)N(*)C8=O)cc6C5=O)cc4C(F)(F)F)c(C)c3)cc2C)c(C(F)(F)F)c1,1.230109509,1446
*c1ccc(Oc2ccc(C(c3ccc(Oc4ccc(N5C(=O)c6ccc(Oc7ccccc7Oc7ccc8c(c7)C(=O)N(*)C8=O)cc6C5=O)cc4C(F)(F)F)cc3)(C(F)(F)F)C(F)(F)F)cc2)c(C(F)(F)F)c1,1.347929123,1447
*c1ccc(Oc2ccc(C3(c4ccc(Oc5ccc(N6C(=O)c7ccc(Oc8ccccc8Oc8ccc9c(c8)C(=O)N(*)C9=O)cc7C6=O)cc5C(F)(F)F)cc4)c4ccccc4-c4ccccc43)cc2)c(C(F)(F)F)c1,1.25213482,1448
*c1ccc(N2C(=O)c3ccc(Oc4ccc(C(C)(C)c5cccc(Oc6ccc7c(c6)C(=O)N(*)C7=O)c5)cc4)cc3C2=O)cc1,1.211368453,1449
*CCCCCCCCCCN1C(=O)C2C3C=CC(C4C(=O)N(*)C(=O)C34)C2C1=O,1.115283233,1450
*C1CCC(CC2CCC(N3C(=O)C4C5C=CC(C6C(=O)N(*)C(=O)C56)C4C3=O)CC2)CC1,1.096899673,1451
*C1CCC(CC2CCC(N3C(=O)C4C5C=CC(C6C(=O)N(*)C(=O)C56)C4C3=O)C(C)C2)CC1C,1.058498105,1452
*c1cc(C(c2ccc(O)c(N3C(=O)c4ccc(Oc5ccc6c(c5)C(=O)N(*)C6=O)cc4C3=O)c2)(C(F)(F)F)C(F)(F)F)ccc1O,1.344261415,1453
*c1ccc(C(C)(C)c2ccc(C(C)(C)c3ccc(N4C(=O)c5ccc(Oc6ccc7c(c6)C(=O)N(*)C7=O)cc5C4=O)cc3)cc2)cc1,1.117686372,1454
*c1ccc(Sc2ccc(Sc3ccc(Sc4ccc(-n5c(=O)c6cc7c(=O)n(*)c(=O)c7cc6c5=O)cc4)cc3)cc2)cc1,1.289064116,1455
*c1ccc(Sc2ccc3c(c2)Sc2ccc(Sc4ccc(-n5c(=O)c6cc7c(=O)n(*)c(=O)c7cc6c5=O)cc4)cc2S3)cc1,1.305780731,1456
*C(=O)Oc1ccc(OC(=O)c2ccc3c(c2)C(=O)N(C2CCC(N4C(=O)c5ccc(*)cc5C4=O)CC2)C3=O)cc1,1.262452899,1457
*C(=O)Oc1ccc(OC(=O)c2ccc3c(c2)C(=O)N(c2ccc(-c4ccc(N5C(=O)c6ccc(*)cc6C5=O)cc4C(F)(F)F)c(C(F)(F)F)c2)C3=O)cc1,1.335659721,1458
*c1ccc(C(=O)Oc2ccc(-n3c(=O)c4cc5c(=O)n(*)c(=O)c5cc4c3=O)cc2)cc1,1.318962202,1459
*c1ccc(C(=O)Oc2ccc(N3C(=O)c4ccc(-c5ccc6c(c5)C(=O)N(*)C6=O)cc4C3=O)cc2)cc1,1.281208701,1460
*C(=O)Oc1ccc(OC(=O)c2ccc3c(c2)C(=O)N(c2ccc(C(=O)Oc4ccc(N5C(=O)c6ccc(*)cc6C5=O)cc4)cc2)C3=O)cc1,1.303485145,1461
*c1ccc(C(=O)Nc2ccc(-n3c(=O)c4cc5c(=O)n(*)c(=O)c5cc4c3=O)cc2)cc1,1.312416633,1462
*C(=O)Oc1ccc(OC(=O)c2ccc3c(c2)C(=O)N(c2ccc(C(=O)Nc4ccc(N5C(=O)c6ccc(*)cc6C5=O)cc4)cc2)C3=O)cc1,1.306231148,1463
*c1cc(C(c2ccc(O)c(N3C(=O)c4ccc(-c5ccc6c(c5)C(=O)N(*)C6=O)cc4C3=O)c2)(C(F)(F)F)C(F)(F)F)ccc1O,1.2976353,1464
*c1ccc2c(c1)C(=O)N(c1ccc(-c3ccc(Oc4ccc5c(c4)C(C)(c4ccc(Oc6ccc(-c7ccc(N8C(=O)c9ccc(C(*)(C(F)(F)F)C(F)(F)F)cc9C8=O)cc7)cc6C(F)(F)F)cc4)CC5(C)C)c(C(F)(F)F)c3)cc1)C2=O,1.229265414,1465
*c1ccc(-c2ccc(Oc3ccc(C4(C)CC(C)(C)c5ccc(Oc6ccc(-c7ccc(N8C(=O)c9ccc(Oc%10ccc%11c(c%10)C(=O)N(*)C%11=O)cc9C8=O)cc7)cc6C(F)(F)F)cc54)cc3)c(C(F)(F)F)c2)cc1,1.205587594,1466
*c1cccc(N2C(=O)c3ccc(-c4cccc5c4C(=O)N(*)C5=O)cc3C2=O)c1,1.240217083,1467
*c1ccc(-c2ccc(N3C(=O)c4ccc(-c5cccc6c5C(=O)N(*)C6=O)cc4C3=O)c(C)c2)cc1C,1.114037498,1468
*c1ccc(-c2ccc(N3C(=O)c4ccc(-c5cccc6c5C(=O)N(*)C6=O)cc4C3=O)cc2C)c(C)c1,1.114377047,1469
*c1ccc(-c2ccc(N3C(=O)c4ccc(-c5cccc6c5C(=O)N(*)C6=O)cc4C3=O)cc2C(F)(F)F)c(C(F)(F)F)c1,1.241363139,1470
*c1ccc(Oc2cccc(N3C(=O)c4ccc(-c5cccc6c5C(=O)N(*)C6=O)cc4C3=O)c2)cc1,1.238208298,1471
*c1ccc(Oc2ccc(Oc3ccc(N4C(=O)c5ccc(-c6cccc7c6C(=O)N(*)C7=O)cc5C4=O)cc3)cc2)cc1,1.224657804,1472
*c1ccc(Oc2cccc(Oc3ccc(N4C(=O)c5ccc(-c6cccc7c6C(=O)N(*)C7=O)cc5C4=O)cc3)c2)cc1,1.238084525,1473
*c1cccc(Oc2cccc(Oc3cccc(N4C(=O)c5ccc(-c6cccc7c6C(=O)N(*)C7=O)cc5C4=O)c3)c2)c1,1.245112428,1474
*c1ccc(-c2ccc(N3C(=O)c4cc5c(cc4C3=O)C(C(F)(F)F)(C(F)(F)F)c3cc4c(cc3O5)C(=O)N(*)C4=O)cc2C(F)(F)F)c(C(F)(F)F)c1,1.258323544,1475
*c1ccc(-c2ccc(N3C(=O)c4cc5c(cc4C3=O)C(C(F)(F)F)(C(F)(F)F)c3cc4c(cc3O5)C(=O)N(*)C4=O)cc2OC(F)(F)F)c(OC(F)(F)F)c1,1.308167258,1476
*C(=O)Nc1ccc(C2(c3ccc(NC(=O)c4ccc5c(c4)C(=O)N(c4ccc(Sc6ccc(Oc7ccc(Sc8ccc(N9C(=O)c%10ccc(*)cc%10C9=O)cc8)cc7)cc6)cc4)C5=O)cc3)c3ccccc3-c3ccccc32)cc1,1.211912125,1477
*c1ccc(Sc2ccc(Oc3ccc(Sc4ccc(N5C(=O)c6ccc(Oc7ccc(C(C)(C)c8ccc(Oc9ccc%10c(c9)C(=O)N(*)C%10=O)cc8)cc7)cc6C5=O)cc4)cc3)cc2)cc1,1.217456722,1478
*c1ccc2c(c1)C(=O)N(c1ccc(Sc3ccc(Oc4ccc(Sc5ccc(N6C(=O)c7ccc(C(*)(C(F)(F)F)C(F)(F)F)cc7C6=O)cc5)cc4)cc3)cc1)C2=O,1.295180711,1479
*OC(C)COC(*)=O,1.202638184,1480
*Oc1ccc(C(C)(C)c2ccc(OC(*)=O)c(CC)c2)cc1CC,1.042006546,1481
*Oc1ccc(C(C)(CCC#N)c2ccc(OC(*)=O)cc2)cc1,1.128123384,1482
*Oc1ccc(C(C)(CCC#N)c2ccc(OC(*)=O)c(C)c2)cc1C,1.073618602,1483
*Oc1ccc(C(CCC)(CCC)c2ccc(OC(*)=O)c(C)c2)cc1C,0.972761341,1484
*Oc1ccc(C(CCCC)(CCCC)c2ccc(OC(*)=O)cc2)cc1,1.002496135,1485
*CCCCCCCCCSC(=O)S*,1.067551023,1486
*CCCCCCCCCCCCSC(=O)S*,1.024034539,1487
*Sc1ccc(Cc2ccc(SC(*)=O)cc2)cc1,1.226614486,1488
*Oc1ccc(C(C)(C)c2ccc(OC(=O)SCCCSC(*)=O)cc2)cc1,1.187060668,1489
*Oc1ccc(C(C)(C)c2ccc(OC(=O)SCCCCCCSC(*)=O)cc2)cc1,1.147142464,1490
*Oc1ccc(C(C)(C)c2ccc(OC(=O)Sc3ccc(C(C)(C)c4ccc(SC(*)=O)cc4)cc3)cc2)cc1,1.146463028,1491
*C1CCC(*)N1,1.038245022,1492
*Nc1ccc(*)cc1,1.203537777,1493
*c1ccc(Cc2ccc(N(*)Cc3ccccc3)cc2)cc1,1.08968454,1494
*Cc1cc(C(C)(C)c2ccc3c(c2)CN(C)CO3)cc(CN(*)C)c1O,1.087875668,1495
*c1ccc(C(c2ccc(-c3nc4cc(-c5ccc6nc(*)[nH]c6c5)ccc4[nH]3)cc2)(C(F)(F)F)C(F)(F)F)cc1,1.234290717,1496
*c1ccc(C(c2ccc(-c3nc4ccc(-c5ccc6nc(*)[nH]c6c5)cc4[nH]3)cc2)(C(F)(F)F)C(F)(F)F)cc1,1.236638312,1497
*c1cccc(S(=O)(=O)NCCCCCCNS(*)(=O)=O)c1,1.285079964,1498
*c1ccc(S(*)(=O)=O)cc1,1.355113919,1499
*Cc1cc(*)c(O)cc1C,1.098554283,1500
