smiles,thermal_conductivity
*C(C*)C,0.25877338
*C(C*)CC,0.264363289
*C(C*)CCC,0.261130695
*C(C*)C(C)C,0.234342233
*C(C*)CCCC,0.275330549
*C(C*)CC(C)C,0.240918065
*C(C*)CCCCC,0.27463839
*C(C*)CCC(CC)C,0.265949678
*C(C*)CCCCCCC,0.3025418
*C(C*)CCCCCCCC,0.311086292
*C(C*)(C)C,0.239525744
*C(C*)(CC)C,0.238234779
*C(CC*)(C)C,0.243031165
*C(C(C*)C)(C)C,0.236350165
*C(CCC*)(C)C,0.26184049
*C(CCC*)(CC)C,0.255337725
*C(CCCCCCC*)C,0.335492597
*C(C*)C1CC1,0.241876535
*C(C*)C1CCC1,0.225308463
*C(C*)C1CCCC1,0.231107263
*C(C*)CC1CCCC1,0.258406248
*C(C*)C1CCCCC1,0.209246003
*C(C*)CC1CCCCC1,0.229332958
*C(C*)Cc1ccccc1,0.192462189
*C(C*)CCc1ccccc1,0.213754837
*C(C*)C(c1ccccc1)C,0.185319288
*C(C*)CCCCCC,0.285305157
*C(C*)CCCCCCCCCC,0.342728736
*C(C*)CCCCCCCCCCCC,0.357973495
*C(C*)CCCCCCCCCCCCCCCC,0.373038526
*C(C*)C(CC)C,0.234228593
*C(C*)C(CC)CC,0.243101437
*C(C*)CC(CC)CC,0.26234017
*C(C*)CC(CC)C,0.263746378
*C(C*)CC(C)(C)C,0.234660455
*C(C*)CC(CC)(C)C,0.232292247
*C(C*)CCCC(C)(C)C,0.257288867
*C(C*)CCC1CCCCC1,0.251637679
*C(C*)CCCC1CCCCC1,0.265537579
*C1(CCC(CC1)C)C*,0.21062304
*C(C*)(CCC)C,0.243076256
*/C=C/CC*,0.303711437
*/C=C\CC*,0.266947942
*C=CCC*,0.314780299
*C(C)C(C)*,0.264498348
*C(C(CC*)C)C,0.254887827
*C1C(CCC1)CC*,0.250907231
*C=CCCCCCCCC*,0.343357529
*C(C*)CCCCCCCCCCCCCCCCCCCC,0.393169818
*/C=C/CCCCCCCCCC*,0.336324709
*C=CCCCCCC*,0.302191029
*/C=C/CCC*,0.289325665
*C(C*)C(C)(C)C,0.210797175
*/C=C\CCCC*,0.263602776
*C(CC)C(CC)*,0.250042719
*C(C*)CCCCCCCCCCC,0.329033378
*C(C*)CCCCCCCCC,0.296879704
*C(C*)C1CC(CCC1)C,0.212366103
*C(C*)C1CCC(CC1)C,0.229479225
*C(C*)C1CC=CCC1,0.196699201
*C(=CCC*)CCCCCCC,0.278102134
*C(=CCC*)C(C)C,0.235767575
*/C=C\CCC*,0.244482147
*C(C*)CCC(C)(C)C,0.249457925
*C1C(CC1)*,0.236871624
*/C=C\*,0.573236329
*C1CC(CC1)C=C*,0.309193929
*/C=C/C(C*)C(CC)C,0.237962753
*C(=CCC*)CCC,0.257522564
*C=CCCCCCCCCCC*,0.357300526
*C1(CCCCC1)C*,0.209508397
*C=CC(CCCCC*)C,0.264312063
*/C(=C\CC*)C(C)(C)C,0.230866797
*C(C*)c1ccccc1,0.203029804
*C(C*)c1c(cccc1)C,0.23889195
*C(C*)c1c(cccc1)CC,0.223756212
*C(C*)c1c(cccc1)COC,0.19732083
*C(C*)c1c(cccc1)COCC,0.211823768
*C(C*)c1c(cccc1)COCCC,0.22997739
*C(C*)c1c(cccc1)COC(C)C,0.220707828
*C(C*)c1c(cccc1)COCCCC,0.220379086
*C(C*)c1c(cccc1)COCCCCC,0.238571654
*C(C*)c1c(cccc1)COCCC(C)C,0.237360118
*C(C*)c1c(cccc1)COCc1ccccc1,0.204719244
*C(C*)c1c(cccc1)COCCc1ccccc1,0.206285623
*C(C*)c1c(cccc1)C(=O)NC,0.192915175
*C(C*)c1c(cccc1)C(=O)N(C)C,0.186909259
*C(C*)c1c(cccc1)C(=O)Nc1ccccc1,0.197508078
*C(C*)c1c(cccc1)C(=O)O,0.221643379
*C(C*)c1c(cccc1)C(=O)OC,0.193160544
*C(C*)c1c(cccc1)C(=O)OCC,0.216698631
*C(C*)c1c(cccc1)C(=O)OCCC,0.209516095
*C(C*)c1c(cccc1)C(=O)OC(C)C,0.208751466
*C(C*)c1c(cccc1)C(=O)OCCCC,0.225796643
*C(C*)c1c(cccc1)C(=O)OCC(C)C,0.203326994
*C(C*)c1c(cccc1)C(=O)OCCCCC,0.230202874
*C(C*)c1c(cccc1)C(=O)OCCC(C)C,0.218106694
*C(C*)c1c(cccc1)C(=O)OCCCCCC,0.238187774
*C(C*)c1c(cccc1)C(=O)Oc1ccccc1,0.192525654
*C(C*)c1c(cccc1)C(=O)OCCN(C)C,0.216260507
*C(C*)c1ccc(cc1)C(=O)OCCN(C)C,0.258067435
*C(C*)c1c(cccc1)OC,0.214975451
*C(C*)c1c(cccc1)Cl,0.155241408
*C(C*)c1c(cccc1)F,0.180059006
*C(C*)c1cc(ccc1)c1ccc(cc1)c1ccccc1,0.222348269
*C(C*)c1cc(ccc1)Cl,0.141849652
*C(C*)c1cc(ccc1)F,0.165605561
*C(C*)c1ccc(cc1)C,0.207409376
*C(C*)c1ccc(cc1)CC,0.241331997
*C(C*)c1ccc(cc1)C(C)C,0.245006224
*C(C*)c1ccc(cc1)CCCC,0.246370764
*C(C*)c1ccc(cc1)C(C)(C)C,0.235879806
*C(C*)c1ccc(cc1)C(CC)C,0.23187009
*C(C*)c1ccc(cc1)CCCCCC,0.255178414
*C(C*)c1ccc(cc1)CCCCCCCC,0.284941701
*C(C*)c1ccc(cc1)CCCCCCCCC,0.276524365
*C(C*)c1ccc(cc1)CCCCCCCCCCCC,0.302738789
*C(C*)c1ccc(cc1)CCCCCCCCCCCCCC,0.320037972
*C(C*)c1ccc(cc1)CCCCCCCCCCCCCCCCCC,0.317277699
*C(C*)c1ccc(cc1)c1ccccc1,0.200955009
*C(C*)c1ccc(cc1)COCCOCC,0.249515883
*C(C*)c1ccc(cc1)C#N,0.174135805
*C(C*)c1ccc(cc1)Cl,0.150273069
*C(C*)c1ccc(cc1)Br,0.124850886
*C(C*)c1ccc(cc1)C(C(C(C(C(C(C(F)(F)F)(F)F)(F)F)(F)F)(F)F)(F)F)(F)F,0.116253947
*C(C*)c1ccc(cc1)C(=NO)C,0.262934975
*C(C*)c1ccc(cc1)C(O)(C)C,0.268025613
*C(C*)c1ccc(cc1)C(CC)(O)C,0.260987479
*C(C*)c1ccc(cc1)C(CCC)(O)C,0.266747745
*C(C*)c1ccc(cc1)C(CCCC)(O)C,0.262999518
*C(C*)c1ccc(cc1)C(CCCCC)(O)C,0.27418578
*C(C*)c1ccc(cc1)C(CCN(C)C)O,0.268210349
*C(C*)c1ccc(cc1)C(CCN1CCCCC1)O,0.250363552
*C(C*)c1ccc(cc1)C(CCN1CCOCC1)O,0.232670764
*C(C*)c1ccc(cc1)COC,0.228853851
*C(C*)c1ccc(cc1)COCCO,0.25859742
*C(C*)c1ccc(cc1)COCCC,0.237335127
*C(C*)c1ccc(cc1)COCCCCO,0.272183986
*C(C*)c1ccc(cc1)COC(CC)C,0.247595241
*C(C*)c1ccc(cc1)COCCCCCC,0.261210733
*C(C*)c1ccc(cc1)COCCOCCCC,0.2507784
*C(C*)c1ccc(cc1)C(=O)N(C)C,0.247926371
*C(C*)c1ccc(cc1)C(=O)N(CC)CC,0.241507546
*C(C*)c1ccc(cc1)C(=O)N1CCCCC1,0.235723579
*C(C*)c1ccc(cc1)C(=O)CCN1CCCCC1,0.245284571
*C(C*)c1ccc(cc1)C(=O)N1CCOCC1,0.22605657
*C(C*)c1ccc(cc1)C(=O)OC,0.223091355
*C(C*)c1ccc(cc1)C(=O)OCC,0.235563807
*C(C*)c1ccc(cc1)C(=O)OCCC,0.24176446
*C(C*)c1ccc(cc1)C(=O)OC(C)C,0.250453544
*C(C*)c1ccc(cc1)C(=O)OCCCC,0.261827286
*C(C*)c1ccc(cc1)C(=O)OCC(C)C,0.237523806
*C(C*)c1ccc(cc1)C(=O)OCCCCCC,0.258101979
*C(C*)c1ccc(cc1)C(=O)CC,0.244573024
*C(C*)c1ccc(cc1)C(=O)CCC,0.245764324
*C(C*)c1ccc(cc1)C(=O)CCCC,0.263241449
*C(C*)c1ccc(cc1)C(=O)CCCCC,0.258123945
*C(C*)c1ccc(cc1)C(=O)CCCCCCC,0.271736697
*C(C*)c1ccc(cc1)C(=O)Cc1ccccc1,0.219547247
*C(C*)c1ccc(cc1)C(=O)c1ccccc1,0.216592432
*C(C*)c1ccc(cc1)C(=O)c1ccc(cc1)C,0.242415832
*C(C*)c1ccc(cc1)F,0.163887726
*C(C*)c1ccc(cc1)I,0.097198673
*C(C*)c1ccc(cc1)N(C)C,0.270531824
*C(C*)c1ccc(cc1)OC,0.215501326
*C(C*)c1ccc(cc1)OCC,0.242464965
*C(C*)c1ccc(cc1)OCCC,0.243869844
*C(C*)c1ccc(cc1)OCCCC,0.246692673
*C(C*)c1ccc(cc1)OCCC(C)C,0.282457207
*C(C*)c1ccc(cc1)Oc1ccccc1,0.221253857
*C(C*)c1ccc(cc1)c1ccc(cc1)c1ccccc1,0.239465602
*C(C*)c1ccc(cc1)S(=O)(=O)OCCC,0.209057278
*C(C*)c1c(cccc1Cl)Cl,0.113806933
*C(C*)c1c(cc(cc1)C)C,0.214891697
*C(C*)c1c(cc(cc1)C(C)C)C(C)C,0.215437297
*C(C*)c1c(cc(cc1)F)C,0.167659758
*C(C*)c1c(cc(cc1)Cl)C,0.163669069
*C(C*)c1c(cc(cc1)Cl)Cl,0.107893694
*C(C*)c1c(ccc(c1)C)C,0.194019925
*C(C*)c1c(ccc(c1)C(C)(C)C)C,0.211943136
*C(C*)c1c(ccc(c1)C(C)C)C(C)C,0.190254382
*C(C*)c1c(ccc(c1)Cl)Cl,0.112111131
*C(C*)c1c(ccc(c1)F)F,0.146382976
*C(C*)c1c(ccc(c1)C)F,0.195322638
*C(C*)c1c(ccc(c1)Br)OCCCC,0.15926394
*C(C*)c1c(ccc(c1)Br)OCC,0.139419841
*C(C*)c1c(ccc(c1)Br)OC,0.128686133
*C(C*)c1c(ccc(c1)Br)OCCC,0.138151779
*C(C*)c1c(ccc(c1)Br)OC(C)C,0.144697579
*C(C*)c1c(ccc(c1)Br)OCCCCC,0.161556934
*C(C*)c1c(ccc(c1)Br)OCCC(C)C,0.156760429
*C(C*)c1cc(cc(c1)C)C,0.239838224
*C(C*)c1cc(c(cc1)C)C,0.222441085
*C(C*)c1cc(c(cc1)Cl)C,0.152412214
*C(C*)c1cc(c(cc1)Cl)Cl,0.108557769
*C(C*)c1cc(c(cc1)Cl)F,0.121296834
*C(C*)c1c(cc(cc1C)C)C,0.232927166
*C(C*)c1c(cc(c(c1)C)C)C,0.249066929
*C(C*)c1c(c(c(c(c1F)F)F)F)F,0.111121575
*C(C*)(c1ccc(cc1)C(C)C)C,0.22250314
*C(C(*)(F)F)(c1c(c(c(c(c1F)F)F)F)F)F,0.109340544
*C(C*)c1c2c(ccc1)cccc2,0.183531473
*C(C*)c1ccc(cc1)C(=O)C,0.237084593
*C(C*)c1ccc(cc1)C(=O)CCN1CCOCC1,0.241083815
*C(C*)(C(=O)OC)c1ccccc1,0.174256665
*C(C*)(c1ccc(cc1)C)C,0.206248478
*C(C(*)c1ccccc1)[N+](=O)[O-],0.16724356
*C(C*)c1ccc(cc1)C(=O)C(F)(F)F,0.154440392
*C(C*)c1ccc(cc1)C(=O)c1ccc(cc1)OC,0.245710563
*C(C*)c1cc2c(cc1)cccc2,0.189317179
*C(C*)c1ccncc1,0.194624132
*C(C*)c1nc(ccc1)C,0.231875326
*C(C*)c1ccc(nc1)C,0.216347814
*C(C*)N1Nc2c(C1)cccc2,0.210041586
*C(C(C(C*)c1ncccc1)c1ccccc1)c1ncccc1,0.19889562
*C(C*)c1ccc(cc1)O,0.28470777
*C(C*)c1ccc(cc1)OC(=O)C,0.259585297
*C(C*)c1ccc(cc1)CCC,0.242985282
*C(C*)c1ccc(cc1)COCCCCCCOc1ccc(cc1)c1ccc(cc1)OC,0.265685462
*C(C*)c1ccc(cc1)COCC(CCCC)CC,0.26087891
*C(C*)c1ccc(cc1)COCCOCCCCCCCC,0.266343252
*C(C*)c1ccc(cc1)C(C(C(C(C(C(F)F)(F)F)(F)F)(F)F)(F)F)(F)F,0.115569094
*C(CC(C*)c1ccccc1)(C(=O)OC)C#N,0.199800698
*C(C*)c1cc(c(cc1)C(=O)O)C(=O)O,0.3080457
*C(C(*)(c1c(c(c(c(c1[2H])[2H])[2H])[2H])[2H])[2H])([2H])[2H],0.198937871
*C(C*)C=O,0.267165471
*C(C*)OC(=O)CCCCCCCCCCC,0.282501246
*C(C*)C(=O)C(C)C,0.225007493
*C(C*)(C(=O)C)C,0.212146266
*C(C*)C#N,0.227307045
*C(C*)(C#N)C,0.201063991
*C(C*)c1ncccc1,0.184406433
*C(C*)n1c2ccccc2c2ccccc12,0.178401902
*C(C*)OCC,0.24221035
*C(C*)OC(=O)C,0.258656205
*C(C*)OC(=O)CC,0.254353251
*C(C*)OC(=O)c1ccccc1,0.186373384
*C(C*)CCCCCCCCCO,0.330609059
*C(C*)CCN(C(C)C)C(C)C,0.274221978
*C(C*)CCCN(C(C)C)C(C)C,0.27772076
*C(C*)CCCN(CC(C)C)CC(C)C,0.258228983
*C(C*)O[N+](=O)[O-],0.243039162
*C=CC(C(*)C(=O)OC)C,0.242911397
*C#C/C(=C(*)\COS(=O)(=O)c1ccc(cc1)C)COS(=O)(=O)c1ccc(cc1)C,0.255175548
*C(C*)OC=O,0.235150652
*C(C*)OCc1ccccc1,0.205595119
*C(C*)OC(C)(C)C,0.226849329
*C(C(*)OCC(C)C)C,0.222144713
*C(C*)OC(C)C,0.241975026
*C(C*)(OC)C,0.207223659
*C(C*)OCC(C)(C)C,0.218243316
*C(C*)OC(CC)C,0.235279019
*C(C*)OC(=O)C(F)(F)F,0.160012719
*/C=C/C(C*)OC,0.250969245
*C=CCC(CC*)(C(=O)OC)C,0.249826128
*C(C*)CCc1c(cccc1)C,0.237337805
*C(C*)CCc1ccc(cc1)C,0.23781263
*C(C*)OCCCCCCCCCCCC,0.325984117
*C(C(*)OCCCC)C,0.2476222
*C(C(*)OC(C)(C)C)C,0.203928088
*C(C(*)OCC)C,0.227848602
*C(C(*)OC)C,0.217127213
*C(C(*)OCCC)C,0.232191511
*C(C*)Cc1c(ccc(c1)C)C,0.219339206
*C(C*)Cc1cc(c(cc1)C)C,0.220624848
*C(C*)Cc1cc(cc(c1)C)C,0.227538068
*C(C*)Cc1cc(ccc1)C,0.213029156
*C(C*)Cc1c(cccc1)C,0.211243073
*C(C*)Cc1ccc(cc1)C,0.20880675
*C(C(*)O)C,0.269690871
*C(C*)OC(=O)c1ccc(cc1)C(C)(C)C,0.245177434
*C(C*)C(=O)C(C)(C)C,0.222675631
*C(C*)C(=O)C1CCCCC1,0.219884069
*C(C*)C(=O)c1c(cccc1)O,0.225341707
*C=CC(C*)OC,0.240715701
*C(=CCC*)c1ccccc1,0.209330511
*C(O)C(*)O,0.503119958
*C(C*)OCC(CCCC)CC,0.250639578
*C(C*)SCCCC,0.231505378
*C(C*)OC1CCCCC1,0.209300741
*C(C*)SCC,0.212352519
*C(C(*)(F)F)(OC(C(C(C(F)(F)F)(F)F)(F)F)(F)F)F,0.09864473
*C(C(*)(F)F)(OC(C(F)(F)F)(F)F)F,0.104992442
*C(C(*)(F)F)(OC(F)(F)F)OC(F)(F)F,0.096025647
*C(C(*)(F)F)OC(F)(F)F,0.113432798
*C(C(*)F)(OC(F)(F)F)F,0.115882336
*C(C(*)(F)F)(OC(F)(F)F)F,0.11540703
*C(C*)OCC(CC)(C)C,0.235379261
*C(C*)SC,0.202535215
*C(C*)OCCC,0.240692237
*C(C*)(C(=O)C)F,0.210118729
*C(C*)C(=O)c1ccccc1,0.183250902
*C(C*)C(=O)c1cc(c(cc1)Br)OC,0.149327416
*C(C*)C(=O)c1ccc(cc1)C(C)(C)C,0.231159229
*C(C*)C(=O)c1ccc(cc1)Cl,0.143955688
*C(C*)C(=O)c1ccc(cc1)CC,0.231546443
*C(C*)C(=O)c1ccc(cc1)C(C)C,0.236631114
*C(C*)C(=O)c1ccc(cc1)OC,0.228482209
*C(C*)C(=O)c1cc(c(cc1)C)C,0.223876284
*C(C*)C(=O)c1ccc(cc1)CCC,0.233892305
*C(C*)C(=O)c1ccc(cc1)C,0.217537979
*C(C*)OC(=O)c1c(cccc1)OC(=O)C,0.217738726
*C(C*)OC(=O)c1ccc(cc1)OC(=O)C,0.24818347
*C(C*)OC(=O)CCCC(=O)c1ccccc1,0.238763693
*C(C*)OC(=O)c1cc(ccc1)Br,0.137957273
*C(C*)OC(=O)c1ccc(cc1)Br,0.139742427
*C(C*)OC(=O)c1ccc(cc1)OC(=O)CCC,0.25604142
*C(C*)OC(=O)c1c(cccc1)Cl,0.171958387
*C(C*)OC(=O)c1cc(ccc1)Cl,0.153320971
*C(C*)OC(=O)c1ccc(cc1)Cl,0.15531743
*C(C*)OC(=O)C1CCCCC1,0.215272882
*C(C*)OC(=O)CC1CCCCC1,0.222720187
*C(C*)OC(=O)CCCC1CCCCC1,0.244722191
*C(C*)OC(=O)c1ccc(cc1)OCC,0.229699129
*C(C*)OC(=O)c1ccc(cc1)CC,0.231673795
*C(C*)OC(=O)C(C(C(F)(F)F)(F)F)(F)F,0.124821014
*C(C*)OC(=O)C1(C(C(C(C(C1(F)F)(F)F)(F)F)(F)F)(F)F)F,0.099404761
*C(C*)NC(=O)OC(C)(C)C,0.240864603
*C(C*)OC(=O)C(C(C(C(C(C(C(C(C(F)(F)F)(F)F)(F)F)(F)F)(F)F)(F)F)(F)F)(F)F)(F)F,0.117620774
*C(C*)OC(=O)C(C(C(C(C(F)(F)F)(F)F)(F)F)(F)F)(F)F,0.117573176
*C(C*)OC(=O)C(C(C(C(C(C(C(F)(F)F)(F)F)(F)F)(F)F)(F)F)(F)F)(F)F,0.118403797
*C(C*)OC(=O)C(C(F)(F)F)(F)F,0.134381971
*C(C*)OC(=O)C(C(C(C(F)(F)F)(F)F)(F)F)(F)F,0.117895156
*C(C*)OC(=O)c1ccncc1,0.194295907
*C(C*)OC(=O)c1ccc(cc1)C(C)C,0.241150434
*C(C*)OC(=O)C(C(C)C)(C(C)C)C,0.212645982
*C(C*)OC(=O)c1c(cccc1)OC,0.216310624
*C(C*)OC(=O)c1cc(ccc1)OC,0.21828481
*C(C*)OC(=O)c1ccc(cc1)OC,0.222833617
*C(C*)OC(=O)c1c(cccc1)C,0.223566569
*C(C*)OC(=O)c1cc(ccc1)C,0.210139794
*C(C*)OC(=O)c1ccc(cc1)C,0.205615125
*C(C*)OC(=O)CC(c1ccccc1)(C)C,0.205542847
*C(C*)OC(=O)C(CCC)(C)C,0.219638957
*C(C*)OC(=O)C(C(CC)(C)C)(C)C,0.20834975
*C(C*)OC(=O)C(C(C(C)C)C)(C)C,0.21225308
*C(C*)OC(=O)C(CC(C)(C)C)(C)C,0.214976534
*C(C*)OC(=O)c1cnccc1,0.195169036
*C(C*)OC(=O)c1cc(ccc1)[N+](=O)[O-],0.196771713
*C(C*)OC(=O)CCCCCCC,0.270802383
*C(C*)OC(C(F)(F)F)(C(F)(F)F)F,0.105366502
*C(C*)OC(=O)CCl,0.218868603
*C(C*)C1=CC=CS1,0.196546556
*C(C*)OCCCl,0.187521218
*C(C*)OCCOC,0.251788875
*C(C*)OCC(F)(F)F,0.150868966
*C(C*)(CC(=O)OCCCCCCC)C(=O)OCCCCCCC,0.268835353
*C(C*)OC(=O)C1CCCC1,0.23014149
*C(C*)OC(=O)C1(CCCCC1)C,0.199836391
*C(C*)P(=O)(c1ccccc1)c1ccccc1,0.152952702
*C(C*)P(=O)(OCC)N(C)C,0.207524248
*C(C*)P(=O)(N(C)C)Oc1ccccc1,0.193867563
*C(C*)c1nc(nc(n1)C)C,0.263398106
*C(C*)OC(=O)CCCCCCCCC,0.286467814
*C(C*)OC(=O)CCCCC,0.259631398
*C1c2c(CC1*)cccc2,0.161666133
*C1C(=O)OC(=O)C1C(C*)OC,0.21637842
*C(C(C(C*)OC)C(=O)O)C(=O)O,0.302701509
*C(=CCCC*)c1ccc(cc1)OC,0.225130935
*C(=CCCC*)c1ccccc1,0.210673224
*C(=CCCC*)c1ccc(cc1)Cl,0.170800563
*C(C*)CNc1ccc(cc1)[N+](=O)[O-],0.252535899
*C(C*)CNc1ncc(cc1)[N+](=O)[O-],0.238277713
*C(C*)CNc1c(cc(cc1)[N+](=O)[O-])C,0.245603324
*C(C*)CNc1cc(c(cc1)[N+](=O)[O-])C(F)(F)F,0.206534587
*C(C*)CNc1c(cc(cc1)[N+](=O)[O-])[N+](=O)[O-],0.236441097
*C1C(C(C(C1)C*)OC(=O)CCCCCCCCCCOc1ccc(cc1)c1ccc(cc1)C#N)OC(=O)CCCCCCCCCCOc1ccc(cc1)c1ccc(cc1)C#N,0.263259921
*C1C(CC(C1)C*)OC(=O)CCCCCCCCCCOc1ccc(cc1)c1ccc(cc1)C#N,0.268797476
*C1C(CC(C1)OC(=O)CCCCCCCCCCOc1ccc(cc1)c1ccc(cc1)C#N)CC*,0.2621942
*C(C*)N1CNCC1,0.239553034
*C(C*)OC(=O)c1ccc(cc1)C#N,0.188964216
*C(C*)OCC(CC(C)C)(C)C,0.254371124
*C(C(*)(F)F)(OC(C(F)F)F)F,0.143872872
*C(C*)C(=O)c1ccc(cc1)Br,0.12605159
*C(C*)OC(=O)CC1CCCC1,0.236625928
*C(C*)N1C(=O)CCC1,0.236040386
*C1C(C2C(C1)C(C(C2)CC*)OC(=O)CCCCCCCCCCOc1ccc(cc1)c1ccc(cc1)C#N)OC(=O)CCCCCCCCCCOc1ccc(cc1)c1ccc(cc1)C#N,0.248651693
*C(C*)C(=O)O,0.351557632
*C(C*)C(=O)OC,0.249473618
*C(C*)C(=O)OCC,0.261966182
*C(C*)C(=O)OCCC,0.245170112
*C(C*)C(=O)OC(C)C,0.251403563
*C(C*)C(=O)OCCCC,0.255094023
*C(C*)C(=O)OCC(C)C,0.241958713
*C(C*)C(=O)OC(C)(C)C,0.228960032
*C(C*)C(=O)OCCCCCC,0.259092425
*C(C*)C(=O)OCCCCCCC,0.258296751
*C(C*)C(=O)OCCCCCCCC,0.283339543
*C(C*)C(=O)OCCCCCCCCCCCC,0.309141226
*C(C*)C(=O)OCCCCCCCCCCCCCC,0.313712263
*C(C*)C(=O)OCCCCCCCCCCCCCCCC,0.333661973
*C(C*)C(=O)OCCCCCCCCCCCCCCCCCCCCCC,0.358016945
*C(C*)C(=O)OC1C2(CCC(C1)C2(C)C)C,0.208176754
*C(C*)C(=O)OCC(F)(F)F,0.164710423
*C(C*)C(=O)OCC(C(F)(F)F)(F)F,0.143562058
*C(C*)C(=O)OC(C(F)(F)F)C(F)(F)F,0.132233355
*C(C*)C(=O)OC(C(F)(F)F)(C(F)(F)F)F,0.115357789
*C(C*)C(=O)OC(C(Cl)(F)F)(C(F)(F)F)F,0.108082679
*C(C*)C(=O)OC(C(Cl)(F)F)(C(Cl)(F)F)F,0.102567279
*C(C*)C(=O)OCC(C(F)C(F)(F)F)(F)F,0.149880398
*C(C*)C(=O)OCC(C(C(F)(F)F)(F)F)(F)F,0.134586462
*C(C*)(C(=O)OC)C,0.214253377
*C(C*)(C(=O)OCC)C,0.214601581
*CC(*)(C)C(=O)OCCC,0.217185653
*CC(*)(C)C(=O)OC(C)C,0.212297791
*C(C*)(C(=O)OCCCC)C,0.223797866
*CC(*)(C)C(=O)OC(C)CC,0.219748019
*CC(*)(C)C(=O)OCC(C)C,0.211663838
*CC(*)(C)C(=O)OC(C)(C)C,0.199032877
*CC(*)(C)C(=O)OCCCCCC,0.247136147
*CC(*)(C)C(=O)OCCCCCCCC,0.263447418
*CC(*)(C)C(=O)OCCCCCCCCCCCC,0.297503097
*CC(*)(C)C(=O)OC1CCCCC1,0.188801438
*CC(*)(C)C(=O)Oc1ccccc1,0.192736665
*CC(*)(C)C(=O)OCc1ccccc1,0.196260903
*CC(*)(C)C(=O)OCCBr,0.156664784
*CC(*)(C)C(=O)OCc1ccccc1Cl,0.165076796
*CC(*)(C)C(=O)OCCO,0.250973925
*CC(*)(C)C(=O)OCCN(C)C,0.241329136
*CC(*)C(=O)NC(C)C,0.262015599
*CC(*)C(=O)OC(CC)CC,0.245278243
*CC(*)C(=O)OC1CCCCC1,0.215312167
*CC(*)C(=O)OCC(C)(C)C,0.235321696
*CC(*)C(=O)OCCC#N,0.249017898
*CC(*)C(=O)N1CCCCC1,0.224880389
*CC(*)C(=O)N1CCOCC1,0.212390136
*CC(*)C(=O)Oc1ccccc1,0.204691395
*CC(*)C(=O)Oc1ccc(OC)cc1,0.230448188
*CC(*)C(=O)Oc1ccccc1C(=O)OC,0.219785117
*CC(*)C(=O)Oc1ccccc1C(=O)OCC,0.218273906
*CC(*)C(=O)Oc1cccc(C(=O)OC)c1,0.234531676
*CC(*)C(=O)Oc1cccc(C(=O)OCC)c1,0.235991614
*CC(*)C(=O)Oc1ccc(C(=O)OC)cc1,0.246881391
*CC(*)C(=O)Oc1ccc(C(=O)OCC)cc1,0.254460099
*CC(*)C(=O)Oc1ccc(C(=O)OCCCC)cc1,0.269375988
*CC(*)C(=O)Oc1ccc(-c2ccccc2)cc1,0.225714507
*CC(*)C(=O)OCc1ccccc1,0.203084164
*CC(*)C(=O)OCCc1ccccc1,0.218359976
*CC(*)C(=O)Oc1cccc(N(C)C)c1,0.265857865
*CC(*)C(=O)Oc1ccc(C#N)cc1,0.217648606
*CC(*)C(=O)OCc1ccc(C#N)cc1,0.206123134
*CC(*)C(=O)Oc1ccc(Cl)cc1Cl,0.148391912
*CC(*)C(=O)Oc1c(Cl)c(Cl)c(Cl)c(Cl)c1Cl,0.103950173
*CC(*)C(=O)N(C)C,0.254840576
*CC(*)(C)C(=O)OCCOC,0.229867686
*CC(*)(C)C(=O)OCC(C)O,0.247322516
*CC(*)(C)C(=O)OCCC#N,0.215065114
*CC(*)(C)C(=O)OCCO[N+](=O)[O-],0.219332193
*CC(*)(C)C(=O)OCCS(=O)CC,0.23559466
*CC(*)(C)C(=O)Oc1ccc(CC#N)cc1,0.207428616
*CC(*)(C)C(=O)Oc1ccc(C(=O)OC)cc1,0.243504441
*CC(*)(CC)C(=O)OCC,0.205025977
*CC(*)(CC(=O)OCC)C(=O)OCC,0.226726356
*CC(*)(CC(=O)OCCCC)C(=O)OCCCC,0.23939117
*CC(*)(CC(=O)OC1CCCCC1)C(=O)OC1CCCCC1,0.173081052
*CC(*)(CC(=O)OCC1CCCCC1)C(=O)OCC1CCCCC1,0.205021412
*CC(*)(CC(=O)OCCC1CCCCC1)C(=O)OCCC1CCCCC1,0.217195568
*CC(*)(CC(=O)OCCCC1CCCCC1)C(=O)OCCCC1CCCCC1,0.238263021
*CC(*)(CC(=O)Oc1ccccc1)C(=O)Oc1ccccc1,0.188229452
*CC(*)(CC(=O)OCc1ccccc1)C(=O)OCc1ccccc1,0.203256306
*CC(*)(CC(=O)OCCc1ccccc1)C(=O)OCCc1ccccc1,0.202653643
*CC(*)(CC(=O)OCCCc1ccccc1)C(=O)OCCCc1ccccc1,0.210081521
*CC(*)(C)C(=O)Oc1ccc(C#N)cc1,0.199831364
*CC(*)(CC(=O)OC)C(=O)OC,0.211788328
*C(*)C(=O)OCC,0.225814865
*C(*)C(=O)OC,0.222112653
*C(*)C(=O)OCCC,0.244933508
*CC(*)(CC(=O)OCCC)C(=O)OCCC,0.225769616
*CC(*)C(=O)OCCO,0.297878745
*CC(*)(CCC(C)C(=O)OC)C(=O)OC,0.238137173
*CC(*)C(=O)OC1CCCCCCCCCCC1,0.245455632
*C(C*)Cl,0.142730624
*C(C*)(F)F,0.148188116
*CC(*)(Cl)Cl,0.096200541
*C(F)C(*)(F)F,0.14138687
*C(F)(F)C(F)(F)*,0.19501973
*C(C(*)(F)F)(Cl)F,0.119922243
*CCC=C(*)Cl,0.156164169
*C(F)(F)C(*)(F)C(F)(F)F,0.082200976
*CC/C=C(\*)C,0.232021285
*CC/C=C(/*)Cl,0.170304562
*CC/C=C(\*)Cl,0.150572404
*CCC=C(*)C,0.231880959
*OCC*,0.228362211
*OC(C*)C,0.239033549
*CC(CCl)O*,0.164668029
*CCCCO*,0.280752907
*Oc1c(cc(cc1C)*)C,0.250026591
*Oc1c(OC)cc(*)cc1OC,0.240386045
*Oc1c(-c2ccccc2)cc(*)cc1-c1ccccc1,0.184951114
*C(=O)OCCOC(=O)c1ccc(*)o1,0.228261215
*CCOCCOC(=O)c1cccc(C(=O)O*)c1,0.215430956
*CCOc1ccc(C(=O)OCCOC(=O)c2ccc(O*)cc2)cc1,0.247366967
*CCCCOc1ccc(C(=O)OCCOC(=O)c2ccc(O*)cc2)cc1,0.250970317
*Oc1ccc(NC(=O)c2cccc(C(=O)Nc3ccc(*)cc3)c2)cc1,0.300233168
*Oc1ccc(cc1)S(=O)(=O)c1ccc(cc1)*,0.203838738
*Oc1ccc(cc1)S(=O)(=O)c1ccc(cc1)Oc1ccc(cc1)C(c1ccc(cc1)*)(C)C,0.210272564
*Oc1ccc(S(=O)(=O)c2ccc(Oc3ccc(Cc4ccc(*)cc4)cc3)cc2)cc1,0.211169803
*Oc1ccc(cc1)C(c1ccc(cc1)OCC(C*)O)(C)C,0.22967917
*CC1CC(*)OC(CCC)O1,0.253400518
*Oc1cccc(S(=O)(=O)c2ccc(*)cc2)c1,0.169806655
*Oc1ccc(S(=O)(=O)c2ccc(Oc3ccc(C(c4ccc(*)cc4)(C(F)(F)F)C(F)(F)F)cc3)cc2)cc1,0.162123893
*Oc1ccc(S(=O)(=O)c2ccc(Oc3c(C)cc(C(C)(C)c4cc(C)c(*)c(C)c4)cc3C)cc2)cc1,0.207453817
*Oc1ccc(S(=O)(=O)c2ccc(Oc3ccc(-c4ccc(*)cc4)cc3)cc2)cc1,0.234731231
*Oc1ccc(Oc2ccc(Oc3ccc(S(=O)(=O)c4ccc(*)cc4)cc3)cc2)cc1,0.229938844
*CCOCC(=O)O*,0.238989416
*CCOCCOC(=O)c1ccc(-c2ccc(C(=O)O*)cc2)cc1,0.253846443
*Oc1ccc(S(=O)(=O)c2ccc(Oc3ccc(C(=O)c4cccc(C(=O)c5ccc(*)cc5)c4)cc3)cc2)cc1,0.213575422
*CCCCCCOC(=O)Nc1ccc(C)c(NC(=O)OCCCCCCOc2ccc(-c3ccc(O*)cc3)cc2)c1,0.272492356
*CS*,0.14812712
*CCS*,0.22117529
*CCCSS*,0.150655425
*Sc1ccc(cc1)*,0.165856187
*Oc1ccc(Sc2ccc(OC(*)=O)cc2)cc1,0.215699363
*OC(=O)CCC(=O)OCC*,0.237840575
*CCCCOC(=O)CCC(=O)O*,0.239020305
*OC(=O)CCCCCCCCC(=O)OCC*,0.257154282
*CCCCCCOC(=O)CCCCCCCCC(=O)O*,0.281178878
*OC(=O)c1ccc(cc1)C(=O)OCC*,0.235166491
*OC(=O)c1cc(ccc1)C(=O)OCC*,0.200585896
*OC(=O)c1ccc(cc1)C(=O)OCCCC*,0.25637618
*CCCCCCOC(=O)c1ccc(C(=O)O*)cc1,0.254809517
*Oc1ccc(cc1)C(c1ccc(cc1)OC(=O)c1ccc(cc1)C(=O)*)(C)C,0.27751155
*Oc1ccc(cc1)C(c1ccc(cc1)OC(=O)c1cc(ccc1)C(=O)*)(C)C,0.244415588
*OC(=O)c1cc2c(cc1)ccc(c2)C(=O)OCC*,0.22543537
*OC(=O)c1cc2c(cc1)cc(cc2)C(=O)OCC*,0.225246348
*CCCCOC(=O)CCCCC(=O)O*,0.259346678
*Oc1ccc(C2(c3ccc(OC(=O)c4cccc(C(*)=O)c4)cc3)c3ccccc3-c3ccccc32)cc1,0.216708127
*CCOC(=O)c1cccc2c(C(=O)O*)cccc12,0.212331447
*CCOC(=O)c1ccc(C(=O)O*)c2ccccc12,0.211562934
*CCCCCC(=O)O*,0.249772695
*CCCOC(=O)c1ccc(C(=O)O*)cc1,0.241216197
*Oc1ccc(cc1)c1ccc(cc1)OC(=O)CCCCCC(=O)*,0.265574997
*Oc1ccc(-c2ccc(OC(=O)CCCCCCC(*)=O)cc2)cc1,0.283829933
*Oc1ccc(-c2ccc(OC(=O)CCCCCCCC(*)=O)cc2)cc1,0.286484859
*Oc1ccc(-c2ccc(OC(=O)CCCCCCCCC(*)=O)cc2)cc1,0.290122557
*Oc1ccc(-c2ccc(OC(=O)CCCCCCCCCC(*)=O)cc2)cc1,0.275167556
*Oc1ccc(-c2ccc(OC(=O)CCCCCCCCCCC(*)=O)cc2)cc1,0.274021583
*Oc1ccc(-c2ccc(OC(=O)CCCCCCCCCCCC(*)=O)cc2)cc1,0.299849025
*CC1CCC(COC(=O)CCC(=O)O*)CC1,0.229884201
*OC(C)CC(*)=O,0.215459839
*OC(C)C(*)=O,0.210749746
*CC(C)(CCC)C(=O)O*,0.211231836
*OC(=O)c1ccc(cc1)c1ccc(cc1)C*,0.272842323
*CC1CCC(COC(=O)CCCCCCCCC(=O)O*)CC1,0.262542365
*OC(=O)c1ccc(cc1)C(=O)NCCNC(=O)c1ccc(cc1)C(=O)OCCCCCCCCCC*,0.259588395
*CCOC(=O)C1CCC(C(=O)O*)CC1,0.235244695
*OC(=O)c1ccc(cc1)c1ccc(cc1)C(=O)OCC*,0.256386682
*OC(=O)CCCCCNC(=O)CCCCC(=O)NCCCCCC(=O)OCCCCCC*,0.274848798
*CCCCCCOC(=O)CCCCCCCC(=O)O*,0.283677138
*CC(C)(C)COC(=O)CCC(=O)O*,0.228303005
*Oc1ccc(cc1)C(c1ccc(cc1)OC(=O)CCCCC(=O)*)(C)C,0.248641039
*CCCCCOC(=O)c1ccc2cc(C(=O)O*)ccc2c1,0.227057601
*CCCCOC(=O)c1ccc2cc(C(=O)O*)ccc2c1,0.224493248
*CCCOC(=O)c1ccc2cc(C(=O)O*)ccc2c1,0.242269675
*CCCCNC(=O)CCCCC(=O)N*,0.292070546
*NC(=O)CCCCC*,0.291903519
*NC(=O)CCCCCCCCC(=O)NCCCCCC*,0.308756347
*CCCCCCC(=O)N*,0.310631867
*NC(=O)CCCCCCC*,0.304778171
*CCCCCCCCNC(=O)CCCCCCCCC(=O)N*,0.269519554
*CCCCCCCCC(=O)N*,0.307321668
*NC(=O)CCCCCCCCCC*,0.318229487
*CCCCCCCCCCCCC(=O)N*,0.341259433
*NC(=O)c1ccc(cc1)CC(=O)NCCCCCC*,0.282521025
*CCCCCCNC(=O)c1cccc(C(=O)N*)c1,0.261246475
*NC(=O)c1ccc(cc1)CC(=O)NCCC*,0.265458671
*NC1CC(C)(C)CC(C)(CNC(=O)CCCCC(*)=O)C1,0.236903048
*Cc1cccc(CNC(=O)CCCCC(=O)N*)c1,0.254557959
*NC(=O)c1ccc(cc1)C(=O)Nc1ccc(cc1)c1ccc(cc1)*,0.576386159
*NC(=O)c1ccc(cc1)C(=O)NCCCCCC*,0.293312511
*S(=O)(=O)c1ccc(cc1)NC(=O)CCCCC(=O)Nc1ccc(cc1)*,0.241731039
*NC(=O)C*,0.375345394
*NC(CCC(=O)OC)C(*)=O,0.256652184
*CCCC(=O)N*,0.294452199
*CCCCNC(=O)CCCCCCC(=O)N*,0.295312596
*CCCCNC(=O)CCCCCCCCC(=O)N*,0.301718016
*CCCCCCCCCCCNC(=O)CCCCC(=O)N*,0.299843971
*CCCCCCCCCCCCNC(=O)CCCCCCCCCCC(=O)N*,0.304591986
*NC(=O)c1ccc(cc1)c1ccc(cc1)C(=O)NCCCCCC*,0.289397059
*NC(=O)c1ccc(cc1)C(c1ccc(cc1)C(=O)NCCCCCC*)(C)C,0.257140127
*N(C(=O)CCCCC(=O)NCCCCCC*)C,0.259093819
*N(C(=O)CCCCC(=O)N(CCCCCC*)C)C,0.281252179
*N1C(CCC1)C(=O)*,0.222937579
*NC(C(=O)*)CCC(=O)OCc1ccccc1,0.218660431
*NC(C(=O)*)C,0.252148669
*NC1CCC(CC2CCC(NC(=O)CCCCCCCCCCCCC(*)=O)CC2)CC1,0.31314051
*NC(CCC(=O)OCCCCC)C(*)=O,0.259084812
*NC(CCC(=O)OCCCCCC)C(*)=O,0.271224405
*NC(CCC(=O)OCC)C(*)=O,0.256531849
*NC(CCC(=O)OCCC)C(*)=O,0.251335537
*CCCCCCNC(=O)c1ccc(C2(C)CC(C)(C)c3ccc(C(=O)N*)cc32)cc1,0.232150722
*OC(=O)NCCCCCCNC(=O)OCCCC*,0.309061654
*OC(=O)NCC(C(C(C(CNC(=O)OCCCC*)(F)F)(F)F)(F)F)(F)F,0.192064224
*OC(=O)Nc1ccc(cc1)Cc1ccc(cc1)NC(=O)OCCCCCC*,0.281163344
*OC(=O)Nc1ccc(cc1)Cc1ccc(cc1)NC(=O)OCc1cc(ccc1)C*,0.252292339
*OC(=O)Nc1ccc(cc1)NC(=O)OCC*,0.296677392
*OC(=O)Nc1cc(ccc1)NC(=O)OCC*,0.261495011
*OC(=O)Nc1ccc(cc1)NC(=O)OCCCCCC*,0.321009139
*OC(=O)Nc1ccc(cc1)c1ccc(cc1)NC(=O)OCC*,0.321865027
*OC(=O)Nc1c2c(ccc1)c(ccc2)NC(=O)OCC*,0.255175643
*NC(=O)NCCCCCC*,0.325494009
*NC(=O)NCc1ccc(cc1)CNC(=O)NCCCCCC*,0.292985918
*NC(=O)NCCCCCCNC(=O)Nc1ccc(cc1)Cc1ccc(cc1)*,0.291631414
*C(CCCCNC(=O)NCCCCCCNC(=O)N*)C(=O)OC,0.302361161
*c1ccc(Oc2ccc(Oc3ccc(N4C(=O)c5cc6C(=O)N(*)C(=O)c6cc5C4=O)cc3)cc2)cc1,0.343936522
*c1ccc(Sc2ccc(-n3c(=O)c4cc5c(=O)n(*)c(=O)c5cc4c3=O)cc2)cc1,0.277607792
*c1ccc(Oc2ccc(N3C(=O)c4ccc(Oc5ccc6c(c5)C(=O)N(*)C6=O)cc4C3=O)cc2)cc1,0.318102166
*c1ccc2c(c1)C(=O)N(c1ccc(Cc3ccc(N4C(=O)c5ccc(C(F)(F)C(F)(F)C(*)(F)F)cc5C4=O)cc3)cc1)C2=O,0.201372992
*c1cc2c(C(=O)N(C2=O)c2ccc(cc2)Oc2ccc(cc2)N2C(=O)c3c(C2=O)cc(cc3)C(C(C(*)(F)F)(F)F)(F)F)cc1,0.221414687
*c1cc2c(C(=O)N(C2=O)c2ccc(cc2)S(=O)(=O)c2ccc(cc2)N2C(=O)c3c(C2=O)cc(cc3)C(=O)Nc2ccc(cc2)Oc2ccc(cc2)NC(=O)*)cc1,0.288809096
*c1ccc(-c2ccc(-n3c(=O)c4cc5c(=O)n(*)c(=O)c5cc4c3=O)c(OC)c2)cc1OC,0.515087068
*c1ccc(-n2c(=O)c3cc4c(=O)n(*)c(=O)c4cc3c2=O)c(C)c1,0.618759937
*c1c(C)c(C)c(-n2c(=O)c3cc4c(=O)n(*)c(=O)c4cc3c2=O)c(C)c1C,0.514344047
*c1ccc(Oc2cccc(Oc3ccc(N4C(=O)c5cc6C(=O)N(*)C(=O)c6cc5C4=O)cc3)c2)cc1,0.289920789
*c1ccc(Oc2ccc(-c3ccc(Oc4ccc(-n5c(=O)c6cc7c(=O)n(*)c(=O)c7cc6c5=O)cc4)cc3)cc2)cc1,0.419114901
*c1cccc(Oc2ccc(S(=O)(=O)c3ccc(Oc4cccc(-n5c(=O)c6cc7c(=O)n(*)c(=O)c7cc6c5=O)c4)cc3)cc2)c1,0.218423483
*c1ccc(Oc2ccc(C(c3ccc(Oc4ccc(-n5c(=O)c6cc7c(=O)n(*)c(=O)c7cc6c5=O)cc4)cc3)(C(F)(F)F)C(F)(F)F)cc2)cc1,0.219568135
*c1ccc(Oc2ccc(C(C)(C)c3ccc(Oc4ccc(N5C(=O)c6cc7C(=O)N(*)C(=O)c7cc6C5=O)cc4)cc3)cc2)cc1,0.291997587
*c1ccc(Oc2ccc(N3C(=O)c4ccc(-c5ccc6c(c5)C(=O)N(*)C6=O)cc4C3=O)cc2)cc1,0.349285387
*c1ccc(Oc2ccc(N3C(=O)c4ccc(-c5cccc6c5C(=O)N(*)C6=O)cc4C3=O)cc2)cc1,0.246678175
*N1C(=O)c2c(C1=O)cc(cc2)c1cc2c(C(=O)N(C2=O)c2ccc(cc2)c2ccc(cc2)*)cc1,0.509455585
*c1ccc(N2C(=O)c3ccc(-c4ccc5c(c4)C(=O)N(*)C5=O)cc3C2=O)cc1,0.481624413
*c1cccc(N2C(=O)c3ccc(-c4ccc5c(c4)C(=O)N(*)C5=O)cc3C2=O)c1,0.328084105
*c1ccc(C)c(N2C(=O)c3ccc(-c4ccc5c(c4)C(=O)N(*)C5=O)cc3C2=O)c1,0.275354427
*c1ccc(N2C(=O)c3ccc(-c4ccc5c(c4)C(=O)N(*)C5=O)cc3C2=O)c(C)c1,0.374689314
*c1cccc(N2C(=O)c3ccc(-c4ccc5c(c4)C(=O)N(*)C5=O)cc3C2=O)c1C,0.301425488
*c1ccc(-c2ccc(N3C(=O)c4ccc(-c5ccc6c(c5)C(=O)N(*)C6=O)cc4C3=O)c(C)c2)cc1C,0.46287727
*c1ccc(-c2ccc(-c3ccc(N4C(=O)c5ccc(-c6ccc7c(c6)C(=O)N(*)C7=O)cc5C4=O)cc3)cc2)cc1,0.51076025
*c1ccc(Cc2ccc(N3C(=O)c4ccc(-c5ccc6c(c5)C(=O)N(*)C6=O)cc4C3=O)c(C)c2)cc1C,0.279064652
*c1ccc(N2C(=O)c3ccc(-c4ccc5c(c4)C(=O)N(*)C5=O)cc3C2=O)nc1,0.482912726
*c1ccc(Oc2ccc(C(C)(C)c3ccc(Oc4ccc(N5C(=O)c6ccc(-c7ccc8c(c7)C(=O)N(*)C8=O)cc6C5=O)cc4)cc3)cc2)cc1,0.317184763
*c1ccc(Oc2ccc(C(c3ccc(Oc4ccc(N5C(=O)c6ccc(-c7ccc8c(c7)C(=O)N(*)C8=O)cc6C5=O)cc4)cc3)(C(F)(F)F)C(F)(F)F)cc2)cc1,0.230715582
*c1cccc(Oc2ccc(S(=O)(=O)c3ccc(Oc4cccc(N5C(=O)c6ccc(-c7ccc8c(c7)C(=O)N(*)C8=O)cc6C5=O)c4)cc3)cc2)c1,0.227124785
*N1C(=O)c2c(C1=O)cc(cc2)Oc1cc2c(C(=O)N(C2=O)CCCCCC*)cc1,0.218711009
*c1ccc(N2C(=O)c3ccc(Oc4ccc5c(c4)C(=O)N(*)C5=O)cc3C2=O)cc1,0.341065511
*N1C(=O)c2c(C1=O)cc(cc2)Oc1cc2c(C(=O)N(C2=O)c2ccc(cc2)c2ccc(cc2)*)cc1,0.314812658
*c1cccc(Oc2ccc(N3C(=O)c4ccc(Oc5ccc6c(c5)C(=O)N(*)C6=O)cc4C3=O)cc2)c1,0.248953031
*c1ccc(Oc2ccc(Oc3ccc(N4C(=O)c5ccc(Oc6ccc7c(c6)C(=O)N(*)C7=O)cc5C4=O)cc3)cc2)cc1,0.260809088
*c1cccc(Oc2ccc(N3C(=O)c4ccc(C(c5ccc6c(c5)C(=O)N(*)C6=O)(C(F)(F)F)C(F)(F)F)cc4C3=O)cc2)c1,0.170631828
*c1ccc(Oc2ccc(N3C(=O)c4ccc(C(c5ccc6c(c5)C(=O)N(*)C6=O)(C(F)(F)F)C(F)(F)F)cc4C3=O)cc2)cc1,0.205297018
*c1ccc(Oc2ccc(Oc3ccc(N4C(=O)c5ccc(C(c6ccc7c(c6)C(=O)N(*)C7=O)(C(F)(F)F)C(F)(F)F)cc5C4=O)cc3)cc2)cc1,0.20429123
*c1ccc2c(c1)C(=O)N(c1ccc(Oc3cccc(Oc4ccc(N5C(=O)c6ccc(C(*)(C(F)(F)F)C(F)(F)F)cc6C5=O)cc4)c3)cc1)C2=O,0.179360522
*c1ccc2c(c1)C(=O)N(c1cccc(Oc3cccc(Oc4cccc(N5C(=O)c6ccc(C(*)(C(F)(F)F)C(F)(F)F)cc6C5=O)c4)c3)c1)C2=O,0.163896306
*c1cc2c(C(=O)N(C2=O)c2cc(ccc2)C(=O)c2cc(ccc2)N2C(=O)c3c(C2=O)cc(cc3)C(=O)*)cc1,0.23166303
*c1cc2c(C(=O)N(C2=O)c2cc(ccc2)NC(=O)c2cc(ccc2)N2C(=O)c3c(C2=O)cc(cc3)C(=O)*)cc1,0.248247801
*C(=O)c1ccc2c(c1)C(=O)N(c1cccc(C(=O)Nc3ccc(N4C(=O)c5ccc(*)cc5C4=O)cc3)c1)C2=O,0.282680928
*C(=O)c1ccc2c(c1)C(=O)N(c1ccc(C(=O)Nc3cccc(N4C(=O)c5ccc(*)cc5C4=O)c3)cc1)C2=O,0.299190121
*C(=O)c1ccc2c(c1)C(=O)N(c1cccc(C(=O)N(C)c3ccc(N4C(=O)c5ccc(*)cc5C4=O)cc3)c1)C2=O,0.253404651
*C(=O)c1ccc2c(c1)C(=O)N(c1ccc(Oc3ccc(C(=O)c4cccc(C(=O)c5ccc(Oc6ccc(N7C(=O)c8ccc(*)cc8C7=O)cc6)cc5)c4)cc3)cc1)C2=O,0.261879265
*c1cccc(N2C(=O)c3ccc(C(=O)c4ccc5c(c4)C(=O)N(*)C5=O)cc3C2=O)c1,0.246673488
*C(=O)c1ccc2c(c1)C(=O)N(c1ccc(C)c(N3C(=O)c4ccc(*)cc4C3=O)c1)C2=O,0.229606072
*C(=O)c1ccc2c(c1)C(=O)N(c1ccc(N3C(=O)c4ccc(*)cc4C3=O)c(C)c1)C2=O,0.27875452
*C(=O)c1ccc2c(c1)C(=O)N(c1cccc(N3C(=O)c4ccc(*)cc4C3=O)c1C)C2=O,0.256559347
*C(=O)c1ccc2c(c1)C(=O)N(c1c(C)c(C)c(N3C(=O)c4ccc(*)cc4C3=O)c(C)c1C)C2=O,0.259917753
*C(=O)c1ccc2c(c1)C(=O)N(c1ccc(-c3ccc(N4C(=O)c5ccc(*)cc5C4=O)c(C)c3)cc1C)C2=O,0.3105729
*C(=O)c1ccc2c(c1)C(=O)N(c1ccc(Sc3ccc(N4C(=O)c5ccc(*)cc5C4=O)cc3)cc1)C2=O,0.237456292
*C(=O)c1ccc2c(c1)C(=O)N(c1ccc(Cc3ccc(N4C(=O)c5ccc(*)cc5C4=O)c(C)c3)cc1C)C2=O,0.253414349
*C(=O)c1ccc2c(c1)C(=O)N(c1ccc(N3C(=O)c4ccc(*)cc4C3=O)nc1)C2=O,0.293057796
*C(=O)c1ccc2c(c1)C(=O)N(c1ccc(Oc3ccc(-c4ccc(Oc5ccc(N6C(=O)c7ccc(*)cc7C6=O)cc5)cc4)cc3)cc1)C2=O,0.33194566
*c1ccc(Oc2ccc(C(C)(C)c3ccc(Oc4ccc(N5C(=O)c6ccc(C(=O)c7ccc8c(c7)C(=O)N(*)C8=O)cc6C5=O)cc4)cc3)cc2)cc1,0.278491279
*C(=O)c1ccc2c(c1)C(=O)N(c1ccc(Oc3ccc(C(c4ccc(Oc5ccc(N6C(=O)c7ccc(*)cc7C6=O)cc5)cc4)(C(F)(F)F)C(F)(F)F)cc3)cc1)C2=O,0.230541679
*N1C(=O)c2c(C1=O)cc(cc2)Oc1ccc(cc1)S(=O)(=O)c1ccc(cc1)Oc1cc2c(C(=O)N(C2=O)c2cc(ccc2)S(=O)(=O)c2cc(ccc2)*)cc1,0.196371018
*c1cccc(N2C(=O)c3ccc(Oc4ccc(C(C)(C)c5ccc(Oc6ccc7c(c6)C(=O)N(*)C7=O)cc5)cc4)cc3C2=O)c1,0.234647472
*N1C(=O)c2c(C1=O)cc(cc2)Oc1ccc(cc1)S(=O)(=O)c1ccc(cc1)Oc1cc2c(C(=O)N(C2=O)c2cc(ccc2)*)cc1,0.222521804
*N1C(=O)c2c(C1=O)cc(cc2)Oc1ccc(cc1)S(=O)(=O)c1ccc(cc1)Oc1cc2c(C(=O)N(C2=O)c2ccc(cc2)Oc2ccc(cc2)*)cc1,0.247598756
*c1ccc2c(c1)C(=O)N(c1ccc(Cc3ccc(N4C(=O)c5ccc(C(*)(C(F)(F)F)C(F)(F)F)cc5C4=O)cc3)cc1)C2=O,0.197639356
*c1ccc2c(c1)C(=O)N(c1ccc(C(C)(C)c3ccc(N4C(=O)c5ccc(C(*)(C(F)(F)F)C(F)(F)F)cc5C4=O)cc3)cc1)C2=O,0.188288469
*C(=O)NCCNC(=O)c1ccc(N2C(=O)c3ccc(*)cc3C2=O)cc1,0.262578056
*c1cc2c(C(=O)N(C2=O)c2ccc(cc2)C(=O)NCCCCCCNC(=O)*)cc1,0.30396234
*C(=O)Nc1ccc(Cc2ccc(NC(=O)c3ccc(N4C(=O)c5ccc(*)cc5C4=O)cc3)cc2)cc1,0.335151924
*C(=O)NC1CCC(CC2CCC(NC(=O)c3ccc(N4C(=O)c5ccc(*)cc5C4=O)cc3)CC2)CC1,0.308291763
*c1ccc(Oc2ccc(N3C(=O)c4ccc(Oc5ccc(C(c6ccc(Oc7ccc8c(c7)C(=O)N(*)C8=O)cc6)(C(F)(F)F)C(F)(F)F)cc5)cc4C3=O)cc2)cc1,0.220106642
*c1cccc(Oc2ccc(N3C(=O)c4ccc(-c5ccc6c(c5)C(=O)N(*)C6=O)cc4C3=O)cc2)c1,0.281444426
*C(=O)Nc1ccccc1NC(=O)c1ccc(N2C(=O)c3ccc(*)cc3C2=O)cc1,0.229940242
*C(=O)Nc1cccc(NC(=O)/C=C/c2cccc(N3C(=O)c4ccc(*)cc4C3=O)c2)c1,0.283388677
*c1ccc2c(c1)C(=O)N(c1ccc(Oc3ccc(N4C(=O)c5ccc(C(C)(C)CCCCC(*)(C)C)cc5C4=O)cc3)cc1)C2=O,0.234181621
*c1ccc2c(c1)C(=O)N(c1ccc(Oc3ccc(C(c4ccc(Oc5ccc(N6C(=O)c7ccc(C(*)(C(F)(F)F)C(F)(F)F)cc7C6=O)cc5)cc4)(C(F)(F)F)C(F)(F)F)cc3)cc1)C2=O,0.178824304
*c1ccc(N2C(=O)c3ccc(C(c4ccc5c(c4)C(=O)N(*)C5=O)(C(F)(F)F)C(F)(F)F)cc3C2=O)cc1,0.195860266
*c1ccc2c(c1)C(=O)N(c1ccc(C(c3ccc(N4C(=O)c5ccc(C(*)(C(F)(F)F)C(F)(F)F)cc5C4=O)cc3)(C(F)(F)F)C(F)(F)F)cc1)C2=O,0.150988967
*c1ccc2c(c1)C(=O)N(c1c(C)cc(C)c(N3C(=O)c4ccc(C(*)(C(F)(F)F)C(F)(F)F)cc4C3=O)c1C)C2=O,0.150371313
*c1ccc2c(c1)C(=O)N(c1c(C)c(C)c(N3C(=O)c4ccc(C(*)(C(F)(F)F)C(F)(F)F)cc4C3=O)c(C)c1C)C2=O,0.16438311
*c1ccc(Oc2cc3ccccc3cc2Oc2ccc(N3C(=O)c4ccc(-c5ccc6c(c5)C(=O)N(*)C6=O)cc4C3=O)cc2)cc1,0.254618417
*c1ccc(Oc2cc3ccccc3cc2Oc2ccc(N3C(=O)c4ccc(Oc5ccc6c(c5)C(=O)N(*)C6=O)cc4C3=O)cc2)cc1,0.23259708
*C(=O)c1ccc2c(c1)C(=O)N(c1ccc(Oc3cc4ccccc4cc3Oc3ccc(N4C(=O)c5ccc(*)cc5C4=O)cc3)cc1)C2=O,0.240362753
*c1ccc(Oc2cc3ccccc3cc2Oc2ccc(N3C(=O)c4ccc(S(=O)(=O)c5ccc6c(c5)C(=O)N(*)C6=O)cc4C3=O)cc2)cc1,0.204011822
*c1ccc(C(c2ccccc2)(c2ccc(-n3c(=O)c4cc5c(=O)n(*)c(=O)c5cc4c3=O)cc2)C(F)(F)F)cc1,0.242359788
*CC1(C)CC(*)(C)C(=O)OC1=O,0.185992809
*OC(=O)OCCCCCC*,0.272889143
*OC(=O)OCC(C(C(C(C*)(F)F)(F)F)(F)F)(F)F,0.145276489
*Oc1ccc(cc1)C(c1ccc(cc1)OC(=O)*)(C)C,0.239631003
*Oc1ccc(C(C)(CCC)c2ccc(OC(*)=O)cc2)cc1,0.244337041
*Oc1ccc(C(C)(C)c2ccc(OC(*)=O)c(C)c2)cc1C,0.235991215
*Oc1c(Cl)cc(C(C)(C)c2cc(Cl)c(OC(*)=O)c(Cl)c2)cc1Cl,0.135267254
*Oc1c(Br)cc(C(C)(C)c2cc(Br)c(OC(*)=O)c(Br)c2)cc1Br,0.116199931
*Oc1ccc(C(C)(c2ccccc2)c2ccc(OC(*)=O)cc2)cc1,0.234250441
*Oc1ccc(C(CCC)(CCC)c2ccc(OC(*)=O)cc2)cc1,0.229886318
*Oc1ccc(cc1)C1(CCCC1)c1ccc(cc1)OC(=O)*,0.233473598
*Oc1ccc(C2(c3ccc(OC(*)=O)cc3)CCCCC2)cc1,0.218561417
*Oc1ccc(C2(c3ccc(OC(*)=O)c(C)c3)CCCCC2)cc1C,0.233405574
*Oc1ccc(cc1)C1(c2ccccc2c2ccccc12)c1ccc(cc1)OC(=O)*,0.207936405
*Oc1ccc(cc1)C(c1ccc(cc1)OC(=O)*)(c1ccccc1)c1ccccc1,0.211523164
*Oc1ccc(cc1)C(c1ccc(cc1)OC(=O)*)(C(F)(F)F)C(F)(F)F,0.16903023
*Oc1ccc(cc1)C(c1ccc(cc1)OC(=O)*)(c1ccccc1)C#N,0.214219488
*Oc1c(C)cc(C(C)(C)c2cc(C)c(OC(*)=O)c(C)c2)cc1C,0.212399138
*Oc1c(cc(cc1)C(c1ccc(cc1)C(c1cc(c(cc1)OC(=O)*)C)(C)C)(C)C)C,0.234165789
*Oc1cc(ccc1)CCCCCCCCCCc1cc(ccc1)OC(=O)*,0.235809342
*Oc1ccc(C(C)(C)c2ccc(OC(*)=O)c(C(C)C)c2)cc1C(C)C,0.230822589
*Oc1ccc(cc1)S(=O)(=O)c1ccc(cc1)OC(=O)*,0.224611569
*OC(=O)OCc1ccc(cc1)C*,0.250103805
*Oc1ccc(C(=C(Cl)Cl)c2ccc(OC(*)=O)cc2)cc1,0.199949495
*Oc1cc2c(cc1)ccc(c2)OC(=O)Oc1ccc(cc1)OC(=O)*,0.263470354
*Oc1c2c(ccc1)c(ccc2)OC(=O)Oc1ccc(cc1)OC(=O)*,0.241562638
*c1ccc(-c2nc3cc(-c4ccc5nc(-c6ccccc6)c(*)nc5c4)ccc3nc2-c2ccccc2)cc1,0.25797031
*c1ccc(-c2nc3cc(-c4ccc5nc(*)c(-c6ccccc6)nc5c4)ccc3nc2-c2ccccc2)cc1,0.300076156
*c1ccc(-c2nc3cc(-c4ccc5nc(*)c(-c6ccc7ccccc7c6)nc5c4)ccc3nc2-c2ccc3ccccc3c2)cc1,0.274147926
*c1cccc(-c2nc3cc(-c4ccc5nc(*)c(-c6ccc7ccccc7c6)nc5c4)ccc3nc2-c2ccc3ccccc3c2)c1,0.244614479
*N=P(*)(OCC(F)(F)F)OCC(F)(F)F,0.138820064
*Oc1ccc(C(=O)c2ccc(*)cc2)cc1,0.276789879
*CCCCCCS(*)(=O)=O,0.239977769
*OS(=O)(=O)c1ccc(*)cc1,0.186803621
*CCc1cc(C)c(*)cc1C,0.262219285
*CCc1ccc(*)c(Cl)c1,0.178005409
*c1ccc(C(Cl)(Cl)C(*)Cl)cc1,0.119776758
*C1CCC(*)C1,0.284922378
*C1C2CC(C)C(C2)C1*,0.171048226
*C1CC2CC1C(*)C2CCCC,0.241394354
*C1CC2CC1C(*)C2CCCCCC,0.261321169
*CC(*)(C)c1ccc2ccccc2c1,0.186141125
*CCC(c1ccccc1)C(*)c1ccccc1,0.202492274
*/C=C(/*)c1ccc(C#C)cc1,0.298685003
*/C=C(/*)c1cccc(C#C)c1,0.274746743
*/C=C/C(C(=O)OCc1ccc(Cl)cc1)C(*)C(=O)OCc1ccc(Cl)cc1,0.171830845
*/C=C(/*)c1ccc(-c2ccc(C#C)cc2)cc1,0.264801989
*CC(*)C(=O)OCC(C)O,0.280976264
*CC(*)(CC(=O)OCCCCCCCCC)C(=O)OCCCCCCCCC,0.27657995
*CC(*)C(=O)n1c2ccccc2c2ccccc21,0.185889246
*CC(*)C(=O)OC(OCC)C(F)(F)F,0.183494514
*CC(*)(C)C(=O)OC(OCC)C(F)(F)F,0.158540956
*CC(*)(CC(=O)Oc1ccc(OCCCCCCC)cc1)C(=O)Oc1ccc(OCCCCCCC)cc1,0.278660635
*CC(*)(C)C(=O)Oc1c(C)cccc1C,0.211223838
*CC(*)(C)C(=O)OCCCCCCN(C)c1ccc(/N=N/c2ccc(S(C)(=O)=O)cc2)cc1,0.239801416
*C([2H])([2H])C(*)(C(=O)OC([2H])([2H])[2H])C([2H])([2H])[2H],0.200554319
*C(*)C(=O)OC(C)C,0.218613254
*CC(*)(C)C(=O)Oc1c(C(C)C)cccc1C(C)C,0.201358713
*CC(*)(C)C(=O)OCC(=O)c1ccccc1,0.206062145
*CC(*)(C)C(=O)OCc1ccc(Cl)c(Cl)c1,0.142399015
*CC(*)(C)C(=O)OCc1cccc(Cl)c1,0.156695253
*CC(*)(C)C(=O)OCc1ccc(Cl)cc1,0.167641229
*CC(*)(C)C(=O)OCc1cccc(Cl)c1Cl,0.14256689
*CC(*)(C)C(=O)OCc1ccc(Cl)cc1Cl,0.134920498
*CC(*)(C)C(=O)OCc1cc(Cl)ccc1Cl,0.138323775
*CC(*)(C)C(=O)OCc1c(Cl)cccc1Cl,0.140187539
*CC(*)(C)C(=O)OCc1cc(Cl)cc(Cl)c1,0.129715026
*C1C(*)C2CC1C1C=CCC12,0.161458476
*OC1C(CO)OC(*)C(O)C1O,0.321583167
*Oc1cc(C)c(*)c(C)c1Br,0.179808547
*CCC(C)CO*,0.231649902
*Oc1ccc2[nH]c(-c3ccc4c(c3)-c3cc(-c5nc6cc(*)ccc6[nH]5)ccc3S4(=O)=O)nc2c1,0.242108846
*C1Oc2ccccc2C1*,0.154427579
*Oc1ccc2[nH]c(-c3ccc4sc5ccc(-c6nc7cc(*)ccc7[nH]6)cc5c4c3)nc2c1,0.241468326
*OC(F)(F)C(F)(F)C(*)(F)F,0.112134181
*c1ccc(Oc2ccc(C(=O)c3ccc(Oc4ccc(C5(*)OC(=O)c6ccccc65)cc4)cc3)cc2)cc1,0.249754092
*Oc1cccc(Oc2cccc(*)c2)c1C#N,0.192496388
*C(=O)Oc1ccc(C(C)(C)c2ccc(OC(=O)c3ccc4c(c3)C(=O)n3c-4nc4ccc(Oc5ccc6c(c5)nc5n6C(=O)c6ccc(*)cc6-5)cc43)cc2)cc1,0.251191461
*Oc1ccc(NC(=O)c2ccc(C(c3ccc(C(=O)O)c(C(=O)Nc4cc(*)ccc4N)c3)(C(F)(F)F)C(F)(F)F)cc2C(=O)O)c(N)c1,0.228404459
*c1ccc2c(c1)-c1nc3cc(Oc4ccc5c(c4)nc4n5C(=O)c5cc(C(*)(C(F)(F)F)C(F)(F)F)ccc5-4)ccc3n1C2=O,0.183522496
*Oc1ccc(S(=O)(=O)c2ccc(Oc3ccc(C(C)(C)c4ccc(*)cc4)cc3[N+](=O)[O-])cc2)cc1,0.20299693
*Oc1ccc(S(=O)(=O)c2ccc(Oc3ccc(C(C)(C)c4ccc(*)cc4)cc3)c([N+](=O)[O-])c2)cc1[N+](=O)[O-],0.200486029
*Oc1ccc(S(=O)(=O)c2ccc(Oc3c(C)cc(C(c4cc(C)c(*)c(C)c4)(C(F)(F)F)C(F)(F)F)cc3C)cc2)cc1,0.154355563
*CC(=C)COCC(=C)COC(=O)O*,0.245695552
*OC1C(COC(C)=O)OC(*)C(OC(C)=O)C1OC(C)=O,0.20138397
*Oc1ccc(SC(=O)Sc2ccc(*)cc2)cc1,0.187987361
*Oc1ccc(SC(=O)Oc2ccc(C(C)(C)c3ccc(OC(=O)Sc4ccc(*)cc4)cc3)cc2)cc1,0.202245531
*Oc1ccc(NC(=O)c2cc(C(c3ccc(C(=O)O)c(C(=O)Nc4ccc(Oc5ccc(C(c6ccc(*)cc6)(C(F)(F)F)C(F)(F)F)cc5)cc4)c3)(C(F)(F)F)C(F)(F)F)ccc2C(=O)O)cc1,0.189394728
*Oc1ccc(S(=O)(=O)c2ccc(Oc3ccc(C(=O)c4cc(Br)cc(C(=O)c5ccc(*)cc5)c4)cc3)cc2)cc1,0.179353601
*Oc1ccc(S(=O)(=O)c2ccc(Oc3ccc(C(=O)c4cc(I)cc(C(=O)c5ccc(*)cc5)c4)cc3)cc2)cc1,0.179849923
*Oc1ccc(S(=O)(=O)c2ccc(Oc3ccc(C(=O)c4cc(C(=O)c5ccc(*)cc5)cc(C(C)(C)C)c4)cc3)cc2)cc1,0.21459288
*Oc1ccc(C(c2ccc(Oc3ccc(C(=O)c4cccc(C(=O)c5ccc(*)cc5)c4)cc3)cc2)(C(F)(F)F)C(F)(F)F)cc1,0.179786563
*Oc1ccc(C(=O)Nc2cccc(C(O)Cc3ccc(NC(=O)c4ccc(*)cc4)cc3)c2)cc1,0.286060508
*C1(OC(C(C1(C(C(*)(F)F)(F)F)F)(F)F)(F)F)F,0.111266374
*Oc1cc(C(C)(C)C)c(Oc2ccc(C(=O)Nc3ccc(C(C)(C)c4ccc(NC(=O)c5ccc(*)cc5)cc4)cc3)cc2)cc1C(C)(C)C,0.283670086
*Oc1cc(C(C)(C)C)c(Oc2ccc(C(=O)Nc3ccc(C(C)(C)c4ccc(NC(=O)c5ccc(*)cc5)c(C)c4)cc3C)cc2)cc1C(C)(C)C,0.270258521
*Oc1cc(C(C)(C)C)c(Oc2ccc(C(=O)Nc3c(C)cc(C(C)(C)c4cc(C)c(NC(=O)c5ccc(*)cc5)c(C)c4)cc3C)cc2)cc1C(C)(C)C,0.26981997
*Oc1cc(C(C)(C)C)c(Oc2ccc(C(=O)Nc3c(C)cc(Cc4cc(C)c(NC(=O)c5ccc(*)cc5)c(C(C)C)c4)cc3C(C)C)cc2)cc1C(C)(C)C,0.244338127
*Oc1cc(C(C)(C)C)c(Oc2ccc(C(=O)Nc3ccc(C(c4ccc(NC(=O)c5ccc(*)cc5)cc4)(C(F)(F)F)C(F)(F)F)cc3)cc2)cc1C(C)(C)C,0.215611584
*Oc1ccc(Oc2ccc(C(=O)c3ccc(C(=O)c4ccc(*)cc4)c4ccccc34)cc2)cc1,0.231751558
*Oc1ccc(S(=O)(=O)c2ccc(Oc3ccc(C(C)(C)c4ccc(*)c(C(O)(C(F)(F)F)C(F)(F)F)c4)cc3C(O)(C(F)(F)F)C(F)(F)F)cc2)cc1,0.165410873
*Oc1ccc(S(=O)(=O)c2ccc(Oc3ccc(C(C)(C)c4ccc(*)c(C(OC)(C(F)(F)F)C(F)(F)F)c4)cc3C(OC)(C(F)(F)F)C(F)(F)F)cc2)cc1,0.13816211
*Oc1ccc(S(=O)(=O)c2ccc(Oc3c(C)cc(C(C)(C)c4cc(C)c(*)c(C)c4)cc3C)cc2C(O)(C(F)(F)F)C(F)(F)F)c(C(O)(C(F)(F)F)C(F)(F)F)c1,0.152623848
*Oc1ccc2c(c1)nc1n2C(=O)c2ccc(-c3ccc4c(c3)C(=O)n3c-4nc4ccc(*)cc43)cc2-1,0.269836747
*c1ccc2c(c1)-c1nc3cc(Oc4ccc5nc6n(c5c4)C(=O)c4cc(C(*)(C(F)(F)F)C(F)(F)F)ccc4-6)ccc3n1C2=O,0.176963476
*c1ccc2c(c1)-c1cc(-c3nc4cc(-c5ccc6[nH]c(*)nc6c5)ccc4[nH]3)ccc1S2(=O)=O,0.266970833
*Cc1ccc2[nH]c(-c3ccc4c(c3)-c3cc(-c5nc6cc(*)ccc6[nH]5)ccc3S4(=O)=O)nc2c1,0.233716186
*c1ccc2sc3ccc(-c4nc5cc(-c6ccc7[nH]c(*)nc7c6)ccc5[nH]4)cc3c2c1,0.263202779
*Cc1ccc2[nH]c(-c3ccc4sc5ccc(-c6nc7cc(*)ccc7[nH]6)cc5c4c3)nc2c1,0.230983773
*Oc1ccc(C(C)(c2ccccc2)c2ccc(OC(=O)c3cccc(C(*)=O)c3)cc2)cc1,0.225378547
*Oc1ccc(C(c2ccccc2)(c2ccccc2)c2ccc(OC(=O)c3cccc(C(*)=O)c3)cc2)cc1,0.211413189
*Oc1ccc(C(C)(C)c2ccc(OC(=O)c3ccc(C(=O)c4ccc(C(*)=O)cc4)cc3)cc2)cc1,0.257727428
*CCCCCCCCOC(=O)c1cccc(C(=O)O*)c1,0.236431842
*c1cc(Br)c(OC(=O)c2ccc(C(=O)Oc3c(Br)cc(C4(*)OC(=O)c5ccccc54)cc3Br)cc2)c(Br)c1,0.155531081
*CCCCCCS(=O)(=O)c1ccc(/N=N/c2ccc(N(C)CCCCCC(=O)O*)cc2)cc1,0.249228862
*CCCS(=O)(=O)c1ccc(/N=N/c2ccc(N(CCCC)CC(=O)O*)cc2)cc1,0.225556948
*Oc1ccc(OC(=O)c2cc(OCCCCCCCCCCCC)c(C(*)=O)cc2OCCCCCCCCCCCC)cc1,0.305736886
*Oc1ccc2c(c1)C1(CC2(C)C)CC(C)(C)c2ccc(OC(=O)c3ccc(C(*)=O)cc3)cc21,0.202420703
*Oc1ccc2c(c1)C1(CC2(C)C)CC(C)(C)c2ccc(OC(=O)c3cccc(C(*)=O)c3)cc21,0.197787592
*CCOC(=O)NCC1(C)CC(NC(=O)O*)CC(C)(C)C1,0.237542815
*Oc1ccc(C(C)(C)c2ccc(OC(=O)c3ccccc3/C=C/c3ccc(/C=C/c4ccccc4C(*)=O)cc3)cc2)cc1,0.217293555
*Oc1ccc(C(C)(C)c2ccc(OC(=O)c3ccccc3/C=C/c3ccc(/C=C/c4ccccc4C(*)=O)cc3)c(C)c2)cc1C,0.219509175
*Oc1ccc(S(=O)(=O)c2ccc(OC(=O)c3ccccc3/C=C/c3ccc(/C=C/c4ccccc4C(*)=O)cc3)cc2)cc1,0.201310165
*c1ccc(OC(=O)c2ccccc2/C=C/c2ccc(/C=C/c3ccccc3C(=O)Oc3ccc(C4(*)OC(=O)c5ccccc54)cc3)cc2)cc1,0.217641609
*Oc1cccc2c(OC(=O)c3ccccc3/C=C/c3ccc(/C=C/c4ccccc4C(*)=O)cc3)cccc12,0.220093628
*Oc1cccc2ccc(OC(=O)c3ccccc3/C=C/c3ccc(/C=C/c4ccccc4C(*)=O)cc3)cc12,0.204757868
*Oc1ccc2ccc(OC(=O)c3ccccc3/C=C/c3ccc(/C=C/c4ccccc4C(*)=O)cc3)cc2c1,0.227296374
*Oc1cccc(OC(=O)c2ccccc2/C=C/c2ccc(/C=C/c3ccccc3C(*)=O)cc2)c1,0.198989787
*Oc1ccccc1OC(=O)c1ccccc1/C=C/c1ccc(/C=C/c2ccccc2C(*)=O)cc1,0.222108797
*Oc1ccc(OC(=O)c2ccccc2/C=C/c2ccc(/C=C/c3ccccc3C(*)=O)cc2)cc1,0.235313014
*CCCCCCCCCCCCNC(=O)CCCCCCCCCCCCCCCCCCC(=O)N*,0.349800281
*Nc1ccc(NC(=O)c2cc(C(*)=O)c(C(=O)OCC)cc2C(=O)OCC)cc1,0.301681661
*Nc1cccc(C(O)Cc2ccc(NC(=O)c3ccc(C(*)=O)cc3)cc2)c1,0.295623458
*CC(C)CNC(=O)O*,0.257436252
*c1ccc(Oc2cccc(Oc3ccc(N4C(=O)c5ccc(-c6ccc7c(c6)C(=O)N(*)C7=O)cc5C4=O)cc3)c2)cc1,0.282900087
*c1cccc(N2C(=O)c3ccc(C(c4ccc5c(c4)C(=O)N(*)C5=O)(C(F)(F)F)C(F)(F)F)cc3C2=O)c1,0.17288835
*c1ccc2c(c1)C(=O)N(c1cccc(S(=O)(=O)c3cccc(N4C(=O)c5ccc(C(*)(C(F)(F)F)C(F)(F)F)cc5C4=O)c3)c1)C2=O,0.150446539
*c1ccc(S(=O)(=O)c2ccc(N3C(=O)c4cc5C(=O)N(*)C(=O)c5cc4C3=O)cc2)cc1,0.29081044
*c1cccc(Oc2ccc(N3C(=O)c4cc5C(=O)N(*)C(=O)c5cc4C3=O)cc2)c1,0.262134449
*C(=O)Oc1ccc(C(C)(C)c2ccc(OC(=O)c3ccc4c(c3)C(=O)N(c3ccc(-c5ccc(N6C(=O)c7ccc(*)cc7C6=O)c(C)c5)cc3C)C4=O)cc2)cc1,0.295505091
*C(=O)Oc1ccc(C(C)(C)c2ccc(OC(=O)c3ccc4c(c3)C(=O)N(c3ccc(-c5ccc(N6C(=O)c7ccc(*)cc7C6=O)cc5)cc3)C4=O)cc2)cc1,0.29891003
*c1ccc2c(c1)C(=O)N(c1ccc3c(c1)-c1cc(N4C(=O)c5ccc(C(*)(C(F)(F)F)C(F)(F)F)cc5C4=O)ccc1C3)C2=O,0.174130825
*C(=O)Nc1ccc(NC(=O)c2ccc(N3C(=O)c4ccc(*)cc4C3=O)cc2)cc1,0.439609719
*c1ccc(Oc2ccc(C(c3ccc(Oc4ccc(N5C(=O)c6ccc(Oc7ccc8c(c7)C(=O)N(*)C8=O)cc6C5=O)cc4)cc3)(C(F)(F)F)C(F)(F)F)cc2)cc1,0.211511474
*c1cccc(Oc2cccc(Oc3cccc(-n4c(=O)c5cc6c(=O)n(*)c(=O)c6cc5c4=O)c3)c2)c1,0.22483537
*c1ccc(Oc2ccc(S(=O)(=O)c3ccc(Oc4ccc(N5C(=O)c6ccc(C(=O)c7ccc8c(c7)C(=O)N(*)C8=O)cc6C5=O)cc4)cc3)cc2)cc1,0.244102731
*c1ccc(Oc2ccc(S(=O)(=O)c3ccc(Oc4ccc(N5C(=O)c6ccc(Oc7ccc8c(c7)C(=O)N(*)C8=O)cc6C5=O)cc4)cc3)cc2)cc1,0.250512619
*c1ccc(-c2ccc(-n3c(=O)c4cc5c(=O)n(*)c(=O)c5cc4c3=O)cc2C(F)(F)F)c(C(F)(F)F)c1,0.382911128
*C(=O)c1ccc2c(c1)C(=O)N(c1ccc(C3(c4ccc(N5C(=O)c6ccc(*)cc6C5=O)cc4)c4ccccc4-c4ccccc43)cc1)C2=O,0.227667352
*CCCCCCN1C(=O)c2ccc(C(c3ccc4c(c3)C(=O)N(*)C4=O)(C(F)(F)F)C(F)(F)F)cc2C1=O,0.16334633
*c1ccc2c(c1)C(=O)N(c1c(C)cc(Cc3cc(C)c(N4C(=O)c5ccc(C(*)(C(F)(F)F)C(F)(F)F)cc5C4=O)c(C)c3)cc1C)C2=O,0.164469188
*c1ccc2c(c1)C(=O)N(c1c(CC)cc(Cc3cc(CC)c(N4C(=O)c5ccc(C(*)(C(F)(F)F)C(F)(F)F)cc5C4=O)c(CC)c3)cc1CC)C2=O,0.1778175
*c1ccc2c(c1)C(=O)N(c1c(C(C)C)cc(Cc3cc(C(C)C)c(N4C(=O)c5ccc(C(*)(C(F)(F)F)C(F)(F)F)cc5C4=O)c(C(C)C)c3)cc1C(C)C)C2=O,0.16484689
*c1ccc2c(c1)C(=O)N(c1cc(N3C(=O)c4ccc(C(*)(C(F)(F)F)C(F)(F)F)cc4C3=O)ccc1C)C2=O,0.153779126
*c1ccc(S(=O)(=O)c2ccc(N3C(=O)c4ccc(C(c5ccc6c(c5)C(=O)N(*)C6=O)(C(F)(F)F)C(F)(F)F)cc4C3=O)cc2)cc1,0.166991738
*c1cc(C(c2ccc(O)c(-n3c(=O)c4cc5c(=O)n(*)c(=O)c5cc4c3=O)c2)(C(F)(F)F)C(F)(F)F)ccc1O,0.188839787
*c1ccc2c(c1)C(=O)N(c1ccc(C(c3ccc(C)c(N4C(=O)c5ccc(C(*)(C(F)(F)F)C(F)(F)F)cc5C4=O)c3)(C(F)(F)F)C(F)(F)F)cc1C)C2=O,0.125282992
*c1ccc2c(c1)C(=O)N(c1ccc(Oc3ccc(-c4ccc(Oc5ccc(N6C(=O)c7ccc(C(*)(C(F)(F)F)C(F)(F)F)cc7C6=O)cc5)cc4)cc3)cc1)C2=O,0.192517661
*c1ccc(Oc2ccc(S(=O)(=O)c3ccc(Oc4ccc(N5C(=O)c6ccc(C(c7ccc8c(c7)C(=O)N(*)C8=O)(C(F)(F)F)C(F)(F)F)cc6C5=O)cc4)cc3)cc2)cc1,0.207221278
*c1ccc2c(c1)C(=O)N(c1cccc(Oc3ccc(S(=O)(=O)c4ccc(Oc5cccc(N6C(=O)c7ccc(C(*)(C(F)(F)F)C(F)(F)F)cc7C6=O)c5)cc4)cc3)c1)C2=O,0.163208541
*c1ccc(C(C)(C)c2ccc(N3C(=O)c4ccc(Oc5ccc6c(c5)C(=O)N(*)C6=O)cc4C3=O)cc2)cc1,0.27785637
*c1cccc(N2C(=O)c3ccc(Oc4ccc5c(c4)C4(CC(C)(C)c6ccc(Oc7ccc8c(c7)C(=O)N(*)C8=O)cc64)CC5(C)C)cc3C2=O)c1,0.195425517
*c1ccc(S(=O)(=O)c2ccc(N3C(=O)c4ccc(Oc5ccc6c(c5)C(=O)N(*)C6=O)cc4C3=O)cc2)cc1,0.249871544
*c1ccc2c(c1)C(=O)N(c1ccc(Oc3ccc(N4C(=O)c5ccc(C(C)(C)CCCCCCCCC(*)(C)C)cc5C4=O)cc3)cc1)C2=O,0.254763626
*C(=O)Nc1cccc(NC(=O)c2ccc(N3C(=O)c4ccc(*)cc4C3=O)cc2)c1,0.316497691
*C(=O)c1ccc2c(c1)C(=O)N(c1ccc(C(=O)Nc3ccc(N4C(=O)c5ccc(*)cc5C4=O)cc3)cc1)C2=O,0.331274593
*c1ccc(-c2sc(-c3ccc(-n4c(=O)c5cc6c(=O)n(*)c(=O)c6cc5c4=O)cc3)c(-c3ccccc3)c2-c2ccccc2)cc1,0.352891485
*c1ccc(C(c2ccc(N3C(=O)c4cc5c(cc4C3=O)C(C(F)(F)F)(C(F)(F)F)c3cc4c(cc3O5)C(=O)N(*)C4=O)cc2)(C(F)(F)F)C(F)(F)F)cc1,0.206835687
*c1ccc2c(c1)C(=O)N(c1cc(C(c3ccc(O)c(N4C(=O)c5ccc(C(*)(C(F)(F)F)C(F)(F)F)cc5C4=O)c3)(C(F)(F)F)C(F)(F)F)ccc1O)C2=O,0.132113785
*c1ccc(Oc2c(C)cc(Cc3cc(C)c(Oc4ccc(-n5c(=O)c6cc7c(=O)n(*)c(=O)c7cc6c5=O)cc4)c(C)c3)cc2C)cc1,0.252482603
*C(=O)c1ccc2c(c1)C(=O)N(c1ccc(Oc3c(C)cc(Cc4cc(C)c(Oc5ccc(N6C(=O)c7ccc(*)cc7C6=O)cc5)c(C)c4)cc3C)cc1)C2=O,0.236433639
*c1ccc2c(c1)C(=O)N(c1ccc(Oc3c(C)cc(Cc4cc(C)c(Oc5ccc(N6C(=O)c7ccc(C(*)(C(F)(F)F)C(F)(F)F)cc7C6=O)cc5)c(C)c4)cc3C)cc1)C2=O,0.187678976
*c1c(C)cc(C(c2cc(C)c(N3C(=O)c4ccc(-c5ccc6c(c5)C(=O)N(*)C6=O)cc4C3=O)c(C)c2)c2cccc3ccccc23)cc1C,0.236427007
*C(=O)c1ccc2c(c1)C(=O)N(c1c(C)cc(C(c3cc(C)c(N4C(=O)c5ccc(*)cc5C4=O)c(C)c3)c3cccc4ccccc34)cc1C)C2=O,0.210939398
*c1ccc2c(c1)C(=O)N(c1c(C)cc(C(c3cc(C)c(N4C(=O)c5ccc(C(*)(C(F)(F)F)C(F)(F)F)cc5C4=O)c(C)c3)c3cccc4ccccc34)cc1C)C2=O,0.161522154
*c1ccc(Oc2c(C)cc(C(c3cc(C)c(Oc4ccc(-n5c(=O)c6cc7c(=O)n(*)c(=O)c7cc6c5=O)cc4)c(C)c3)c3cccc4ccccc34)cc2C)cc1,0.245595378
*c1ccc(Oc2c(C)cc(C(c3cc(C)c(Oc4ccc(N5C(=O)c6ccc(-c7ccc8c(c7)C(=O)N(*)C8=O)cc6C5=O)cc4)c(C)c3)c3cccc4ccccc34)cc2C)cc1,0.261279179
*c1ccc2c(c1)C(=O)N(c1ccc(Oc3c(C)cc(C(c4cc(C)c(Oc5ccc(N6C(=O)c7ccc(C(*)(C(F)(F)F)C(F)(F)F)cc7C6=O)cc5)c(C)c4)c4cccc5ccccc45)cc3C)cc1)C2=O,0.184969637
*/C=C/C1CC(*)C2C(=O)N(CCCCC)C(=O)C12,0.236932175
*/C=C/C1CC(*)C2C(=O)N(CCCCCC)C(=O)C12,0.232246101
*c1cccc(P(=O)(c2cccc(-n3c(=O)c4cc5c(=O)n(*)c(=O)c5cc4c3=O)c2)c2cc(C(F)(F)F)cc(C(F)(F)F)c2)c1,0.163382142
*c1cccc(P(=O)(c2ccc(C(F)(F)F)cc2)c2cccc(-n3c(=O)c4cc5c(=O)n(*)c(=O)c5cc4c3=O)c2)c1,0.18075284
*c1cccc(P(=O)(c2ccccc2)c2cccc(-n3c(=O)c4cc5c(=O)n(*)c(=O)c5cc4c3=O)c2)c1,0.201453995
*Oc1c(C)cc(C(C)(C)c2cc(C)c(ON3C(=O)c4ccc(Oc5ccc(C6(c7ccc(Oc8ccc9c(c8)C(=O)N(*)C9=O)cc7)CCC(C(C)(C)C)CC6)cc5)cc4C3=O)c(C)c2)cc1C,0.22463605
*c1ccc(Oc2ccc(C(c3ccc(Oc4ccc(N5C(=O)c6ccc(Oc7ccc(C8(c9ccc(Oc%10ccc%11c(c%10)C(=O)N(*)C%11=O)cc9)CCC(C(C)(C)C)CC8)cc7)cc6C5=O)cc4)cc3)(C(F)(F)F)C(F)(F)F)cc2)cc1,0.210880706
*c1ccc(Oc2ccc(Oc3ccc(N4C(=O)c5ccc(Oc6ccc(C7(c8ccc(Oc9ccc%10c(c9)C(=O)N(*)C%10=O)cc8)CCC(C(C)(C)C)CC7)cc6)cc5C4=O)cc3)c(C(C)(C)C)c2)cc1,0.275312596
*C(=O)Nc1cccc(C#Cc2cccc(N3C(=O)c4ccc(*)cc4C3=O)c2)c1,0.254775725
*c1ccc(Oc2ccc(NC(=O)CN3C(=O)c4ccc(C(c5ccc6c(c5)C(=O)N(CC(=O)Nc5ccc(Oc7ccc(-c8nnc(*)o8)cc7)cc5)C6=O)(C(F)(F)F)C(F)(F)F)cc4C3=O)cc2)cc1,0.215864818
*c1ccc(Oc2c(C)cc(C(C)(C)c3cc(C)c(Oc4ccc(N5C(=O)c6ccc(Oc7ccc(C8(c9ccc(Oc%10ccc%11c(c%10)C(=O)N(*)C%11=O)cc9)CCC(c9ccccc9)CC8)cc7)cc6C5=O)cc4)c(C)c3)cc2C)cc1,0.242419906
*c1ccc(Oc2ccc(Oc3ccc(N4C(=O)c5ccc(Oc6ccc(C7(c8ccc(Oc9ccc%10c(c9)C(=O)N(*)C%10=O)cc8)CCC(c8ccccc8)CC7)cc6)cc5C4=O)cc3)c(C(C)(C)C)c2)cc1,0.258275143
*c1ccc(Oc2ccc(-c3ccc(Oc4ccc(N5C(=O)c6ccc(Oc7ccc(C8(c9ccc(Oc%10ccc%11c(c%10)C(=O)N(*)C%11=O)cc9)CCC(c9ccccc9)CC8)cc7)cc6C5=O)cc4)cc3C)c(C)c2)cc1,0.262426433
*c1ccc(Oc2ccc(N3C(=O)c4ccc(Oc5ccc(C6(c7ccc(Oc8ccc9c(c8)C(=O)N(*)C9=O)cc7)CCC(c7ccccc7)CC6)cc5)cc4C3=O)cc2)cc1,0.234347519
*c1ccc(Oc2ccccc2Oc2ccc(-n3c(=O)c4cc5c(=O)n(*)c(=O)c5cc4c3=O)cc2)cc1,0.27636764
*c1ccc(Oc2ccc(Oc3ccc(-n4c(=O)c5cc6c(=O)n(*)c(=O)c6cc5c4=O)cc3)cc2C(C)(C)C)cc1,0.299962523
*c1ccc(Oc2ccc(Oc3ccc(-n4c(=O)c5cc6c(=O)n(*)c(=O)c6cc5c4=O)cc3)cc2-c2ccccc2)cc1,0.30983122
*c1ccc(Oc2cc(C(C)(C)C)ccc2Oc2ccc(-n3c(=O)c4cc5c(=O)n(*)c(=O)c5cc4c3=O)cc2)cc1,0.278141719
*c1ccc(Oc2ccccc2Oc2ccc(N3C(=O)c4ccc(-c5ccc6c(c5)C(=O)N(*)C6=O)cc4C3=O)cc2)cc1,0.29151673
*c1ccc(Oc2ccc(Oc3ccc(N4C(=O)c5ccc(-c6ccc7c(c6)C(=O)N(*)C7=O)cc5C4=O)cc3)c(C(C)(C)C)c2)cc1,0.30392846
*c1ccc(Oc2ccc(Oc3ccc(N4C(=O)c5ccc(-c6ccc7c(c6)C(=O)N(*)C7=O)cc5C4=O)cc3)c(-c3ccccc3)c2)cc1,0.316411554
*c1ccc(Oc2ccc(-c3ccc(Oc4ccc(N5C(=O)c6ccc(Oc7cccc(Oc8ccc9c(c8)C(=O)N(*)C9=O)c7)cc6C5=O)cc4)cc3)cc2)cc1,0.28734094
*c1ccc(Oc2ccc(C3(c4ccc(Oc5ccc(N6C(=O)c7ccc(Oc8ccc(C9(c%10ccc(Oc%11ccc%12c(c%11)C(=O)N(*)C%12=O)cc%10)CCC(c%10ccccc%10)CC9)cc8)cc7C6=O)cc5)cc4)CC4CC3C3CCCC43)cc2)cc1,0.22907507
*C(=O)c1ccc2c(c1)C(=O)N(c1cc(C(c3ccc(O)c(N4C(=O)c5ccc(*)cc5C4=O)c3)(C(F)(F)F)C(F)(F)F)ccc1O)C2=O,0.189395669
*c1ccc(Oc2ccc(-c3ccc(Oc4ccc(N5C(=O)c6ccc(Oc7ccc(C8(c9ccc(Oc%10ccc%11c(c%10)C(=O)N(*)C%11=O)cc9)CCCCCCCCCCC8)cc7)cc6C5=O)cc4)cc3C)c(C)c2)cc1,0.271126559
*c1ccc(Cc2ccc(N3C(=O)c4ccc(Oc5ccc(C6(c7ccc(Oc8ccc9c(c8)C(=O)N(*)C9=O)cc7)CCCCCCCCCCC6)cc5)cc4C3=O)cc2)cc1,0.234616466
*c1ccc(Oc2ccc(Oc3ccc(N4C(=O)c5ccc(Oc6ccc(C7(c8ccc(Oc9ccc%10c(c9)C(=O)N(*)C%10=O)cc8)CCCCCCCCCCC7)cc6)cc5C4=O)cc3)c(C(C)(C)C)c2)cc1,0.253157391
*c1ccc(Oc2ccc(C3(c4ccc(Oc5ccc(N6C(=O)c7ccc(Oc8ccc(C9(c%10ccc(Oc%11ccc%12c(c%11)C(=O)N(*)C%12=O)cc%10)CCCCCCCCCCC9)cc8)cc7C6=O)cc5)cc4)CCC(C(C)(C)C)CC3)cc2)cc1,0.254842041
*c1ccc(Oc2ccc(C3(c4ccc(Oc5ccc(N6C(=O)c7ccc(Oc8ccc(C9(c%10ccc(Oc%11ccc%12c(c%11)C(=O)N(*)C%12=O)cc%10)CCCCCCCCCCC9)cc8)cc7C6=O)cc5)cc4)C4CC5CC(C4)CC3C5)cc2)cc1,0.2382015
*c1ccc2c(c1)C(=O)N(c1ccc(Oc3ccc4ccc(Oc5ccc(N6C(=O)c7ccc(C(*)(C(F)(F)F)C(F)(F)F)cc7C6=O)cc5)cc4c3)cc1)C2=O,0.182668971
*c1ccc(Oc2ccc3ccc(Oc4ccc(-n5c(=O)c6cc7c(=O)n(*)c(=O)c7cc6c5=O)cc4)cc3c2)cc1,0.289863471
*c1cccc(P(=O)(c2cccc(-n3c(=O)c4c(-c5cc(C(F)(F)F)cc(C(F)(F)F)c5)c5c(=O)n(*)c(=O)c5c(-c5cc(C(F)(F)F)cc(C(F)(F)F)c5)c4c3=O)c2)c2cc(C(F)(F)F)cc(C(F)(F)F)c2)c1,0.122779381
*c1cccc(P(=O)(c2ccc(C(F)(F)F)cc2)c2cccc(-n3c(=O)c4c(-c5cc(C(F)(F)F)cc(C(F)(F)F)c5)c5c(=O)n(*)c(=O)c5c(-c5cc(C(F)(F)F)cc(C(F)(F)F)c5)c4c3=O)c2)c1,0.130279594
*c1cccc(P(=O)(c2ccccc2)c2cccc(-n3c(=O)c4c(-c5cc(C(F)(F)F)cc(C(F)(F)F)c5)c5c(=O)n(*)c(=O)c5c(-c5cc(C(F)(F)F)cc(C(F)(F)F)c5)c4c3=O)c2)c1,0.131716821
*c1cccc(P(=O)(c2cccc(-n3c(=O)c4c(-c5ccc(C(F)(F)F)cc5)c5c(=O)n(*)c(=O)c5c(-c5ccc(C(F)(F)F)cc5)c4c3=O)c2)c2cc(C(F)(F)F)cc(C(F)(F)F)c2)c1,0.141923307
*c1cccc(P(=O)(c2ccc(C(F)(F)F)cc2)c2cccc(-n3c(=O)c4c(-c5ccc(C(F)(F)F)cc5)c5c(=O)n(*)c(=O)c5c(-c5ccc(C(F)(F)F)cc5)c4c3=O)c2)c1,0.149548685
*c1cccc(P(=O)(c2ccccc2)c2cccc(-n3c(=O)c4c(-c5ccc(C(F)(F)F)cc5)c5c(=O)n(*)c(=O)c5c(-c5ccc(C(F)(F)F)cc5)c4c3=O)c2)c1,0.150823834
*c1cccc(P(=O)(c2cccc(-n3c(=O)c4c(-c5ccccc5)c5c(=O)n(*)c(=O)c5c(-c5ccccc5)c4c3=O)c2)c2cc(C(F)(F)F)cc(C(F)(F)F)c2)c1,0.14675416
*c1cccc(P(=O)(c2ccc(C(F)(F)F)cc2)c2cccc(-n3c(=O)c4c(-c5ccccc5)c5c(=O)n(*)c(=O)c5c(-c5ccccc5)c4c3=O)c2)c1,0.168077953
*c1cccc(P(=O)(c2ccccc2)c2cccc(-n3c(=O)c4c(-c5ccccc5)c5c(=O)n(*)c(=O)c5c(-c5ccccc5)c4c3=O)c2)c1,0.177458779
*c1ccc(Oc2ccc(N3C(=O)c4cccc(Oc5cccc6c5C(=O)N(*)C6=O)c4C3=O)cc2)cc1,0.222053496
*c1ccc(Oc2ccc(N3C(=O)c4ccc(Oc5cccc6c5C(=O)N(*)C6=O)cc4C3=O)cc2)cc1,0.249143763
*c1ccc(Oc2ccc(Oc3ccc(N4C(=O)c5cccc(Oc6cccc7c6C(=O)N(*)C7=O)c5C4=O)cc3)cc2)cc1,0.228924168
*c1ccc(Oc2ccc(Oc3ccc(N4C(=O)c5ccc(Oc6cccc7c6C(=O)N(*)C7=O)cc5C4=O)cc3)cc2)cc1,0.255200829
*c1ccc(Oc2ccc(N3C(=O)C4CCC5C(=O)N(*)C(=O)C5C4C3=O)cc2)cc1,0.263432532
*c1ccc(Cc2ccc(N3C(=O)C4CCC5C(=O)N(*)C(=O)C5C4C3=O)c(C)c2)cc1C,0.238258763
*c1ccc(Oc2ccc(Oc3ccc(N4C(=O)C5CCC6C(=O)N(*)C(=O)C6C5C4=O)cc3)cc2)cc1,0.274145489
*c1ccc(Oc2ccc(C(C)(C)c3ccc(Oc4ccc(N5C(=O)C6CCC7C(=O)N(*)C(=O)C7C6C5=O)cc4)cc3)cc2)cc1,0.252650625
*C(=O)c1ccc2c(c1)C(=O)N(c1c(C)cc(Cc3cc(C)c(N4C(=O)c5ccc(*)cc5C4=O)c(C)c3)cc1C)C2=O,0.220094916
*C(=O)c1ccc2c(c1)C(=O)N(c1c(CC)cc(Cc3cc(CC)c(N4C(=O)c5ccc(*)cc5C4=O)c(CC)c3)cc1CC)C2=O,0.222803856
*C(=O)c1ccc2c(c1)C(=O)N(c1c(C(C)C)cc(Cc3cc(C(C)C)c(N4C(=O)c5ccc(*)cc5C4=O)c(C(C)C)c3)cc1C(C)C)C2=O,0.204282612
*c1ccc(Oc2ccc(Oc3ccc(N4C(=O)c5ccc(Oc6ccccc6Oc6ccc7c(c6)C(=O)N(*)C7=O)cc5C4=O)cc3C(F)(F)F)cc2)c(C(F)(F)F)c1,0.203445263
*c1ccc(Oc2ccccc2Oc2ccc(N3C(=O)c4ccc(Oc5ccccc5Oc5ccc6c(c5)C(=O)N(*)C6=O)cc4C3=O)cc2C(F)(F)F)c(C(F)(F)F)c1,0.175622309
*c1ccc(Oc2c(C)cc(-c3cc(C)c(Oc4ccc(N5C(=O)c6ccc(Oc7ccccc7Oc7ccc8c(c7)C(=O)N(*)C8=O)cc6C5=O)cc4C(F)(F)F)c(C)c3)cc2C)c(C(F)(F)F)c1,0.215085171
*c1ccc(Oc2ccc(C(c3ccc(Oc4ccc(N5C(=O)c6ccc(Oc7ccccc7Oc7ccc8c(c7)C(=O)N(*)C8=O)cc6C5=O)cc4C(F)(F)F)cc3)(C(F)(F)F)C(F)(F)F)cc2)c(C(F)(F)F)c1,0.172393313
*c1ccc(Oc2ccc(C3(c4ccc(Oc5ccc(N6C(=O)c7ccc(Oc8ccccc8Oc8ccc9c(c8)C(=O)N(*)C9=O)cc7C6=O)cc5C(F)(F)F)cc4)c4ccccc4-c4ccccc43)cc2)c(C(F)(F)F)c1,0.188157219
*c1ccc(N2C(=O)c3ccc(Oc4ccc(C(C)(C)c5cccc(Oc6ccc7c(c6)C(=O)N(*)C7=O)c5)cc4)cc3C2=O)cc1,0.254037201
*CCCCCCCCCCN1C(=O)C2C3C=CC(C4C(=O)N(*)C(=O)C34)C2C1=O,0.255867446
*C1CCC(CC2CCC(N3C(=O)C4C5C=CC(C6C(=O)N(*)C(=O)C56)C4C3=O)CC2)CC1,0.232731371
*C1CCC(CC2CCC(N3C(=O)C4C5C=CC(C6C(=O)N(*)C(=O)C56)C4C3=O)C(C)C2)CC1C,0.2249129
*c1cc(C(c2ccc(O)c(N3C(=O)c4ccc(Oc5ccc6c(c5)C(=O)N(*)C6=O)cc4C3=O)c2)(C(F)(F)F)C(F)(F)F)ccc1O,0.190410767
*c1ccc(Sc2ccc(Sc3ccc(Sc4ccc(-n5c(=O)c6cc7c(=O)n(*)c(=O)c7cc6c5=O)cc4)cc3)cc2)cc1,0.209987039
*c1ccc(Sc2ccc3c(c2)Sc2ccc(Sc4ccc(-n5c(=O)c6cc7c(=O)n(*)c(=O)c7cc6c5=O)cc4)cc2S3)cc1,0.199953659
*C(=O)Oc1ccc(OC(=O)c2ccc3c(c2)C(=O)N(C2CCC(N4C(=O)c5ccc(*)cc5C4=O)CC2)C3=O)cc1,0.321091285
*c1ccc(C(=O)Oc2ccc(-n3c(=O)c4cc5c(=O)n(*)c(=O)c5cc4c3=O)cc2)cc1,0.402981581
*C(=O)Oc1ccc(OC(=O)c2ccc3c(c2)C(=O)N(c2ccc(C(=O)Oc4ccc(N5C(=O)c6ccc(*)cc6C5=O)cc4)cc2)C3=O)cc1,0.322281096
*C(=O)Oc1ccc(OC(=O)c2ccc3c(c2)C(=O)N(c2ccc(C(=O)Nc4ccc(N5C(=O)c6ccc(*)cc6C5=O)cc4)cc2)C3=O)cc1,0.32622674
*c1cc(C(c2ccc(O)c(N3C(=O)c4ccc(-c5ccc6c(c5)C(=O)N(*)C6=O)cc4C3=O)c2)(C(F)(F)F)C(F)(F)F)ccc1O,0.203289189
*c1ccc2c(c1)C(=O)N(c1ccc(-c3ccc(Oc4ccc5c(c4)C(C)(c4ccc(Oc6ccc(-c7ccc(N8C(=O)c9ccc(C(*)(C(F)(F)F)C(F)(F)F)cc9C8=O)cc7)cc6C(F)(F)F)cc4)CC5(C)C)c(C(F)(F)F)c3)cc1)C2=O,0.18898492
*c1ccc(-c2ccc(Oc3ccc(C4(C)CC(C)(C)c5ccc(Oc6ccc(-c7ccc(N8C(=O)c9ccc(Oc%10ccc%11c(c%10)C(=O)N(*)C%11=O)cc9C8=O)cc7)cc6C(F)(F)F)cc54)cc3)c(C(F)(F)F)c2)cc1,0.236371549
*c1cccc(N2C(=O)c3ccc(-c4cccc5c4C(=O)N(*)C5=O)cc3C2=O)c1,0.220725294
*c1ccc(-c2ccc(N3C(=O)c4ccc(-c5cccc6c5C(=O)N(*)C6=O)cc4C3=O)c(C)c2)cc1C,0.252551567
*c1ccc(-c2ccc(N3C(=O)c4ccc(-c5cccc6c5C(=O)N(*)C6=O)cc4C3=O)cc2C)c(C)c1,0.246966336
*c1ccc(-c2ccc(N3C(=O)c4ccc(-c5cccc6c5C(=O)N(*)C6=O)cc4C3=O)cc2C(F)(F)F)c(C(F)(F)F)c1,0.181127226
*c1ccc(Oc2cccc(N3C(=O)c4ccc(-c5cccc6c5C(=O)N(*)C6=O)cc4C3=O)c2)cc1,0.21550438
*c1ccc(Oc2ccc(Oc3ccc(N4C(=O)c5ccc(-c6cccc7c6C(=O)N(*)C7=O)cc5C4=O)cc3)cc2)cc1,0.253562737
*c1ccc(Oc2cccc(Oc3ccc(N4C(=O)c5ccc(-c6cccc7c6C(=O)N(*)C7=O)cc5C4=O)cc3)c2)cc1,0.215328534
*c1cccc(Oc2cccc(Oc3cccc(N4C(=O)c5ccc(-c6cccc7c6C(=O)N(*)C7=O)cc5C4=O)c3)c2)c1,0.194879024
*c1ccc(-c2ccc(N3C(=O)c4cc5c(cc4C3=O)C(C(F)(F)F)(C(F)(F)F)c3cc4c(cc3O5)C(=O)N(*)C4=O)cc2OC(F)(F)F)c(OC(F)(F)F)c1,0.314708286
*C(=O)Nc1ccc(C2(c3ccc(NC(=O)c4ccc5c(c4)C(=O)N(c4ccc(Sc6ccc(Oc7ccc(Sc8ccc(N9C(=O)c%10ccc(*)cc%10C9=O)cc8)cc7)cc6)cc4)C5=O)cc3)c3ccccc3-c3ccccc32)cc1,0.233545227
*c1ccc(Sc2ccc(Oc3ccc(Sc4ccc(N5C(=O)c6ccc(Oc7ccc(C(C)(C)c8ccc(Oc9ccc%10c(c9)C(=O)N(*)C%10=O)cc8)cc7)cc6C5=O)cc4)cc3)cc2)cc1,0.219421614
*c1ccc2c(c1)C(=O)N(c1ccc(Sc3ccc(Oc4ccc(Sc5ccc(N6C(=O)c7ccc(C(*)(C(F)(F)F)C(F)(F)F)cc7C6=O)cc5)cc4)cc3)cc1)C2=O,0.17007229
*OC(C)COC(*)=O,0.216197061
*Oc1ccc2c(c1)C1(CC2(C)C)CC(C)(C)c2ccc(OC(*)=O)cc21,0.198892107
*Oc1ccc(C(C)(CCC#N)c2ccc(OC(*)=O)cc2)cc1,0.239792442
*Oc1ccc(C(C)(CCC#N)c2ccc(OC(*)=O)c(C)c2)cc1C,0.219626724
*Oc1ccc(C(CCC)(CCC)c2ccc(OC(*)=O)c(C)c2)cc1C,0.239908747
*Oc1ccc(C(CCCC)(CCCC)c2ccc(OC(*)=O)cc2)cc1,0.236778552
*CCCCCCCCCSC(=O)S*,0.228700961
*CCCCCCCCCCCCSC(=O)S*,0.246707796
*Sc1ccc(Cc2ccc(SC(*)=O)cc2)cc1,0.180050455
*Oc1ccc(C(C)(C)c2ccc(OC(=O)SCCCSC(*)=O)cc2)cc1,0.187002547
*Oc1ccc(C(C)(C)c2ccc(OC(=O)SCCCCCCSC(*)=O)cc2)cc1,0.197531069
*Oc1ccc(C(C)(C)c2ccc(OC(=O)Sc3ccc(C(C)(C)c4ccc(SC(*)=O)cc4)cc3)cc2)cc1,0.182529356
*C1NC(CC1)*,0.263630423
*c1ccc(Cc2ccc(N(*)Cc3ccccc3)cc2)cc1,0.238998014
*Cc1cc(C(C)(C)c2ccc3c(c2)CN(C)CO3)cc(CN(*)C)c1O,0.206550984
*c1ccc(C(c2ccc(-c3nc4cc(-c5ccc6nc(*)[nH]c6c5)ccc4[nH]3)cc2)(C(F)(F)F)C(F)(F)F)cc1,0.239875739
*c1ccc(C(c2ccc(-c3nc4ccc(-c5ccc6nc(*)[nH]c6c5)cc4[nH]3)cc2)(C(F)(F)F)C(F)(F)F)cc1,0.248861231
*c1cccc(S(=O)(=O)NCCCCCCNS(*)(=O)=O)c1,0.20809775
*c1ccc(S(*)(=O)=O)cc1,0.199092642
*Cc1cc(*)c(O)cc1C,0.226688307
