SMILES,Rg,id
*CC*,22.52882969,0
*CC(*)(C)C,17.01444077,1
*CC(*)(C)CC,16.87721653,2
*CCC(*)(C)C,17.67198533,3
*CC(C)C(*)(C)C,17.17860438,4
*CCCC(*)(C)CC,18.11387406,5
*CC(*)C1CCC1,16.09859299,6
*CC(*)C1CCCC1,15.28079947,7
*CC(*)CC1CCCC1,15.23433651,8
*CC(*)C1CCCCC1,15.42436826,9
*CC(*)Cc1ccccc1,15.68836024,10
*CC(*)CCc1ccccc1,14.96591592,11
*CC(*)C(C)c1ccccc1,14.69572127,12
*CC(*)CCCCCC,14.80442202,13
*CC(*)CCCCCCCCCCCCCCCC,13.46131349,14
*CC(*)C(CC)CC,15.78908163,15
*CC(*)CC(CC)CC,14.5182176,16
*CC(*)CC(C)CC,15.292816,17
*CC(*)CC(C)(C)CC,15.15669433,18
*CC(*)CCCC(C)(C)C,14.35781565,19
*CC(*)CCC1CCCCC1,14.07993929,20
*CC(*)CCCC1CCCCC1,13.32480759,21
*CC1(*)CCC(C)CC1,16.54077615,22
*CC(*)(C)CCC,15.69240776,23
*/C=C\CC*,20.39705577,24
*C=CCC*,22.35804209,25
*C(C)C(*)C,19.769244,26
*CCC(C)C(*)C,18.8906591,27
*CCC1CCCC1*,17.1369163,28
*C=CCCCCCCCC*,22.38144722,29
*CC(*)CCCCCCCCCCCCCCCCCCCC,14.17209546,30
*C=CCCCCCC*,20.5890575,31
*CC(*)C(C)(C)C,15.93618471,32
*/C=C\CCCC*,18.83393128,33
*C(CC)C(*)CC,17.80886641,34
*CC(*)C1CCCC(C)C1,14.69170054,35
*CC(*)C1CCC(C)CC1,14.89340858,36
*CCC=C(*)CCCCCCC,14.82336082,37
*CCC=C(*)C(C)C,17.34006864,38
*/C=C\CCC*,19.41179187,39
*CC(*)CCC(C)(C)C,14.9505416,40
*/C=C\*,29.50466545,41
*/C=C\CCCCC*,20.47395209,42
*C=CC1CCC(*)C1,27.70781213,43
*CCC=C(*)CCC,16.62491893,44
*C=CCCCCCCCCCC*,22.18283972,45
*C=CC(C)CCCCC*,21.24571185,46
*CC/C=C(\*)C(C)(C)C,16.84381245,47
*CC(*)c1ccccc1,16.61375099,48
*CC(*)c1ccccc1COC,15.12599095,49
*CC(*)c1ccccc1COCC,13.822737,50
*CC(*)c1ccccc1COCc1ccccc1,14.11258884,51
*CC(*)c1ccccc1COCCc1ccccc1,13.49363288,52
*CC(*)c1ccccc1C(=O)NC,14.2222386,53
*CC(*)c1ccccc1C(=O)N(C)C,14.34481433,54
*CC(*)c1ccccc1C(=O)Nc1ccccc1,15.35270772,55
*CC(*)c1ccccc1C(=O)O,17.30086834,56
*CC(*)c1ccccc1C(=O)OC,14.95874782,57
*CC(*)c1ccccc1C(=O)OCC,15.25587433,58
*CC(*)c1ccccc1C(=O)OCCC,14.11532006,59
*CC(*)c1ccccc1C(=O)OC(C)C,14.18096027,60
*CC(*)c1ccccc1C(=O)OCCCC,14.65218988,61
*CC(*)c1ccccc1C(=O)OCC(C)C,14.5338504,62
*CC(*)c1ccccc1C(=O)OCCCCC,14.46126705,63
*CC(*)c1ccccc1C(=O)OCCC(C)C,14.4306517,64
*CC(*)c1ccccc1C(=O)OCCCCCC,13.19402732,65
*CC(*)c1ccccc1C(=O)Oc1ccccc1,13.97527172,66
*CC(*)c1ccccc1C(=O)OCCN(C)C,13.93175461,67
*CC(*)c1ccccc1OC,15.86315929,68
*CC(*)c1ccccc1Cl,16.45969775,69
*CC(*)c1ccccc1F,16.87173852,70
*CC(*)c1cccc(C)c1,16.34575568,71
*CC(*)c1cccc(CC)c1,15.84976465,72
*CC(*)c1cccc(-c2ccc(-c3ccccc3)cc2)c1,14.72292163,73
*CC(*)c1cccc(F)c1,17.72241416,74
*CC(*)c1ccc(CC)cc1,15.56198015,75
*CC(*)c1ccc(C(C)C)cc1,15.15661624,76
*CC(*)c1ccc(CCCC)cc1,14.8552015,77
*CC(*)c1ccc(C(C)(C)C)cc1,14.30377054,78
*CC(*)c1ccc(C(C)CC)cc1,12.82216991,79
*CC(*)c1ccc(CCCCCC)cc1,14.12902258,80
*CC(*)c1ccc(CCCCCCCCCCCCCCCCCC)cc1,13.712502565,81
*CC(*)c1ccc(-c2ccccc2)cc1,14.54803603,82
*CC(*)c1ccc(COCCOCC)cc1,14.34922191,83
*CC(*)c1ccc(C#N)cc1,16.9408436,84
*CC(*)c1ccc(Cl)cc1,18.16537118,85
*CC(*)c1ccc(Br)cc1,18.90727861,86
*CC(*)c1ccc(C(F)(F)C(F)(F)C(F)(F)C(F)(F)C(F)(F)C(F)(F)C(F)(F)F)cc1,15.21371358,87
*CC(*)c1ccc(C(C)=NO)cc1,16.88235418,88
*CC(*)c1ccc(C(C)(O)CC)cc1,14.36693126,89
*CC(*)c1ccc(C(C)(O)CCC)cc1,14.4775695,90
*CC(*)c1ccc(C(C)(O)CCCC)cc1,12.83039798,91
*CC(*)c1ccc(C(C)(O)CCCCC)cc1,12.68780054,92
*CC(*)c1ccc(C(O)CCN(C)C)cc1,13.98079175,93
*CC(*)c1ccc(C(O)CCN2CCCCC2)cc1,12.6922634,94
*CC(*)c1ccc(C(O)CCN2CCOCC2)cc1,13.11344595,95
*CC(*)c1ccc(COC)cc1,14.55788133,96
*CC(*)c1ccc(COCCO)cc1,15.16861857,97
*CC(*)c1ccc(COCCC)cc1,12.58385702,98
*CC(*)c1ccc(COCCCC)cc1,13.60171636,99
*CC(*)c1ccc(COCCCCO)cc1,14.44348152,100
*CC(*)c1ccc(COC(C)CC)cc1,13.53195109,101
*CC(*)c1ccc(COCCCCCC)cc1,13.35700392,102
*CC(*)c1ccc(COCCOCCCC)cc1,14.09935019,103
*CC(*)c1ccc(C(=O)N(C)C)cc1,15.9123512,104
*CC(*)c1ccc(C(=O)N(CC)CC)cc1,14.43613402,105
*CC(*)c1ccc(C(=O)N2CCCCC2)cc1,13.90916341,106
*CC(*)c1ccc(C(=O)CCN2CCCCC2)cc1,13.83668426,107
*CC(*)c1ccc(C(=O)N2CCOCC2)cc1,15.78200571,108
*CC(*)c1ccc(C(=O)OCC)cc1,15.33141492,109
*CC(*)c1ccc(C(=O)OCCC)cc1,14.55540999,110
*CC(*)c1ccc(C(=O)OC(C)C)cc1,15.52167208,111
*CC(*)c1ccc(C(=O)OCCCC)cc1,14.69007069,112
*CC(*)c1ccc(C(=O)OCC(C)C)cc1,14.58801332,113
*CC(*)c1ccc(C(=O)OCCCCCC)cc1,14.58927666,114
*CC(*)c1ccc(C(=O)CC)cc1,14.23013368,115
*CC(*)c1ccc(C(=O)CCC)cc1,14.73914033,116
*CC(*)c1ccc(C(=O)CCCC)cc1,13.57615427,117
*CC(*)c1ccc(C(=O)CCCCC)cc1,14.36561543,118
*CC(*)c1ccc(C(=O)CCCCCCC)cc1,13.55487628,119
*CC(*)c1ccc(C(=O)Cc2ccccc2)cc1,15.33258422,120
*CC(*)c1ccc(C(=O)c2ccccc2)cc1,15.51570377,121
*CC(*)c1ccc(C(=O)c2ccc(C)cc2)cc1,15.14876652,122
*CC(*)c1ccc(F)cc1,16.35106605,123
*CC(*)c1ccc(I)cc1,17.87087737,124
*CC(*)c1ccc(N(C)C)cc1,13.8215352,125
*CC(*)c1ccc(OC)cc1,15.63545147,126
*CC(*)c1ccc(OCC)cc1,14.46497808,127
*CC(*)c1ccc(OCCC)cc1,14.44443348,128
*CC(*)c1ccc(OCCCC)cc1,13.6870881,129
*CC(*)c1ccc(OCCC(C)C)cc1,15.22506355,130
*CC(*)c1ccc(Oc2ccccc2)cc1,15.76562328,131
*CC(*)c1ccc(-c2ccc(-c3ccccc3)cc2)cc1,14.4176585,132
*CC(*)c1ccc(S(=O)(=O)OCCC)cc1,13.6160521,133
*CC(*)c1c(Cl)cccc1Cl,17.85712517,134
*CC(*)c1ccc(F)cc1C,15.936877629999998,135
*CC(*)c1cc(Br)ccc1OC,14.96406325,136
*CC(*)c1cc(Br)ccc1OCCC,14.99578566,137
*CC(*)c1cc(Br)ccc1OC(C)C,15.70495361,138
*CC(*)c1cc(Br)ccc1OCCCCC,13.86362583,139
*CC(*)c1cc(Br)ccc1OCCC(C)C,14.27154344,140
*CC(*)c1cc(C)cc(C)c1,15.27342415,141
*CC(*)c1ccc(C)c(C)c1,14.95857824,142
*CC(*)c1ccc(Cl)c(C)c1,16.22218089,143
*CC(*)c1ccc(Cl)c(Cl)c1,17.14756488,144
*CC(*)c1ccc(Cl)c(F)c1,17.76790396,145
*CC(*)c1c(C)cc(C)cc1C,14.89515923,146
*CC(*)c1cc(C)c(C)cc1C,15.99010021,147
*CC(*)c1c(F)c(F)c(F)c(F)c1F,18.32610812,148
*C(F)(F)C(*)(F)c1ccccc1,21.93793635,149
*C(F)(F)C(*)(F)c1c(F)c(F)c(F)c(F)c1F,19.42856309,150
*CC(*)c1ccc(C(=O)CCN2CCOCC2)cc1,12.87883778,151
*CC(*)(C)c1ccc(C)cc1,15.02291633,152
*C(c1ccccc1)C(*)[N+](=O)[O-],19.60423193,153
*CC(*)c1ccc(C(=O)C(F)(F)F)cc1,15.73949089,154
*CC(*)c1ccc(C(=O)c2ccc(OC)cc2)cc1,14.43571805,155
*CC(*)c1ccc2ccccc2c1,14.67146471,156
*CC(*)c1ccncc1,17.18242977,157
*CC(*)c1cccc(C)n1,16.28393288,158
*CC(*)c1ccc(C)nc1,15.40150501,159
*CC(*)N1Cc2ccccc2N1,15.0667824,160
*CC(c1ccccn1)C(c1ccccc1)C(*)c1ccccn1,18.07137037,161
*CC(*)c1ccc(C(F)(F)C(F)(F)C(F)(F)C(F)(F)C(F)(F)C(F)F)cc1,14.20619583,162
*C([2H])([2H])C(*)([2H])c1c([2H])c([2H])c([2H])c([2H])c1[2H],16.253100535,163
*CC(*)O,22.573392755,164
*CC(*)C=O,19.7118284,165
*CC(*)C(C)=O,17.533847195,166
*CC(*)OC(C)=O,18.26683455,167
*CC(*)CCCCCCCCCO,13.61667777,168
*CC(*)CCN(C(C)C)C(C)C,13.69934446,169
*CC(*)CCCN(C(C)C)C(C)C,13.13171976,170
*C=CC(C)C(*)C(=O)OC,21.30200679,171
*C#C/C(COS(=O)(=O)c1ccc(C)cc1)=C(/*)COS(=O)(=O)c1ccc(C)cc1,24.55560009,172
*CC(*)OC=O,18.97705133,173
*CC(*)OCc1ccccc1,15.53483409,174
*CC(*)OC(C)(C)C,15.33751774,175
*C(C)C(*)OCC(C)C,16.49508712,176
*CC(*)(C)OC,17.1423939,177
*CC(*)OCC(C)(C)C,14.82511794,178
*CC(*)OC(C)CC,16.05246852,179
*CC(*)OC(=O)C(F)(F)F,18.81227568,180
*/C=C/C(C*)OC,18.49301213,181
*C=CCC(C)(CC*)C(=O)OC,20.28117743,182
*CC(*)CCc1ccccc1C,14.63740659,183
*CC(*)CCc1ccc(C)cc1,14.3932565,184
*CC(*)OCCCCCCCCCCCC,13.33649352,185
*C(C)C(*)OCCCC,16.33517728,186
*C(C)C(*)OC(C)(C)C,14.90660952,187
*C(C)C(*)OCC,16.68834663,188
*C(C)C(*)OC(C)C,18.99231057,189
*C(C)C(*)OC,20.15695422,190
*C(C)C(*)OCCC,17.00586889,191
*CC(*)Cc1cc(C)ccc1C,14.42398838,192
*CC(*)Cc1ccc(C)c(C)c1,14.89435221,193
*CC(*)Cc1cc(C)cc(C)c1,14.29103936,194
*CC(*)Cc1cccc(C)c1,15.12977836,195
*CC(*)Cc1ccccc1C,14.82762777,196
*CC(*)Cc1ccc(C)cc1,16.18908793,197
*C(C)C(*)O,20.19829071,198
*CC(*)OC(=O)c1ccc(C(C)(C)C)cc1,14.7571501,199
*CC(*)C(=O)C(C)(C)C,15.84529429,200
*CC(*)C(=O)c1ccccc1O,15.28485466,201
*C=CC(C*)OC,19.18540535,202
*CCC=C(*)c1ccccc1,15.95070727,203
*C(O)C(*)O,19.64602994,204
*CC(*)OCC(CC)CCCC,14.13912387,205
*CC(*)SCCCC,14.65968007,206
*CC(*)OC1CCCCC1,13.62953501,207
*CC(*)SCC,17.66261453,208
*C(F)(F)C(*)(F)OC(F)(F)C(F)(F)C(F)(F)C(F)(F)F,17.92886538,209
*C(F)(F)C(*)(F)OC(F)(F)C(F)(F)F,19.35141962,210
*C(F)(F)C(*)(OC(F)(F)F)OC(F)(F)F,21.33372586,211
*C(OC(F)(F)F)C(*)(F)F,19.9989679,212
*C(F)C(*)(F)OC(F)(F)F,20.02561571,213
*C(F)(F)C(*)(F)OC(F)(F)F,19.64902543,214
*CC(*)OCC(C)(C)CC,15.13911828,215
*CC(*)SC,18.25753526,216
*CC(*)OCCC,16.23770054,217
*CC(*)(F)C(C)=O,18.13593146,218
*CC(*)C(=O)c1ccccc1,15.31568423,219
*CC(*)C(=O)c1ccc(Br)c(OC)c1,16.36128939,220
*CC(*)C(=O)c1ccc(Cl)cc1,16.72379022,221
*CC(*)C(=O)c1ccc(CC)cc1,14.9218365,222
*CC(*)C(=O)c1ccc(C(C)C)cc1,14.91122347,223
*CC(*)C(=O)c1ccc(OC)cc1,15.75625012,224
*CC(*)C(=O)c1ccc(C)c(C)c1,15.23129023,225
*CC(*)C(=O)c1ccc(CCC)cc1,14.16661987,226
*CC(*)OC(=O)c1ccccc1OC(C)=O,14.76297702,227
*CC(*)OC(=O)c1ccc(OC(C)=O)cc1,16.00551203,228
*CC(*)OC(=O)CCCC(=O)c1ccccc1,14.04169185,229
*CC(*)OC(=O)c1cccc(Br)c1,17.42336725,230
*CC(*)OC(=O)c1ccc(Br)cc1,17.15031322,231
*CC(*)OC(=O)c1ccccc1Cl,15.50848092,232
*CC(*)OC(=O)c1cccc(Cl)c1,16.34133778,233
*CC(*)OC(=O)c1ccc(Cl)cc1,16.98206714,234
*CC(*)OC(=O)C1CCCCC1,15.02904936,235
*CC(*)OC(=O)CC1CCCCC1,12.23054725,236
*CC(*)OC(=O)CCCC1CCCCC1,12.62513355,237
*CC(*)OC(=O)c1ccc(OCC)cc1,13.56211229,238
*CC(*)OC(=O)c1ccc(CC)cc1,14.34170528,239
*CC(*)OC(=O)C(F)(F)C(F)(F)C(F)(F)F,17.42126843,240
*CC(*)NC(=O)OC(C)(C)C,14.77361587,241
*CC(*)OC(=O)C(F)(F)C(F)(F)C(F)(F)C(F)(F)C(F)(F)C(F)(F)C(F)(F)C(F)(F)C(F)(F)F,14.59173807,242
*CC(*)OC(=O)C(F)(F)C(F)(F)C(F)(F)C(F)(F)C(F)(F)F,15.70594894,243
*CC(*)OC(=O)C(F)(F)C(F)(F)C(F)(F)C(F)(F)C(F)(F)C(F)(F)C(F)(F)F,15.20088875,244
*CC(*)OC(=O)C(F)(F)C(F)(F)F,17.81853544,245
*CC(*)OC(=O)C(F)(F)C(F)(F)C(F)(F)C(F)(F)F,16.73509919,246
*CC(*)OC(=O)c1ccncc1,16.11159845,247
*CC(*)OC(=O)c1ccc(C(C)C)cc1,13.82745897,248
*CC(*)OC(=O)C(C)(C(C)C)C(C)C,14.19923629,249
*CC(*)OC(=O)c1ccccc1OC,15.67895442,250
*CC(*)OC(=O)c1cccc(OC)c1,16.70882815,251
*CC(*)OC(=O)c1ccc(OC)cc1,15.38539351,252
*CC(*)OC(=O)c1ccccc1C,15.97265841,253
*CC(*)OC(=O)c1cccc(C)c1,16.20375695,254
*CC(*)OC(=O)c1ccc(C)cc1,14.74333207,255
*CC(*)OC(=O)CC(C)(C)c1ccccc1,13.51269818,256
*CC(*)OC(=O)C(C)(C)CCC,15.07129891,257
*CC(*)OC(=O)C(C)(C)C(C)(C)CC,14.05682565,258
*CC(*)OC(=O)C(C)(C)C(C)C(C)C,13.98572797,259
*CC(*)OC(=O)C(C)(C)CC(C)(C)C,13.93020611,260
*CC(*)OC(=O)c1cccnc1,16.3670213,261
*CC(*)OC(=O)c1cccc([N+](=O)[O-])c1,16.31690789,262
*CC(*)OC(=O)CCCCCCC,14.47773716,263
*CC(*)OC(F)(C(F)(F)F)C(F)(F)F,17.72320981,264
*CC(*)OC(=O)CCl,18.24518341,265
*CC(*)OCCCl,17.81288149,266
*CC(*)OCCOC,16.18817273,267
*CC(*)OCC(F)(F)F,17.93910128,268
*CC(*)(CC(=O)OCCCCCCC)C(=O)OCCCCCCC,12.43461106,269
*CC(*)OC(=O)C1CCCC1,14.7548975,270
*CC(*)OC(=O)C1(C)CCCCC1,13.92155481,271
*CC(*)P(=O)(c1ccccc1)c1ccccc1,15.04474841,272
*CC(*)P(=O)(OCC)N(C)C,15.14797137,273
*CC(*)P(=O)(Oc1ccccc1)N(C)C,15.53040062,274
*CC(*)c1nc(C)nc(C)n1,14.95789187,275
*CC(*)OC(=O)CCCCCCCCC,13.85669729,276
*CC(*)OC(=O)CCCCC,14.65998256,277
*CC(OC)C1C(=O)OC(=O)C1*,20.79601126,278
*CC(OC)C(C(=O)O)C(*)C(=O)O,19.12296171,279
*CCCC=C(*)c1ccc(OC)cc1,15.88913504,280
*CCCC=C(*)c1ccccc1,16.84772914,281
*CCCC=C(*)c1ccc(Cl)cc1,17.27192053,282
*CC(*)CNc1ccc([N+](=O)[O-])cc1,15.69852344,283
*CC(*)CNc1ccc([N+](=O)[O-])cc1C,14.85666076,284
*CC(*)CNc1ccc([N+](=O)[O-])c(C(F)(F)F)c1,15.44845766,285
*CC(*)CNc1ccc([N+](=O)[O-])cc1[N+](=O)[O-],15.62776691,286
*CC1CC(*)C(OC(=O)CCCCCCCCCCOc2ccc(-c3ccc(C#N)cc3)cc2)C1OC(=O)CCCCCCCCCCOc1ccc(-c2ccc(C#N)cc2)cc1,14.7432634,287
*CC1CC(*)C(OC(=O)CCCCCCCCCCOc2ccc(-c3ccc(C#N)cc3)cc2)C1,16.22330035,288
*CCC1CC(OC(=O)CCCCCCCCCCOc2ccc(-c3ccc(C#N)cc3)cc2)CC1*,14.45758979,289
*CC(*)N1CCNC1,15.06593322,290
*CC(*)OC(=O)c1ccc(C#N)cc1,15.78934931,291
*CC(*)OCC(C)(C)CC(C)C,14.2455368,292
*C(F)(F)C(*)(F)OC(F)C(F)F,18.71840322,293
*CC(*)C(=O)c1ccc(Br)cc1,16.02566915,294
*CC(*)OC(=O)CC1CCCC1,13.87715062,295
*CC(*)N1CCCC1=O,16.23853098,296
*CCC1CC2C(CC(*)C2OC(=O)CCCCCCCCCCOc2ccc(-c3ccc(C#N)cc3)cc2)C1OC(=O)CCCCCCCCCCOc1ccc(-c2ccc(C#N)cc2)cc1,15.22602842,297
*CC(*)C(=O)O,18.71447491,298
*CC(*)C(=O)OC,18.53319803,299
*CC(*)C(=O)OCCC,17.26959447,300
*CC(*)C(=O)OC(C)C,16.46496186,301
*CC(*)C(=O)OCC(C)C,15.74079932,302
*CC(*)C(=O)OC(C)(C)C,16.03282719,303
*CC(*)C(=O)OCCCCCCC,14.77447829,304
*CC(*)C(=O)OCCCCCCCC,14.09828696,305
*CC(*)C(=O)OCCCCCCCCCCCC,13.68458172,306
*CC(*)C(=O)OCCCCCCCCCCCCCCCCCC,13.749836615,307
*CC(*)C(=O)OCC=C,16.63317236,308
*CC(*)C(=O)OC1CC2CCC1(C)C2(C)C,13.53478497,309
*CC(*)C(=O)OCC(F)(F)F,17.41967846,310
*CC(*)C(=O)OCC(F)(F)C(F)(F)F,16.89967025,311
*CC(*)C(=O)OC(C(F)(F)F)C(F)(F)F,17.53091845,312
*CC(*)C(=O)OC(F)(C(F)(F)F)C(F)(F)Cl,17.4877483,313
*CC(*)C(=O)OC(F)(C(F)(F)Cl)C(F)(F)Cl,17.52869422,314
*CC(*)C(=O)OCC(F)(F)C(F)C(F)(F)F,15.95493816,315
*CC(*)C(=O)OCC(F)(F)C(F)(F)C(F)(F)F,16.17765228,316
*CC(*)(C)C(=O)OCCC,16.19729792,317
*CC(*)(C)C(=O)OC(C)C,16.7947377,318
*CC(*)(C)C(=O)OCC(C)C,15.30603285,319
*CC(*)(C)C(=O)OCCO,16.14206295,320
*CC(*)C(N)=O,17.78837154,321
*CC(*)C(=O)N1CCCCC1,14.57926593,322
*CC(*)C(=O)Oc1ccc(OC)cc1,14.53752834,323
*CC(*)C(=O)Oc1ccccc1C(=O)OC,14.82615356,324
*CC(*)C(=O)Oc1ccccc1C(=O)OCC,13.19656261,325
*CC(*)C(=O)Oc1cccc(C(=O)OC)c1,15.68591994,326
*CC(*)C(=O)Oc1cccc(C(=O)OCC)c1,13.88062741,327
*CC(*)C(=O)Oc1ccc(C(=O)OC)cc1,13.6680908,328
*CC(*)C(=O)Oc1ccc(C(=O)OCC)cc1,14.69725119,329
*CC(*)(C)C(=O)OCC(C)O,14.81784724,330
*CC(*)(C)C(=O)OCCO[N+](=O)[O-],16.05424523,331
*CC(*)(C)C(=O)Oc1ccc(C(=O)OC)cc1,15.9622621,332
*CC(*)(CC(=O)OC1CCCCC1)C(=O)OC1CCCCC1,10.207263860000001,333
*CC(*)(CC(=O)OCC1CCCCC1)C(=O)OCC1CCCCC1,11.11893161,334
*CC(*)(CC(=O)OCCC1CCCCC1)C(=O)OCCC1CCCCC1,11.63447878,335
*CC(*)(CC(=O)OCCCC1CCCCC1)C(=O)OCCCC1CCCCC1,11.12507079,336
*CC(*)(CC(=O)OC)C(=O)OC,17.1353479,337
*C(*)C(=O)OCC,17.34823087,338
*C(*)C(=O)OC,19.45199837,339
*C(*)C(=O)OCCC,15.96646564,340
*CC(*)C(=O)OCCO,16.61684144,341
*CC(*)(CCC(C)C(=O)OC)C(=O)OC,17.37339911,342
*CC(*)C(=O)OC1CCCCCCCCCCC1,12.91952215,343
*CC(*)Cl,21.419742315,344
*CC(*)(F)F,20.87421955,345
*CC(*)(Cl)Cl,22.97672238,346
*C(F)C(*)(F)F,22.28822049,347
*C(F)(F)C(*)(F)F,27.21222202,348
*C(F)(F)C(*)(F)Cl,26.56092558,349
*CCC=C(*)Cl,19.63529215,350
*C(F)(F)C(*)(F)C(F)(F)F,19.83463914,351
*CC/C=C(/*)C,22.18117603,352
*CC/C=C(\*)C,17.87821455,353
*CC/C=C(/*)Cl,18.49567386,354
*CC/C=C(\*)Cl,20.03932556,355
*CC(*)C=C,20.09722775,356
*CCC=C(*)C,17.45895747,357
*CCO*,22.24965117,358
*CC(C)O*,18.4423755,359
*CC(CCl)O*,18.49280872,360
*CCCCO*,23.370366,361
*Oc1c(OC)cc(*)cc1OC,20.19618766,362
*C(=O)OCCOC(=O)c1ccc(*)o1,22.59738265,363
*CCOCCOC(=O)c1cccc(C(=O)O*)c1,21.09386476,364
*CCOc1ccc(C(=O)OCCOC(=O)c2ccc(O*)cc2)cc1,21.1446178,365
*CCCCOc1ccc(C(=O)OCCOC(=O)c2ccc(O*)cc2)cc1,23.20013793,366
*Oc1ccc(NC(=O)c2cccc(C(=O)Nc3ccc(*)cc3)c2)cc1,25.31389976,367
*Oc1ccc(S(=O)(=O)c2ccc(*)cc2)cc1,21.83245174,368
*Oc1ccc(S(=O)(=O)c2ccc(Oc3ccc(Cc4ccc(*)cc4)cc3)cc2)cc1,22.493693265,369
*CC(O)COc1ccc(C(C)(C)c2ccc(O*)cc2)cc1,21.19901191,370
*CC1CC(*)OC(CCC)O1,19.21617746,371
*Oc1ccc(Oc2ccc(C(=O)c3ccc(*)cc3)cc2)cc1,24.41255742,372
*Oc1cccc(S(=O)(=O)c2ccc(*)cc2)c1,20.49677924,373
*Oc1ccc(S(=O)(=O)c2ccc(Oc3ccc(C(c4ccc(*)cc4)(C(F)(F)F)C(F)(F)F)cc3)cc2)cc1,21.28766673,374
*Oc1ccc(S(=O)(=O)c2ccc(Oc3ccc(-c4ccc(*)cc4)cc3)cc2)cc1,22.7025797,375
*c1ccc(-c2nc3cc4nc(*)oc4cc3o2)cc1,70.702021,376
*CCOCC(=O)O*,21.29511654,377
*CCOCCOC(=O)c1ccc(-c2ccc(C(=O)O*)cc2)cc1,22.65495181,378
*Oc1ccc(S(=O)(=O)c2ccc(Oc3ccc(C(=O)c4cccc(C(=O)c5ccc(*)cc5)c4)cc3)cc2)cc1,21.67035495,379
*CCCCCCOC(=O)Nc1ccc(C)c(NC(=O)OCCCCCCOc2ccc(-c3ccc(O*)cc3)cc2)c1,20.85561007,380
*CCCSS*,23.48494002,381
*Sc1ccc(*)cc1,21.25457967,382
*Oc1ccc(Sc2ccc(OC(*)=O)cc2)cc1,23.7127317,383
*CCOC(=O)CCC(=O)O*,20.40812175,384
*CCCCOC(=O)CCC(=O)O*,19.85275311,385
*CCOC(=O)CCCCCCCCC(=O)O*,22.1750025,386
*CCCCCCOC(=O)CCCCCCCCC(=O)O*,20.55517675,387
*CCOC(=O)c1ccc(C(=O)O*)cc1,21.6689472,388
*CCOC(=O)c1cccc(C(=O)O*)c1,19.62141303,389
*CCCCOC(=O)c1ccc(C(=O)O*)cc1,21.91826774,390
*CCCCCCOC(=O)c1ccc(C(=O)O*)cc1,22.11416293,391
*Oc1ccc(C(C)(C)c2ccc(OC(=O)c3ccc(C(*)=O)cc3)cc2)cc1,25.560215,392
*CCOC(=O)c1ccc2ccc(C(=O)O*)cc2c1,21.80855916,393
*CCOC(=O)c1ccc2cc(C(=O)O*)ccc2c1,21.86542178,394
*CCCCOC(=O)CCCCC(=O)O*,20.723239,395
*Oc1ccc(C2(c3ccc(OC(=O)c4cccc(C(*)=O)c4)cc3)c3ccccc3-c3ccccc32)cc1,21.22118718,396
*CCOC(=O)c1cccc2c(C(=O)O*)cccc12,19.7972434,397
*CCOC(=O)c1ccc(C(=O)O*)c2ccccc12,20.47352108,398
*CCCOC(=O)c1ccc(C(=O)O*)cc1,21.9703172,399
*Oc1ccc(-c2ccc(OC(=O)CCCCCC(*)=O)cc2)cc1,27.00434671,400
*Oc1ccc(-c2ccc(OC(=O)CCCCCCC(*)=O)cc2)cc1,29.01333974,401
*Oc1ccc(-c2ccc(OC(=O)CCCCCCCC(*)=O)cc2)cc1,26.42125483,402
*Oc1ccc(-c2ccc(OC(=O)CCCCCCCCC(*)=O)cc2)cc1,24.42136808,403
*Oc1ccc(-c2ccc(OC(=O)CCCCCCCCCC(*)=O)cc2)cc1,22.72513131,404
*Oc1ccc(OC(=O)c2ccc(-c3ccc(C(*)=O)cc3)cc2)cc1C,41.93392289,405
*Oc1ccc(S(=O)(=O)c2ccc(OC(=O)c3ccc(C(*)=O)cc3)cc2)cc1,25.4040485,406
*Oc1ccc(-c2ccc(OC(=O)CCCCCCCCCCC(*)=O)cc2)cc1,20.78588244,407
*Oc1ccc(-c2ccc(OC(=O)CCCCCCCCCCCC(*)=O)cc2)cc1,24.51658371,408
*Oc1ccc(-c2ccc(OC(=O)CCCCCCCCCCCCC(*)=O)cc2)cc1,21.23825618,409
*CC1CCC(COC(=O)CCC(=O)O*)CC1,18.87922116,410
*OC(C)CC(*)=O,18.89890364,411
*OC(C)C(*)=O,21.00279981,412
*CC(C)(CCC)C(=O)O*,18.17954073,413
*Cc1ccc(-c2ccc(C(=O)O*)cc2)cc1,24.83087287,414
*CC1CCC(COC(=O)CCCCCCCCC(=O)O*)CC1,21.40859889,415
*CCCCCCCCCCOC(=O)c1ccc(C(=O)NCCNC(=O)c2ccc(C(=O)O*)cc2)cc1,21.72626814,416
*CCOC(=O)C1CCC(C(=O)O*)CC1,18.94272389,417
*CCOC(=O)c1ccc(-c2ccc(C(=O)O*)cc2)cc1,23.54786843,418
*CCCCCCOC(=O)CCCCCNC(=O)CCCCC(=O)NCCCCCC(=O)O*,20.42495944,419
*CCCCCCOC(=O)CCCCCCCC(=O)O*,20.88840996,420
*CCCCCCOC(=O)c1ccc(-c2ccc(C(=O)O*)cc2)cc1,23.41197616,421
*CC(C)(C)COC(=O)CCC(=O)O*,20.44290481,422
*Oc1ccc(C(C)(C)c2ccc(OC(=O)CCCCC(*)=O)cc2)cc1,21.22930963,423
*CCCCCCOC(=O)c1ccc2cc(C(=O)O*)ccc2c1,22.59328915,424
*CCCCCOC(=O)c1ccc2cc(C(=O)O*)ccc2c1,22.04085291,425
*CCCCOC(=O)c1ccc2cc(C(=O)O*)ccc2c1,21.37913238,426
*CCCOC(=O)c1ccc2cc(C(=O)O*)ccc2c1,23.4898386,427
*CCCCCC(=O)N*,21.10708512,428
*CCCCCCNC(=O)CCCCC(=O)N*,21.88591097,429
*CCCCCCNC(=O)CCCCCCCCC(=O)N*,21.70108472,430
*CCCCCCC(=O)N*,23.17830362,431
*CCCCCCCC(=O)N*,21.36039859,432
*CCCCCCCCNC(=O)CCCCCCCCC(=O)N*,21.1064287,433
*CCCCCCCCC(=O)N*,21.56839033,434
*CCCCCCCCCC(=O)N*,22.00464482,435
*CCCCCCCCCCC(=O)N*,22.4146759,436
*CCCCCCCCCCCC(=O)N*,21.831606559999997,437
*CCCCCCCCCCCCC(=O)N*,22.28216004,438
*CCCCCCNC(=O)Cc1ccc(C(=O)N*)cc1,21.82867105,439
*NC(=O)c1cccc(C(=O)Nc2ccc(-c3ccc(*)cc3)cc2)c1,29.85903122,440
*CCCCCCNC(=O)c1cccc(C(=O)N*)c1,19.45528525,441
*CCCNC(=O)Cc1ccc(C(=O)N*)cc1,21.86299327,442
*NC1CC(C)(C)CC(C)(CNC(=O)CCCCC(*)=O)C1,18.21768975,443
*Cc1cccc(CNC(=O)CCCCC(=O)N*)c1,18.56226113,444
*NC(=O)c1ccc(C(=O)Nc2ccc(*)cc2)cc1,50.26538419,445
*NC(=O)c1ccc(C(=O)Nc2ccc(-c3ccc(*)cc3)cc2)cc1,50.86226529,446
*CCCCCCNC(=O)c1ccc(C(=O)N*)cc1,21.67746504,447
*CCCCCCCCCNC(=O)c1ccc(C(=O)N*)cc1,22.4369738,448
*c1ccc(NC(=O)CCCCC(=O)Nc2ccc(S(*)(=O)=O)cc2)cc1,22.83169827,449
*CC(=O)N*,21.13240962,450
*NC(CCC(=O)OC)C(*)=O,15.91208579,451
*C(=O)CCCCCCCCC(=O)N1CCN(*)CC1,23.7286096,452
*CCCC(=O)N*,19.87055834,453
*CCCCNC(=O)CCCCCCCCC(=O)N*,21.00511312,454
*CCCCCCCCCCCNC(=O)CCCCC(=O)N*,21.46189616,455
*CCCCCCCCCCCCNC(=O)CCCCCCCCCCC(=O)N*,20.14247518,456
*CCCCCCNC(=O)c1ccc(-c2ccc(C(=O)N*)cc2)cc1,24.51715126,457
*CCCCCCNC(=O)c1ccc(C(C)(C)c2ccc(C(=O)N*)cc2)cc1,21.00366831,458
*CCCCCCCCCCC(=O)N(*)C,21.82605242,459
*CCCCCCNC(=O)CCCCC(=O)N(*)C,21.56087805,460
*CCCCCCN(C)C(=O)CCCCC(=O)N(*)C,20.85003051,461
*C(=O)C1CCCN1*,17.03850851,462
*NC(CCC(=O)OCc1ccccc1)C(*)=O,14.5172412,463
*NC(C)C(*)=O,18.53807412,464
*NC1CCC(CC2CCC(NC(=O)CCCCCCCCCCCCC(*)=O)CC2)CC1,22.54553609,465
*NC(CCC(=O)OCCCCC)C(*)=O,14.55396667,466
*NC(CCC(=O)OCCCCCC)C(*)=O,13.9125116,467
*NC(CCC(=O)OCC)C(*)=O,15.5386839,468
*NC(CCC(=O)OCCC)C(*)=O,14.79848013,469
*CCCCN(C)C(=O)c1ccc(C(=O)N(*)C)cc1,20.86031528,470
*CCCCCCNC(=O)c1ccc(C2(C)CC(C)(C)c3ccc(C(=O)N*)cc32)cc1,19.63449193,471
*CCCCOC(=O)NCCCCCCNC(=O)O*,21.9968242,472
*CCCCOC(=O)NCC(F)(F)C(F)(F)C(F)(F)C(F)(F)CNC(=O)O*,21.70723151,473
*CCCCCCOC(=O)Nc1ccc(Cc2ccc(NC(=O)O*)cc2)cc1,23.40067908,474
*Cc1cccc(COC(=O)Nc2ccc(Cc3ccc(NC(=O)O*)cc3)cc2)c1,22.53831216,475
*CCOC(=O)Nc1ccc(NC(=O)O*)cc1,24.93903119,476
*CCOC(=O)Nc1cccc(NC(=O)O*)c1,21.93305721,477
*CCCCCCOC(=O)Nc1ccc(NC(=O)O*)cc1,25.37831224,478
*CCOC(=O)Nc1ccc(-c2ccc(NC(=O)O*)cc2)cc1,26.67526289,479
*CCOC(=O)Nc1cccc2c(NC(=O)O*)cccc12,24.5963643,480
*CCCCCCNC(=O)NCc1ccc(CNC(=O)N*)cc1,22.41812285,481
*NC(=O)NCCCCCCNC(=O)Nc1ccc(Cc2ccc(*)cc2)cc1,24.44673731,482
*NC(=O)Nc1ccc(Cc2ccc(*)cc2)cc1,25.05890653,483
*NC(=O)NCCCCCCNC(=O)NCCCCC(*)C(=O)OC,19.44890196,484
*c1ccc(Oc2ccc(-n3c(=O)c4cc5c(=O)n(*)c(=O)c5cc4c3=O)cc2)cc1,35.76411754,485
*c1ccc(Oc2ccc(Oc3ccc(-n4c(=O)c5cc6c(=O)n(*)c(=O)c6cc5c4=O)cc3)cc2)cc1,29.59877163,486
*C(=O)Oc1ccc(OC(=O)c2ccc3c(c2)C(=O)N(c2ccc(Oc4ccc(N5C(=O)c6ccc(*)cc6C5=O)cc4)cc2)C3=O)cc1,31.91239727,487
*c1ccc(Sc2ccc(-n3c(=O)c4cc5c(=O)n(*)c(=O)c5cc4c3=O)cc2)cc1,27.00895972,488
*CCCCCCCCCn1c(=O)c2cc3c(=O)n(*)c(=O)c3cc2c1=O,22.61205794,489
*c1ccc2c(c1)Cc1cc(-n3c(=O)c4cc5c(=O)n(*)c(=O)c5cc4c3=O)ccc1-2,53.34843624,490
*c1ccc(Oc2ccc(N3C(=O)c4ccc(Oc5ccc6c(c5)C(=O)N(*)C6=O)cc4C3=O)cc2)cc1,27.37498168,491
*C(=O)Nc1ccc(NC(=O)c2ccc3c(c2)C(=O)N(c2ccc(S(=O)(=O)c4ccc(N5C(=O)c6ccc(*)cc6C5=O)cc4)cc2)C3=O)cc1,28.98708564,492
*c1ccc2c(c1)C(=O)N(c1ccc(Cc3ccc(N4C(=O)c5ccc(C(F)(F)C(F)(F)C(*)(F)F)cc5C4=O)cc3)cc1)C2=O,26.02529557,493
*c1ccc2c(c1)C(=O)N(c1ccc(Oc3ccc(N4C(=O)c5ccc(C(F)(F)C(F)(F)C(*)(F)F)cc5C4=O)cc3)cc1)C2=O,27.37259897,494
*C(=O)Nc1ccc(Oc2ccc(NC(=O)c3ccc4c(c3)C(=O)N(c3ccc(S(=O)(=O)c5ccc(N6C(=O)c7ccc(*)cc7C6=O)cc5)cc3)C4=O)cc2)cc1,28.69634527,495
*c1ccc(-c2ccc(-c3ccc(-n4c(=O)c5cc6c(=O)n(*)c(=O)c6cc5c4=O)cc3)cc2)cc1,79.61238701,496
*c1ccc(Cc2ccc(-n3c(=O)c4cc5c(=O)n(*)c(=O)c5cc4c3=O)c(C)c2)cc1C,29.12370783,497
*c1ccc(-n2c(=O)c3cc4c(=O)n(*)c(=O)c4cc3c2=O)cc1,73.07016392,498
*c1ccc(-c2ccc(-n3c(=O)c4cc5c(=O)n(*)c(=O)c5cc4c3=O)cc2)cc1,71.98797005,499
*c1ccc(-c2ccc(-n3c(=O)c4cc5c(=O)n(*)c(=O)c5cc4c3=O)c(C)c2)cc1C,66.87869599,500
*c1ccc(-c2ccc(-n3c(=O)c4cc5c(=O)n(*)c(=O)c5cc4c3=O)c(OC)c2)cc1OC,68.00275777,501
*c1cccc(-n2c(=O)c3cc4c(=O)n(*)c(=O)c4cc3c2=O)c1,28.15313015,502
*c1ccc(-n2c(=O)c3cc4c(=O)n(*)c(=O)c4cc3c2=O)c(C)c1,66.18540371,503
*c1cccc(-n2c(=O)c3cc4c(=O)n(*)c(=O)c4cc3c2=O)c1C,30.81213631,504
*c1c(C)c(C)c(-n2c(=O)c3cc4c(=O)n(*)c(=O)c4cc3c2=O)c(C)c1C,55.25825578,505
*c1ccc(Oc2cccc(Oc3ccc(-n4c(=O)c5cc6c(=O)n(*)c(=O)c6cc5c4=O)cc3)c2)cc1,26.56530614,506
*c1ccc(Oc2ccc(-c3ccc(Oc4ccc(-n5c(=O)c6cc7c(=O)n(*)c(=O)c7cc6c5=O)cc4)cc3)cc2)cc1,32.79068665,507
*c1cccc(Oc2ccc(S(=O)(=O)c3ccc(Oc4cccc(-n5c(=O)c6cc7c(=O)n(*)c(=O)c7cc6c5=O)c4)cc3)cc2)c1,21.95338985,508
*c1ccc(Oc2ccc(C(c3ccc(Oc4ccc(-n5c(=O)c6cc7c(=O)n(*)c(=O)c7cc6c5=O)cc4)cc3)(C(F)(F)F)C(F)(F)F)cc2)cc1,24.84520731,509
*c1ccc(Oc2ccc(C(C)(C)c3ccc(Oc4ccc(-n5c(=O)c6cc7c(=O)n(*)c(=O)c7cc6c5=O)cc4)cc3)cc2)cc1,23.96641117,510
*c1ccc(Oc2ccc(N3C(=O)c4ccc(-c5ccc6c(c5)C(=O)N(*)C6=O)cc4C3=O)cc2)cc1,33.7514022,511
*c1ccc(Oc2ccc(N3C(=O)c4ccc(-c5cccc6c5C(=O)N(*)C6=O)cc4C3=O)cc2)cc1,22.22798133,512
*c1ccc(Sc2ccc(N3C(=O)c4ccc(-c5ccc6c(c5)C(=O)N(*)C6=O)cc4C3=O)cc2)cc1,27.41736569,513
*c1ccc(Cc2ccc(N3C(=O)c4ccc(-c5ccc6c(c5)C(=O)N(*)C6=O)cc4C3=O)cc2)cc1,29.05489501,514
*c1ccc2c(c1)Cc1cc(N3C(=O)c4ccc(-c5ccc6c(c5)C(=O)N(*)C6=O)cc4C3=O)ccc1-2,40.24704175,515
*c1ccc(-c2ccc(N3C(=O)c4ccc(-c5ccc6c(c5)C(=O)N(*)C6=O)cc4C3=O)cc2)cc1,42.8261041,516
*c1ccc(N2C(=O)c3ccc(-c4ccc5c(c4)C(=O)N(*)C5=O)cc3C2=O)cc1,43.13790934,517
*c1cccc(N2C(=O)c3ccc(-c4ccc5c(c4)C(=O)N(*)C5=O)cc3C2=O)c1,28.58214393,518
*c1ccc(C)c(N2C(=O)c3ccc(-c4ccc5c(c4)C(=O)N(*)C5=O)cc3C2=O)c1,26.56315825,519
*c1ccc(N2C(=O)c3ccc(-c4ccc5c(c4)C(=O)N(*)C5=O)cc3C2=O)c(C)c1,41.97216586,520
*c1cccc(N2C(=O)c3ccc(-c4ccc5c(c4)C(=O)N(*)C5=O)cc3C2=O)c1C,26.65493996,521
*c1ccc(-c2ccc(N3C(=O)c4ccc(-c5ccc6c(c5)C(=O)N(*)C6=O)cc4C3=O)c(C)c2)cc1C,41.64668838,522
*c1ccc(-c2ccc(N3C(=O)c4ccc(-c5ccc6c(c5)C(=O)N(*)C6=O)cc4C3=O)c(OC)c2)cc1OC,43.60644231,523
*c1ccc(-c2ccc(-c3ccc(N4C(=O)c5ccc(-c6ccc7c(c6)C(=O)N(*)C7=O)cc5C4=O)cc3)cc2)cc1,44.32829907,524
*c1cccc2c(N3C(=O)c4ccc(-c5ccc6c(c5)C(=O)N(*)C6=O)cc4C3=O)cccc12,39.19532686,525
*c1ccc(Cc2ccc(N3C(=O)c4ccc(-c5ccc6c(c5)C(=O)N(*)C6=O)cc4C3=O)c(C)c2)cc1C,27.14086155,526
*c1ccc(N2C(=O)c3ccc(-c4ccc5c(c4)C(=O)N(*)C5=O)cc3C2=O)nc1,39.99082864,527
*c1ccc(Oc2ccc(-c3ccc(Oc4ccc(N5C(=O)c6ccc(-c7ccc8c(c7)C(=O)N(*)C8=O)cc6C5=O)cc4)cc3)cc2)cc1,31.51705093,528
*c1ccc(Oc2ccc(C(C)(C)c3ccc(Oc4ccc(N5C(=O)c6ccc(-c7ccc8c(c7)C(=O)N(*)C8=O)cc6C5=O)cc4)cc3)cc2)cc1,26.03365399,529
*c1ccc(Oc2ccc(C(c3ccc(Oc4ccc(N5C(=O)c6ccc(-c7ccc8c(c7)C(=O)N(*)C8=O)cc6C5=O)cc4)cc3)(C(F)(F)F)C(F)(F)F)cc2)cc1,26.44667687,530
*c1cccc(Oc2ccc(S(=O)(=O)c3ccc(Oc4cccc(N5C(=O)c6ccc(-c7ccc8c(c7)C(=O)N(*)C8=O)cc6C5=O)c4)cc3)cc2)c1,23.4685448,531
*CCCCCCN1C(=O)c2ccc(Oc3ccc4c(c3)C(=O)N(*)C4=O)cc2C1=O,23.46526501,532
*c1ccc(N2C(=O)c3ccc(Oc4ccc5c(c4)C(=O)N(*)C5=O)cc3C2=O)cc1,29.67917183,533
*c1ccc(-c2ccc(N3C(=O)c4ccc(Oc5ccc6c(c5)C(=O)N(*)C6=O)cc4C3=O)cc2)cc1,31.46898461,534
*c1cccc(Oc2ccc(N3C(=O)c4ccc(Oc5ccc6c(c5)C(=O)N(*)C6=O)cc4C3=O)cc2)c1,25.82303678,535
*c1ccc(Oc2cccc(Oc3ccc(N4C(=O)c5ccc(Oc6ccc7c(c6)C(=O)N(*)C7=O)cc5C4=O)cc3)c2)cc1,23.90410548,536
*c1ccc(Oc2ccc(Oc3ccc(N4C(=O)c5ccc(Oc6ccc7c(c6)C(=O)N(*)C7=O)cc5C4=O)cc3)cc2)cc1,26.5472567,537
*c1cccc(Oc2ccc(N3C(=O)c4ccc(C(c5ccc6c(c5)C(=O)N(*)C6=O)(C(F)(F)F)C(F)(F)F)cc4C3=O)cc2)c1,22.78574642,538
*c1ccc(Oc2ccc(N3C(=O)c4ccc(C(c5ccc6c(c5)C(=O)N(*)C6=O)(C(F)(F)F)C(F)(F)F)cc4C3=O)cc2)cc1,26.39045228,539
*c1ccc(Oc2ccc(Oc3ccc(N4C(=O)c5ccc(C(c6ccc7c(c6)C(=O)N(*)C7=O)(C(F)(F)F)C(F)(F)F)cc5C4=O)cc3)cc2)cc1,24.62846558,540
*c1ccc2c(c1)C(=O)N(c1ccc(Oc3cccc(Oc4ccc(N5C(=O)c6ccc(C(*)(C(F)(F)F)C(F)(F)F)cc6C5=O)cc4)c3)cc1)C2=O,23.58910882,541
*c1ccc2c(c1)C(=O)N(c1cccc(Oc3cccc(Oc4cccc(N5C(=O)c6ccc(C(*)(C(F)(F)F)C(F)(F)F)cc6C5=O)c4)c3)c1)C2=O,19.73092575,542
*C(=O)c1ccc2c(c1)C(=O)N(c1cccc(C(=O)c3cccc(N4C(=O)c5ccc(*)cc5C4=O)c3)c1)C2=O,22.07671919,543
*C(=O)c1ccc2c(c1)C(=O)N(c1cccc(C(=O)Nc3cccc(N4C(=O)c5ccc(*)cc5C4=O)c3)c1)C2=O,21.96893169,544
*C(=O)c1ccc2c(c1)C(=O)N(c1cccc(C(=O)Nc3ccc(N4C(=O)c5ccc(*)cc5C4=O)cc3)c1)C2=O,25.88451416,545
*C(=O)c1ccc2c(c1)C(=O)N(c1ccc(C(=O)Nc3cccc(N4C(=O)c5ccc(*)cc5C4=O)c3)cc1)C2=O,25.5349463,546
*C(=O)c1ccc2c(c1)C(=O)N(c1cccc(C(=O)N(C)c3ccc(N4C(=O)c5ccc(*)cc5C4=O)cc3)c1)C2=O,21.03114746,547
*C(=O)c1ccc2c(c1)C(=O)N(c1ccc(Oc3ccc(C(=O)c4cccc(C(=O)c5ccc(Oc6ccc(N7C(=O)c8ccc(*)cc8C7=O)cc6)cc5)c4)cc3)cc1)C2=O,23.71423927,548
*c1cccc(N2C(=O)c3ccc(C(=O)c4ccc5c(c4)C(=O)N(*)C5=O)cc3C2=O)c1,23.75906378,549
*C(=O)c1ccc2c(c1)C(=O)N(c1ccc(C)c(N3C(=O)c4ccc(*)cc4C3=O)c1)C2=O,22.26749475,550
*C(=O)c1ccc2c(c1)C(=O)N(c1ccc(N3C(=O)c4ccc(*)cc4C3=O)c(C)c1)C2=O,26.92091988,551
*C(=O)c1ccc2c(c1)C(=O)N(c1cccc(N3C(=O)c4ccc(*)cc4C3=O)c1C)C2=O,24.37148901,552
*C(=O)c1ccc2c(c1)C(=O)N(c1c(C)c(C)c(N3C(=O)c4ccc(*)cc4C3=O)c(C)c1C)C2=O,29.17237563,553
*C(=O)c1ccc2c(c1)C(=O)N(c1ccc(-c3ccc(N4C(=O)c5ccc(*)cc5C4=O)c(C)c3)cc1C)C2=O,30.85058936,554
*C(=O)c1ccc2c(c1)C(=O)N(c1ccc(-c3ccc(N4C(=O)c5ccc(*)cc5C4=O)c(OC)c3)cc1OC)C2=O,28.72840688,555
*C(=O)c1ccc2c(c1)C(=O)N(c1ccc(-c3ccc(-c4ccc(N5C(=O)c6ccc(*)cc6C5=O)cc4)cc3)cc1)C2=O,32.5454931,556
*C(=O)c1ccc2c(c1)C(=O)N(c1ccc3c(c1)Cc1cc(N4C(=O)c5ccc(*)cc5C4=O)ccc1-3)C2=O,29.02493893,557
*c1ccc(Oc2ccc(N3C(=O)c4ccc(C(=O)c5ccc6c(c5)C(=O)N(*)C6=O)cc4C3=O)cc2)cc1,28.04454624,558
*C(=O)c1ccc2c(c1)C(=O)N(c1ccc(Sc3ccc(N4C(=O)c5ccc(*)cc5C4=O)cc3)cc1)C2=O,24.67773909,559
*C(=O)c1ccc2c(c1)C(=O)N(c1ccc(Cc3ccc(N4C(=O)c5ccc(*)cc5C4=O)cc3)cc1)C2=O,25.41076537,560
*C(=O)c1ccc2c(c1)C(=O)N(c1ccc(Cc3ccc(N4C(=O)c5ccc(*)cc5C4=O)c(C)c3)cc1C)C2=O,25.03388392,561
*C(=O)c1ccc2c(c1)C(=O)N(c1ccc(N3C(=O)c4ccc(*)cc4C3=O)nc1)C2=O,28.68947772,562
*C(=O)c1ccc2c(c1)C(=O)N(c1ccc(-c3ccc(N4C(=O)c5ccc(*)cc5C4=O)cc3)cc1)C2=O,31.25412886,563
*c1ccc(N2C(=O)c3ccc(C(=O)c4ccc5c(c4)C(=O)N(*)C5=O)cc3C2=O)cc1,28.38511667,564
*C(=O)c1ccc2c(c1)C(=O)N(c1cccc(OCCOCCOc3cccc(N4C(=O)c5ccc(*)cc5C4=O)c3)c1)C2=O,22.2848572,565
*C(=O)c1ccc2c(c1)C(=O)N(c1ccc(Oc3ccc(-c4ccc(Oc5ccc(N6C(=O)c7ccc(*)cc7C6=O)cc5)cc4)cc3)cc1)C2=O,26.38462228,566
*c1ccc(Oc2ccc(C(C)(C)c3ccc(Oc4ccc(N5C(=O)c6ccc(C(=O)c7ccc8c(c7)C(=O)N(*)C8=O)cc6C5=O)cc4)cc3)cc2)cc1,24.00835115,567
*C(=O)c1ccc2c(c1)C(=O)N(c1ccc(Oc3ccc(C(c4ccc(Oc5ccc(N6C(=O)c7ccc(*)cc7C6=O)cc5)cc4)(C(F)(F)F)C(F)(F)F)cc3)cc1)C2=O,23.49197492,568
*c1cccc(S(=O)(=O)c2cccc(N3C(=O)c4ccc(Oc5ccc(S(=O)(=O)c6ccc(Oc7ccc8c(c7)C(=O)N(*)C8=O)cc6)cc5)cc4C3=O)c2)c1,21.97903365,569
*c1cccc(N2C(=O)c3ccc(Oc4ccc(C(C)(C)c5ccc(Oc6ccc7c(c6)C(=O)N(*)C7=O)cc5)cc4)cc3C2=O)c1,22.64217692,570
*c1cccc(N2C(=O)c3ccc(Oc4ccc(S(=O)(=O)c5ccc(Oc6ccc7c(c6)C(=O)N(*)C7=O)cc5)cc4)cc3C2=O)c1,23.65282255,571
*c1ccc(Oc2ccc(N3C(=O)c4ccc(Oc5ccc(S(=O)(=O)c6ccc(Oc7ccc8c(c7)C(=O)N(*)C8=O)cc6)cc5)cc4C3=O)cc2)cc1,26.33644956,572
*c1ccc2c(c1)C(=O)N(c1ccc(Cc3ccc(N4C(=O)c5ccc(C(*)(C(F)(F)F)C(F)(F)F)cc5C4=O)cc3)cc1)C2=O,23.47489286,573
*c1ccc2c(c1)C(=O)N(c1ccc(C(C)(C)c3ccc(N4C(=O)c5ccc(C(*)(C(F)(F)F)C(F)(F)F)cc5C4=O)cc3)cc1)C2=O,23.30793156,574
*C(=O)NCCNC(=O)c1ccc(N2C(=O)c3ccc(*)cc3C2=O)cc1,24.32433339,575
*C(=O)NCCCCCCNC(=O)c1ccc(N2C(=O)c3ccc(*)cc3C2=O)cc1,23.37897452,576
*C(=O)Nc1ccc(Cc2ccc(NC(=O)c3ccc(N4C(=O)c5ccc(*)cc5C4=O)cc3)cc2)cc1,30.8524502,577
*C(=O)NC1CCC(CC2CCC(NC(=O)c3ccc(N4C(=O)c5ccc(*)cc5C4=O)cc3)CC2)CC1,28.28450564,578
*c1cccc(N2C(=O)c3ccc(Oc4ccc5c(c4)C(=O)N(*)C5=O)cc3C2=O)c1,25.48843896,579
*c1ccc(Cc2ccc(N3C(=O)c4ccc(Oc5ccc6c(c5)C(=O)N(*)C6=O)cc4C3=O)cc2)cc1,26.13481842,580
*c1ccc(Oc2ccc(N3C(=O)c4ccc(Oc5ccc(C(c6ccc(Oc7ccc8c(c7)C(=O)N(*)C8=O)cc6)(C(F)(F)F)C(F)(F)F)cc5)cc4C3=O)cc2)cc1,25.48483407,581
*c1cccc(Oc2ccc(N3C(=O)c4ccc(-c5ccc6c(c5)C(=O)N(*)C6=O)cc4C3=O)cc2)c1,27.1175223,582
*C(=O)Nc1ccccc1NC(=O)c1ccc(N2C(=O)c3ccc(*)cc3C2=O)cc1,18.0416104,583
*C(=O)Nc1cccc(NC(=O)/C=C/c2cccc(N3C(=O)c4ccc(*)cc4C3=O)c2)c1,25.31679754,584
*C(=O)Nc1cccc(/C=C/C(=O)/C=C/c2cccc(NC(=O)c3ccc(N4C(=O)c5ccc(*)cc5C4=O)cc3)c2)c1,25.51876593,585
*c1ccc2c(c1)C(=O)N(c1ccc(Oc3ccc(N4C(=O)c5ccc(C(C)(C)CCCCC(*)(C)C)cc5C4=O)cc3)cc1)C2=O,23.2758207,586
*c1ccc(Oc2cccc3c(Oc4ccc(-n5c(=O)c6cc7c(=O)n(*)c(=O)c7cc6c5=O)cc4)cccc23)cc1,31.97771306,587
*c1ccc(Oc2cccc3c(Oc4ccc(N5C(=O)c6ccc(Oc7ccc8c(c7)C(=O)N(*)C8=O)cc6C5=O)cc4)cccc23)cc1,28.61584249,588
*C(=O)c1ccc2c(c1)C(=O)N(c1ccc(Oc3cccc4c(Oc5ccc(N6C(=O)c7ccc(*)cc7C6=O)cc5)cccc34)cc1)C2=O,27.00610669,589
*c1ccc2c(c1)C(=O)N(c1ccc(Oc3ccc(C(c4ccc(Oc5ccc(N6C(=O)c7ccc(C(*)(C(F)(F)F)C(F)(F)F)cc7C6=O)cc5)cc4)(C(F)(F)F)C(F)(F)F)cc3)cc1)C2=O,23.79313831,590
*c1ccc(N2C(=O)c3ccc(C(c4ccc5c(c4)C(=O)N(*)C5=O)(C(F)(F)F)C(F)(F)F)cc3C2=O)cc1,24.06225521,591
*c1ccc2c(c1)C(=O)N(c1ccc(C(c3ccc(N4C(=O)c5ccc(C(*)(C(F)(F)F)C(F)(F)F)cc5C4=O)cc3)(C(F)(F)F)C(F)(F)F)cc1)C2=O,20.98100887,592
*c1ccc2c(c1)C(=O)N(c1c(C)cc(C)c(N3C(=O)c4ccc(C(*)(C(F)(F)F)C(F)(F)F)cc4C3=O)c1C)C2=O,21.3426379,593
*c1ccc2c(c1)C(=O)N(c1c(C)c(C)c(N3C(=O)c4ccc(C(*)(C(F)(F)F)C(F)(F)F)cc4C3=O)c(C)c1C)C2=O,23.81474014,594
*c1ccc(Oc2cc3ccccc3cc2Oc2ccc(N3C(=O)c4ccc(-c5ccc6c(c5)C(=O)N(*)C6=O)cc4C3=O)cc2)cc1,24.88651568,595
*c1ccc(Oc2cc3ccccc3cc2Oc2ccc(N3C(=O)c4ccc(Oc5ccc6c(c5)C(=O)N(*)C6=O)cc4C3=O)cc2)cc1,23.46686695,596
*C(=O)c1ccc2c(c1)C(=O)N(c1ccc(Oc3cc4ccccc4cc3Oc3ccc(N4C(=O)c5ccc(*)cc5C4=O)cc3)cc1)C2=O,22.39195154,597
*c1ccc(Oc2cc3ccccc3cc2Oc2ccc(N3C(=O)c4ccc(S(=O)(=O)c5ccc6c(c5)C(=O)N(*)C6=O)cc4C3=O)cc2)cc1,22.01939676,598
*c1ccc(C(c2ccccc2)(c2ccc(-n3c(=O)c4cc5c(=O)n(*)c(=O)c5cc4c3=O)cc2)C(F)(F)F)cc1,26.02618288,599
*c1ccc(N2C(=O)c3ccc(-c4cccc5c4C(=O)N(*)C5=O)cc3C2=O)cc1,22.611781280000002,600
*CC1(C)CC(*)(C)C(=O)OC1=O,16.19322944,601
*CCCCCCOC(=O)O*,22.43811701,602
*CC(F)(F)C(F)(F)C(F)(F)C(F)(F)COC(=O)O*,22.82007642,603
*Oc1ccc(C(C)(C)c2ccc(OC(*)=O)cc2)cc1,22.29640664,604
*Oc1ccc(C(C)(CCC)c2ccc(OC(*)=O)cc2)cc1,21.46284987,605
*Oc1ccc(C(C)(C)c2ccc(OC(*)=O)c(C)c2)cc1C,19.9506095,606
*Oc1c(Cl)cc(C(C)(C)c2cc(Cl)c(OC(*)=O)c(Cl)c2)cc1Cl,21.37007538,607
*Oc1c(Br)cc(C(C)(C)c2cc(Br)c(OC(*)=O)c(Br)c2)cc1Br,21.26438014,608
*Oc1ccc(C(C)(c2ccccc2)c2ccc(OC(*)=O)cc2)cc1,21.57193906,609
*Oc1ccc(C(CCC)(CCC)c2ccc(OC(*)=O)cc2)cc1,19.52777255,610
*Oc1ccc(C2(c3ccc(OC(*)=O)cc3)CCCC2)cc1,20.3659333,611
*Oc1ccc(C2(c3ccc(OC(*)=O)cc3)CCCCC2)cc1,20.23173532,612
*Oc1ccc(C2(c3ccc(OC(*)=O)c(C)c3)CCCCC2)cc1C,20.33471792,613
*Oc1ccc(C2(c3ccc(OC(*)=O)cc3)c3ccccc3-c3ccccc32)cc1,20.32284039,614
*Oc1ccc(C(c2ccccc2)(c2ccccc2)c2ccc(OC(*)=O)cc2)cc1,19.72117199,615
*Oc1ccc(C(c2ccc(OC(*)=O)cc2)(C(F)(F)F)C(F)(F)F)cc1,21.83532867,616
*Oc1ccc(C(C#N)(c2ccccc2)c2ccc(OC(*)=O)cc2)cc1,20.87255044,617
*Oc1c(C)cc(C(C)(C)c2cc(C)c(OC(*)=O)c(C)c2)cc1C,20.94045324,618
*Oc1ccc(C(C)(C)c2ccc(C(C)(C)c3ccc(OC(*)=O)c(C)c3)cc2)cc1C,20.50529491,619
*Oc1cccc(CCCCCCCCCCc2cccc(OC(*)=O)c2)c1,20.60450522,620
*Oc1ccc(C(C)(C)c2ccc(OC(*)=O)c(C(C)C)c2)cc1C(C)C,20.26931974,621
*Oc1ccc(C(=O)CCCCCCCCC(=O)c2ccc(OC(*)=O)cc2)cc1,24.27801768,622
*Oc1ccc(S(=O)(=O)c2ccc(OC(*)=O)cc2)cc1,22.89231815,623
*Cc1ccc(COC(=O)O*)cc1,22.22606664,624
*Oc1ccc(C(=C(Cl)Cl)c2ccc(OC(*)=O)cc2)cc1,23.77172397,625
*Oc1ccc(OC(=O)Oc2ccc(-c3ccc(OC(*)=O)cc3)cc2)cc1,29.13495676,626
*Oc1ccc2ccc(OC(=O)Oc3ccc(OC(*)=O)cc3)cc2c1,23.44354524,627
*Oc1cccc2c(OC(=O)Oc3ccc(OC(*)=O)cc3)cccc12,25.94059837,628
*c1ccc(-c2nc3cc(-c4ccc5nc(-c6ccccc6)c(*)nc5c4)ccc3nc2-c2ccccc2)cc1,22.65081935,629
*c1ccc(-c2nc3cc(-c4ccc5nc(*)c(-c6ccccc6)nc5c4)ccc3nc2-c2ccccc2)cc1,27.81572221,630
*c1cccc(-c2nc3cc(-c4ccc5nc(*)c(-c6ccccc6)nc5c4)ccc3nc2-c2ccccc2)c1,21.51675846,631
*c1ccc(-c2nc3cc(-c4ccc5nc(*)c(-c6ccc7ccccc7c6)nc5c4)ccc3nc2-c2ccc3ccccc3c2)cc1,25.25761256,632
*c1cccc(-c2nc3cc(-c4ccc5nc(*)c(-c6ccc7ccccc7c6)nc5c4)ccc3nc2-c2ccc3ccccc3c2)c1,20.67801364,633
*N=P(*)(OCC(F)(F)F)OCC(F)(F)F,18.02916632,634
*OS(=O)(=O)c1ccc(*)cc1,23.19498743,635
*c1ccc(*)cc1,84.85848459,636
*CCc1ccc(*)c(C)c1,22.25442755,637
*CCc1cc(C)c(*)cc1C,22.46902993,638
*CCc1ccc(*)c(Cl)c1,23.11292169,639
*c1ccc(C(Cl)(Cl)C(*)Cl)cc1,23.4116757,640
*C1C2CC(C)C(C2)C1*,14.97922281,641
*CC(*)(C)c1ccc2ccccc2c1,14.67254835,642
*CCC(c1ccccc1)C(*)c1ccccc1,17.53589606,643
*/C(Cl)=C(/*)c1ccccc1,29.80213503,644
*/C=C(/*)c1ccc(C#C)cc1,28.65403268,645
*/C=C(/*)c1cccc(C#C)c1,27.70134865,646
*/C=C/C(C(=O)OCc1ccc(Cl)cc1)C(*)C(=O)OCc1ccc(Cl)cc1,15.8026764,647
*/C=C(/*)c1ccc(-c2ccc(C#C)cc2)cc1,21.12489851,648
*CC(*)C(=O)OCC(C)O,15.91247541,649
*CC(*)(CC(=O)OCCCCCCCC)C(=O)OCCCCCCCC,11.99034433,650
*CC(*)(CC(=O)OCCCCCCCCC)C(=O)OCCCCCCCCC,11.78546257,651
*CC(*)C(=O)n1c2ccccc2c2ccccc21,14.82692672,652
*CC(*)C(=O)OC(OCC)C(F)(F)F,16.15183675,653
*CC(*)(C)C(=O)OC(OCC)C(F)(F)F,15.94193843,654
*CC(*)(CC(=O)Oc1ccc(OCCCCCCC)cc1)C(=O)Oc1ccc(OCCCCCCC)cc1,12.12779736,655
*CC(*)(C)C(=O)Oc1c(C)cccc1C,14.96938175,656
*CC(*)(C)C(=O)OCCCCCCN(C)c1ccc(/N=N/c2ccc(S(C)(=O)=O)cc2)cc1,14.36196379,657
*C([2H])([2H])C(*)(C(=O)OC([2H])([2H])[2H])C([2H])([2H])[2H],17.85162789,658
*C(*)C(=O)OC(C)C,16.31426813,659
*CC(*)(C)C(=O)Oc1c(C(C)C)cccc1C(C)C,13.56598885,660
*CC(*)(C)C(=O)OCC(=O)c1ccccc1,15.70489431,661
*CC(*)(C)C(=O)OCc1ccc(Cl)c(Cl)c1,16.5647974,662
*CC(*)(C)C(=O)OCc1cccc(Cl)c1,15.62408521,663
*CC(*)(C)C(=O)OCc1ccc(Cl)cc1,16.19178259,664
*CC(*)(C)C(=O)OCc1cccc(Cl)c1Cl,16.14202319,665
*CC(*)(C)C(=O)OCc1ccc(Cl)cc1Cl,16.58005541,666
*CC(*)(C)C(=O)OCc1cc(Cl)ccc1Cl,16.48420407,667
*CC(*)(C)C(=O)OCc1c(Cl)cccc1Cl,15.96291331,668
*CC(*)(C)C(=O)OCc1cc(Cl)cc(Cl)c1,15.93743599,669
*/C=C(/*)C(C)(C)C,25.62136341,670
*C1C(*)C2CC1C1C=CCC12,14.53842481,671
*/C(C)=C(/*)C(C)C,33.80326529,672
*OC1C(CO)OC(*)C(O)C1O,35.34536315,673
*Oc1cc(C)c(*)c(C)c1Br,20.79527124,674
*CCC(C)CO*,19.60701227,675
*Oc1ccc2[nH]c(-c3ccc4c(c3)-c3cc(-c5nc6cc(*)ccc6[nH]5)ccc3S4(=O)=O)nc2c1,19.97631919,676
*C1Oc2ccccc2C1*,17.46088525,677
*Oc1ccc2[nH]c(-c3ccc4sc5ccc(-c6nc7cc(*)ccc7[nH]6)cc5c4c3)nc2c1,22.21061362,678
*OC(F)(F)C(F)(F)C(*)(F)F,21.34122545,679
*c1ccc(Oc2ccc(C(=O)c3ccc(Oc4ccc(C5(*)OC(=O)c6ccccc65)cc4)cc3)cc2)cc1,20.42568028,680
*Oc1cccc(Oc2cccc(*)c2)c1C#N,18.74259643,681
*C(=O)Oc1ccc(C(C)(C)c2ccc(OC(=O)c3ccc4c(c3)C(=O)n3c-4nc4ccc(Oc5ccc6c(c5)nc5n6C(=O)c6ccc(*)cc6-5)cc43)cc2)cc1,24.43108934,682
*Oc1ccc(NC(=O)c2ccc(C(c3ccc(C(=O)O)c(C(=O)Nc4cc(*)ccc4N)c3)(C(F)(F)F)C(F)(F)F)cc2C(=O)O)c(N)c1,20.56712429,683
*c1ccc2c(c1)-c1nc3cc(Oc4ccc5c(c4)nc4n5C(=O)c5cc(C(*)(C(F)(F)F)C(F)(F)F)ccc5-4)ccc3n1C2=O,23.50663006,684
*Oc1ccc(S(=O)(=O)c2ccc(Oc3ccc(C(C)(C)c4ccc(*)cc4)cc3[N+](=O)[O-])cc2)cc1,21.49192852,685
*Oc1ccc(S(=O)(=O)c2ccc(Oc3ccc(C(C)(C)c4ccc(*)cc4)cc3)c([N+](=O)[O-])c2)cc1[N+](=O)[O-],20.9479955,686
*CC(=C)COCC(=C)COC(=O)O*,19.96389759,687
*OC1C(COC(C)=O)OC(*)C(OC(C)=O)C1OC(C)=O,15.15703462,688
*Oc1ccc(SC(=O)Sc2ccc(*)cc2)cc1,24.33313545,689
*Oc1ccc(SC(=O)Oc2ccc(C(C)(C)c3ccc(OC(=O)Sc4ccc(*)cc4)cc3)cc2)cc1,22.50500153,690
*Oc1ccc(NC(=O)c2cc(C(c3ccc(C(=O)O)c(C(=O)Nc4ccc(Oc5ccc(C(c6ccc(*)cc6)(C(F)(F)F)C(F)(F)F)cc5)cc4)c3)(C(F)(F)F)C(F)(F)F)ccc2C(=O)O)cc1,21.43355827,691
*OC1C(CO)OC(*)C(N)C1O,28.36404526,692
*Oc1ccc(S(=O)(=O)c2ccc(Oc3ccc(C(=O)c4cc(Br)cc(C(=O)c5ccc(*)cc5)c4)cc3)cc2)cc1,17.40432344,693
*Oc1ccc(S(=O)(=O)c2ccc(Oc3ccc(C(=O)c4cc(I)cc(C(=O)c5ccc(*)cc5)c4)cc3)cc2)cc1,22.6834949,694
*Oc1ccc(S(=O)(=O)c2ccc(Oc3ccc(C(=O)c4cc(C(=O)c5ccc(*)cc5)cc(C(C)(C)C)c4)cc3)cc2)cc1,20.59565861,695
*Oc1ccc(C(c2ccc(Oc3ccc(C(=O)c4cccc(C(=O)c5ccc(*)cc5)c4)cc3)cc2)(C(F)(F)F)C(F)(F)F)cc1,21.87025736,696
*Oc1ccc(C(=O)Nc2cccc(C(O)Cc3ccc(NC(=O)c4ccc(*)cc4)cc3)c2)cc1,25.62467534,697
*Oc1cc(C(C)(C)C)c(Oc2ccc(C(=O)Nc3ccc(C(C)(C)c4ccc(NC(=O)c5ccc(*)cc5)cc4)cc3)cc2)cc1C(C)(C)C,26.23951229,698
*Oc1cc(C(C)(C)C)c(Oc2ccc(C(=O)Nc3ccc(C(C)(C)c4ccc(NC(=O)c5ccc(*)cc5)c(C)c4)cc3C)cc2)cc1C(C)(C)C,24.39932119,699
*Oc1cc(C(C)(C)C)c(Oc2ccc(C(=O)Nc3c(C)cc(C(C)(C)c4cc(C)c(NC(=O)c5ccc(*)cc5)c(C)c4)cc3C)cc2)cc1C(C)(C)C,24.02170646,700
*Oc1cc(C(C)(C)C)c(Oc2ccc(C(=O)Nc3c(C)cc(Cc4cc(C)c(NC(=O)c5ccc(*)cc5)c(C(C)C)c4)cc3C(C)C)cc2)cc1C(C)(C)C,23.42338977,701
*Oc1cc(C(C)(C)C)c(Oc2ccc(C(=O)Nc3ccc(C(c4ccc(NC(=O)c5ccc(*)cc5)cc4)(C(F)(F)F)C(F)(F)F)cc3)cc2)cc1C(C)(C)C,25.45512699,702
*Oc1ccc(Oc2ccc(C(=O)c3ccc(C(=O)c4ccc(*)cc4)c4ccccc34)cc2)cc1,22.43965248,703
*Oc1ccc(S(=O)(=O)c2ccc(Oc3ccc(C(C)(C)c4ccc(*)c(C(O)(C(F)(F)F)C(F)(F)F)c4)cc3C(O)(C(F)(F)F)C(F)(F)F)cc2)cc1,18.73761021,704
*Oc1ccc(S(=O)(=O)c2ccc(Oc3ccc(C(C)(C)c4ccc(*)c(C(OC)(C(F)(F)F)C(F)(F)F)c4)cc3C(OC)(C(F)(F)F)C(F)(F)F)cc2)cc1,18.77836882,705
*Oc1ccc(S(=O)(=O)c2ccc(Oc3c(C)cc(C(C)(C)c4cc(C)c(*)c(C)c4)cc3C)cc2C(O)(C(F)(F)F)C(F)(F)F)c(C(O)(C(F)(F)F)C(F)(F)F)c1,19.45698714,706
*Oc1ccc2c(c1)nc1n2C(=O)c2ccc(-c3ccc4c(c3)C(=O)n3c-4nc4ccc(*)cc43)cc2-1,24.56956014,707
*Oc1ccc2c(c1)nc1c3cc4c(=O)n5c6cc(*)ccc6nc5c4cc3c(=O)n21,28.88686547,708
*c1ccc2c(c1)-c1nc3cc(Oc4ccc5nc6n(c5c4)C(=O)c4cc(C(*)(C(F)(F)F)C(F)(F)F)ccc4-6)ccc3n1C2=O,21.31013215,709
*c1ccc(*)s1,48.18828854,710
*c1ccc2c(c1)-c1cc(-c3nc4cc(-c5ccc6[nH]c(*)nc6c5)ccc4[nH]3)ccc1S2(=O)=O,22.43049231,711
*Cc1ccc2[nH]c(-c3ccc4c(c3)-c3cc(-c5nc6cc(*)ccc6[nH]5)ccc3S4(=O)=O)nc2c1,21.28481954,712
*c1ccc2sc3ccc(-c4nc5cc(-c6ccc7[nH]c(*)nc7c6)ccc5[nH]4)cc3c2c1,21.89214272,713
*Cc1ccc2[nH]c(-c3ccc4sc5ccc(-c6nc7cc(*)ccc7[nH]6)cc5c4c3)nc2c1,21.35650427,714
*c1cc(CCCC)c(*)s1,27.88823824,715
*Oc1ccc(C(C)(c2ccccc2)c2ccc(OC(=O)c3cccc(C(*)=O)c3)cc2)cc1,21.49596891,716
*Oc1ccc(C(c2ccccc2)(c2ccccc2)c2ccc(OC(=O)c3cccc(C(*)=O)c3)cc2)cc1,20.23418917,717
*Oc1ccc(C(C)(C)c2ccc(OC(=O)c3ccc(C(=O)c4ccc(C(*)=O)cc4)cc3)cc2)cc1,23.74552096,718
*CCCCCCCCOC(=O)c1cccc(C(=O)O*)c1,20.71510537,719
*c1cc(Br)c(OC(=O)c2ccc(C(=O)Oc3c(Br)cc(C4(*)OC(=O)c5ccccc54)cc3Br)cc2)c(Br)c1,26.08639805,720
*CCCCCCS(=O)(=O)c1ccc(/N=N/c2ccc(N(C)CCCCCC(=O)O*)cc2)cc1,21.73095381,721
*CCCS(=O)(=O)c1ccc(/N=N/c2ccc(N(CCCC)CC(=O)O*)cc2)cc1,19.63779085,722
*Oc1ccc(OC(=O)c2cc(OCCCCCCCCCCCC)c(C(*)=O)cc2OCCCCCCCCCCCC)cc1,20.79539922,723
*Oc1ccc2c(c1)C1(CC2(C)C)CC(C)(C)c2ccc(OC(=O)c3ccc(C(*)=O)cc3)cc21,17.254974269999998,724
*CCOC(=O)NCC1(C)CC(NC(=O)O*)CC(C)(C)C1,19.43742856,725
*Oc1ccc(C(C)(C)c2ccc(OC(=O)c3ccccc3/C=C/c3ccc(/C=C/c4ccccc4C(*)=O)cc3)cc2)cc1,16.01699265,726
*Oc1ccc(C(C)(C)c2ccc(OC(=O)c3ccccc3/C=C/c3ccc(/C=C/c4ccccc4C(*)=O)cc3)c(C)c2)cc1C,16.48092763,727
*Oc1ccc(S(=O)(=O)c2ccc(OC(=O)c3ccccc3/C=C/c3ccc(/C=C/c4ccccc4C(*)=O)cc3)cc2)cc1,17.02663549,728
*c1ccc(OC(=O)c2ccccc2/C=C/c2ccc(/C=C/c3ccccc3C(=O)Oc3ccc(C4(*)OC(=O)c5ccccc54)cc3)cc2)cc1,16.58105847,729
*Oc1cccc2c(OC(=O)c3ccccc3/C=C/c3ccc(/C=C/c4ccccc4C(*)=O)cc3)cccc12,18.75051939,730
*Oc1cccc2ccc(OC(=O)c3ccccc3/C=C/c3ccc(/C=C/c4ccccc4C(*)=O)cc3)cc12,18.33427848,731
*Oc1ccc2ccc(OC(=O)c3ccccc3/C=C/c3ccc(/C=C/c4ccccc4C(*)=O)cc3)cc2c1,18.32726266,732
*Oc1cccc(OC(=O)c2ccccc2/C=C/c2ccc(/C=C/c3ccccc3C(*)=O)cc2)c1,15.61081314,733
*Oc1ccccc1OC(=O)c1ccccc1/C=C/c1ccc(/C=C/c2ccccc2C(*)=O)cc1,16.87169596,734
*Oc1ccc(OC(=O)c2ccccc2/C=C/c2ccc(/C=C/c3ccccc3C(*)=O)cc2)cc1,19.24547603,735
*CCCCCCCCCCCCNC(=O)CCCCCCCCCCCCCCCCCCC(=O)N*,23.84510584,736
*Nc1ccc(NC(=O)c2cc(C(*)=O)c(C(=O)OCC)cc2C(=O)OCC)cc1,21.4786758,737
*Nc1cccc(C(O)Cc2ccc(NC(=O)c3ccc(C(*)=O)cc3)cc2)c1,24.42922184,738
*c1ccc2c(c1)-c1nc3cc(-c4ccc5nc6n(c5c4)C(=O)c4cc(C(*)(C(F)(F)F)C(F)(F)F)ccc4-6)ccc3n1C2=O,24.41433635,739
*CC(C)CNC(=O)O*,20.04344574,740
*c1ccc(Oc2cccc(Oc3ccc(N4C(=O)c5ccc(-c6ccc7c(c6)C(=O)N(*)C7=O)cc5C4=O)cc3)c2)cc1,25.37203303,741
*c1cccc(N2C(=O)c3ccc(C(c4ccc5c(c4)C(=O)N(*)C5=O)(C(F)(F)F)C(F)(F)F)cc3C2=O)c1,22.40330556,742
*c1ccc2c(c1)C(=O)N(c1cccc(S(=O)(=O)c3cccc(N4C(=O)c5ccc(C(*)(C(F)(F)F)C(F)(F)F)cc5C4=O)c3)c1)C2=O,20.89638432,743
*C(=O)Nc1ccc(Oc2ccc(N3C(=O)c4ccc(*)cc4C3=O)cc2)cc1,32.30168599,744
*c1ccc(S(=O)(=O)c2ccc(-n3c(=O)c4cc5c(=O)n(*)c(=O)c5cc4c3=O)cc2)cc1,26.88592542,745
*c1cccc(Oc2ccc(-n3c(=O)c4cc5c(=O)n(*)c(=O)c5cc4c3=O)cc2)c1,27.7572289,746
*c1ccc(-c2ccc(N3C(=O)c4ccc(-c5ccc6c(c5)C(=O)N(*)C6=O)cc4C3=O)cc2C(F)(F)F)c(C(F)(F)F)c1,42.79849318,747
*C(=O)Oc1ccc(C(C)(C)c2ccc(OC(=O)c3ccc4c(c3)C(=O)N(c3ccc(-c5ccc(N6C(=O)c7ccc(*)cc7C6=O)c(C)c5)cc3C)C4=O)cc2)cc1,27.92556144,748
*C(=O)Oc1ccc(C(C)(C)c2ccc(OC(=O)c3ccc4c(c3)C(=O)N(c3ccc(Oc5ccc(N6C(=O)c7ccc(*)cc7C6=O)cc5)cc3)C4=O)cc2)cc1,26.8627259,749
*C(=O)Oc1ccc(C(C)(C)c2ccc(OC(=O)c3ccc4c(c3)C(=O)N(c3ccc(-c5ccc(N6C(=O)c7ccc(*)cc7C6=O)cc5)cc3)C4=O)cc2)cc1,29.56407716,750
*c1ccc2c(c1)C(=O)N(c1ccc3c(c1)-c1cc(N4C(=O)c5ccc(C(*)(C(F)(F)F)C(F)(F)F)cc5C4=O)ccc1C3)C2=O,20.41355015,751
*C(=O)Nc1ccc(NC(=O)c2ccc(N3C(=O)c4ccc(*)cc4C3=O)cc2)cc1,45.45353617,752
*c1ccc(Oc2ccc(C(c3ccc(Oc4ccc(N5C(=O)c6ccc(Oc7ccc8c(c7)C(=O)N(*)C8=O)cc6C5=O)cc4)cc3)(C(F)(F)F)C(F)(F)F)cc2)cc1,24.10217745,753
*c1cccc(Oc2cccc(Oc3cccc(-n4c(=O)c5cc6c(=O)n(*)c(=O)c6cc5c4=O)c3)c2)c1,23.18124192,754
*c1ccc(Oc2ccc(S(=O)(=O)c3ccc(Oc4ccc(N5C(=O)c6ccc(C(=O)c7ccc8c(c7)C(=O)N(*)C8=O)cc6C5=O)cc4)cc3)cc2)cc1,24.59977939,755
*c1ccc(Oc2ccc(S(=O)(=O)c3ccc(Oc4ccc(N5C(=O)c6ccc(Oc7ccc8c(c7)C(=O)N(*)C8=O)cc6C5=O)cc4)cc3)cc2)cc1,25.85433842,756
*c1ccc(Oc2cccc(Oc3ccc(N4C(=O)c5ccc(C(=O)c6ccc7c(c6)C(=O)N(*)C7=O)cc5C4=O)cc3)c2)cc1,23.94177969,757
*c1ccc(Oc2ccc(S(=O)(=O)c3ccc(Oc4ccc(-n5c(=O)c6cc7c(=O)n(*)c(=O)c7cc6c5=O)cc4)cc3)cc2)cc1,25.65776113,758
*c1ccc(-c2ccc(-n3c(=O)c4cc5c(=O)n(*)c(=O)c5cc4c3=O)cc2C(F)(F)F)c(C(F)(F)F)c1,61.40371465,759
*c1ccc(S(=O)(=O)c2ccc(N3C(=O)c4ccc(-c5ccc6c(c5)C(=O)N(*)C6=O)cc4C3=O)cc2)cc1,27.18683095,760
*C(=O)c1ccc2c(c1)C(=O)N(c1ccc(C3(c4ccc(N5C(=O)c6ccc(*)cc6C5=O)cc4)c4ccccc4-c4ccccc43)cc1)C2=O,23.42529212,761
*CCCCCCN1C(=O)c2ccc(C(c3ccc4c(c3)C(=O)N(*)C4=O)(C(F)(F)F)C(F)(F)F)cc2C1=O,21.88584092,762
*c1ccc2c(c1)C(=O)N(c1c(C)cc(Cc3cc(C)c(N4C(=O)c5ccc(C(*)(C(F)(F)F)C(F)(F)F)cc5C4=O)c(C)c3)cc1C)C2=O,21.41163113,763
*c1ccc2c(c1)C(=O)N(c1c(CC)cc(Cc3cc(CC)c(N4C(=O)c5ccc(C(*)(C(F)(F)F)C(F)(F)F)cc5C4=O)c(CC)c3)cc1CC)C2=O,21.46625658,764
*c1ccc2c(c1)C(=O)N(c1c(C(C)C)cc(Cc3cc(C(C)C)c(N4C(=O)c5ccc(C(*)(C(F)(F)F)C(F)(F)F)cc5C4=O)c(C(C)C)c3)cc1C(C)C)C2=O,21.01509178,765
*c1ccc2c(c1)C(=O)N(c1cc(N3C(=O)c4ccc(C(*)(C(F)(F)F)C(F)(F)F)cc4C3=O)ccc1C)C2=O,21.20223784,766
*c1ccc(S(=O)(=O)c2ccc(N3C(=O)c4ccc(C(c5ccc6c(c5)C(=O)N(*)C6=O)(C(F)(F)F)C(F)(F)F)cc4C3=O)cc2)cc1,23.64843842,767
*c1ccc(S(=O)(=O)c2ccc(N3C(=O)c4ccc(C(=O)c5ccc6c(c5)C(=O)N(*)C6=O)cc4C3=O)cc2)cc1,25.12418092,768
*c1ccc(-c2ccc(-n3c(=O)c4cc5c(=O)n(*)c(=O)c5cc4c3=O)cc2OC(F)(F)F)c(OC(F)(F)F)c1,62.99034126,769
*C1CCC(N2C(=O)c3ccc(-c4ccc5c(c4)C(=O)N(*)C5=O)cc3C2=O)CC1,29.09881388,770
*c1cc(C(c2ccc(O)c(-n3c(=O)c4cc5c(=O)n(*)c(=O)c5cc4c3=O)c2)(C(F)(F)F)C(F)(F)F)ccc1O,20.57736407,771
*c1ccc2c(c1)C(=O)N(c1ccc(C(c3ccc(C)c(N4C(=O)c5ccc(C(*)(C(F)(F)F)C(F)(F)F)cc5C4=O)c3)(C(F)(F)F)C(F)(F)F)cc1C)C2=O,20.44943566,772
*c1ccc2c(c1)C(=O)N(c1ccc(Oc3ccc(-c4ccc(Oc5ccc(N6C(=O)c7ccc(C(*)(C(F)(F)F)C(F)(F)F)cc7C6=O)cc5)cc4)cc3)cc1)C2=O,26.10310133,773
*c1ccc(Oc2ccc(S(=O)(=O)c3ccc(Oc4ccc(N5C(=O)c6ccc(C(c7ccc8c(c7)C(=O)N(*)C8=O)(C(F)(F)F)C(F)(F)F)cc6C5=O)cc4)cc3)cc2)cc1,22.86724416,774
*c1ccc2c(c1)C(=O)N(c1cccc(Oc3ccc(S(=O)(=O)c4ccc(Oc5cccc(N6C(=O)c7ccc(C(*)(C(F)(F)F)C(F)(F)F)cc7C6=O)c5)cc4)cc3)c1)C2=O,21.75683334,775
*c1ccc(C(C)(C)c2ccc(N3C(=O)c4ccc(Oc5ccc6c(c5)C(=O)N(*)C6=O)cc4C3=O)cc2)cc1,24.31651904,776
*c1ccc(S(=O)(=O)c2ccc(N3C(=O)c4ccc(Oc5ccc6c(c5)C(=O)N(*)C6=O)cc4C3=O)cc2)cc1,24.28355102,777
*c1ccc2c(c1)C(=O)N(c1ccc(Oc3ccc(N4C(=O)c5ccc(C(C)(C)CCCCCCCCC(*)(C)C)cc5C4=O)cc3)cc1)C2=O,23.43880382,778
*C(=O)Nc1cccc(NC(=O)c2ccc(N3C(=O)c4ccc(*)cc4C3=O)cc2)c1,29.40900588,779
*C(=O)c1ccc2c(c1)C(=O)N(c1ccc(C(=O)Nc3ccc(N4C(=O)c5ccc(*)cc5C4=O)cc3)cc1)C2=O,31.49922765,780
*c1cccc(Oc2ccc(N3C(=O)c4ccc(C(=O)c5ccc6c(c5)C(=O)N(*)C6=O)cc4C3=O)cc2)c1,24.91382509,781
*c1ccc(-c2sc(-c3ccc(-n4c(=O)c5cc6c(=O)n(*)c(=O)c6cc5c4=O)cc3)c(-c3ccccc3)c2-c2ccccc2)cc1,47.52713915,782
*c1ccc(C(c2ccc(N3C(=O)c4cc5c(cc4C3=O)C(C(F)(F)F)(C(F)(F)F)c3cc4c(cc3O5)C(=O)N(*)C4=O)cc2)(C(F)(F)F)C(F)(F)F)cc1,28.7514194,783
*c1ccc2c(c1)C(=O)N(c1cc(C(c3ccc(O)c(N4C(=O)c5ccc(C(*)(C(F)(F)F)C(F)(F)F)cc5C4=O)c3)(C(F)(F)F)C(F)(F)F)ccc1O)C2=O,16.54940795,784
*c1ccc(Oc2c(C)cc(Cc3cc(C)c(Oc4ccc(-n5c(=O)c6cc7c(=O)n(*)c(=O)c7cc6c5=O)cc4)c(C)c3)cc2C)cc1,21.38140875,785
*c1ccc(Oc2c(C)cc(Cc3cc(C)c(Oc4ccc(N5C(=O)c6ccc(-c7ccc8c(c7)C(=O)N(*)C8=O)cc6C5=O)cc4)c(C)c3)cc2C)cc1,24.87502238,786
*C(=O)c1ccc2c(c1)C(=O)N(c1ccc(Oc3c(C)cc(Cc4cc(C)c(Oc5ccc(N6C(=O)c7ccc(*)cc7C6=O)cc5)c(C)c4)cc3C)cc1)C2=O,25.43571851,787
*c1ccc2c(c1)C(=O)N(c1ccc(Oc3c(C)cc(Cc4cc(C)c(Oc5ccc(N6C(=O)c7ccc(C(*)(C(F)(F)F)C(F)(F)F)cc7C6=O)cc5)c(C)c4)cc3C)cc1)C2=O,25.30910809,788
*c1c(C)cc(C(c2cc(C)c(N3C(=O)c4ccc(-c5ccc6c(c5)C(=O)N(*)C6=O)cc4C3=O)c(C)c2)c2cccc3ccccc23)cc1C,27.01357652,789
*C(=O)c1ccc2c(c1)C(=O)N(c1c(C)cc(C(c3cc(C)c(N4C(=O)c5ccc(*)cc5C4=O)c(C)c3)c3cccc4ccccc34)cc1C)C2=O,21.79246309,790
*c1ccc2c(c1)C(=O)N(c1c(C)cc(C(c3cc(C)c(N4C(=O)c5ccc(C(*)(C(F)(F)F)C(F)(F)F)cc5C4=O)c(C)c3)c3cccc4ccccc34)cc1C)C2=O,21.84652965,791
*c1ccc(Oc2c(C)cc(C(c3cc(C)c(Oc4ccc(-n5c(=O)c6cc7c(=O)n(*)c(=O)c7cc6c5=O)cc4)c(C)c3)c3cccc4ccccc34)cc2C)cc1,25.42827706,792
*c1ccc(Oc2c(C)cc(C(c3cc(C)c(Oc4ccc(N5C(=O)c6ccc(-c7ccc8c(c7)C(=O)N(*)C8=O)cc6C5=O)cc4)c(C)c3)c3cccc4ccccc34)cc2C)cc1,25.51139993,793
*c1ccc2c(c1)C(=O)N(c1ccc(Oc3c(C)cc(C(c4cc(C)c(Oc5ccc(N6C(=O)c7ccc(C(*)(C(F)(F)F)C(F)(F)F)cc7C6=O)cc5)c(C)c4)c4cccc5ccccc45)cc3C)cc1)C2=O,22.30079166,794
*/C=C/C1CC(*)C2C(=O)N(CCCCC)C(=O)C12,15.45947293,795
*/C=C/C1CC(*)C2C(=O)N(CCCCCC)C(=O)C12,14.67240732,796
*c1cccc(P(=O)(c2cccc(-n3c(=O)c4cc5c(=O)n(*)c(=O)c5cc4c3=O)c2)c2cc(C(F)(F)F)cc(C(F)(F)F)c2)c1,17.81122882,797
*c1cccc(P(=O)(c2ccc(C(F)(F)F)cc2)c2cccc(-n3c(=O)c4cc5c(=O)n(*)c(=O)c5cc4c3=O)c2)c1,20.62761227,798
*c1cccc(P(=O)(c2ccccc2)c2cccc(-n3c(=O)c4cc5c(=O)n(*)c(=O)c5cc4c3=O)c2)c1,20.87955805,799
*Oc1c(C)cc(C(C)(C)c2cc(C)c(ON3C(=O)c4ccc(Oc5ccc(C6(c7ccc(Oc8ccc9c(c8)C(=O)N(*)C9=O)cc7)CCC(C(C)(C)C)CC6)cc5)cc4C3=O)c(C)c2)cc1C,19.95338783,800
*c1ccc(Oc2ccc(C(c3ccc(Oc4ccc(N5C(=O)c6ccc(Oc7ccc(C8(c9ccc(Oc%10ccc%11c(c%10)C(=O)N(*)C%11=O)cc9)CCC(C(C)(C)C)CC8)cc7)cc6C5=O)cc4)cc3)(C(F)(F)F)C(F)(F)F)cc2)cc1,22.25375575,801
*c1ccc(Oc2ccc(Oc3ccc(N4C(=O)c5ccc(Oc6ccc(C7(c8ccc(Oc9ccc%10c(c9)C(=O)N(*)C%10=O)cc8)CCC(C(C)(C)C)CC7)cc6)cc5C4=O)cc3)c(C(C)(C)C)c2)cc1,22.90343784,802
*c1ccc(Oc2ccc(C3(c4ccc(Oc5ccc(N6C(=O)c7ccc(Oc8ccc(C9(c%10ccc(Oc%11ccc%12c(c%11)C(=O)N(*)C%12=O)cc%10)CCC(C(C)(C)C)CC9)cc8)cc7C6=O)cc5)cc4)CC4CC3C3CCCC43)cc2)cc1,21.50005245,803
*C(=O)Nc1cccc(C#Cc2cccc(N3C(=O)c4ccc(*)cc4C3=O)c2)c1,24.93378627,804
*c1ccc(Oc2ccc(NC(=O)CN3C(=O)c4ccc(C(c5ccc6c(c5)C(=O)N(CC(=O)Nc5ccc(Oc7ccc(-c8nnc(*)o8)cc7)cc5)C6=O)(C(F)(F)F)C(F)(F)F)cc4C3=O)cc2)cc1,23.08710688,805
*c1ccc(Oc2c(C)cc(C(C)(C)c3cc(C)c(Oc4ccc(N5C(=O)c6ccc(Oc7ccc(C8(c9ccc(Oc%10ccc%11c(c%10)C(=O)N(*)C%11=O)cc9)CCC(c9ccccc9)CC8)cc7)cc6C5=O)cc4)c(C)c3)cc2C)cc1,21.55258827,806
*c1ccc(Oc2ccc(Oc3ccc(N4C(=O)c5ccc(Oc6ccc(C7(c8ccc(Oc9ccc%10c(c9)C(=O)N(*)C%10=O)cc8)CCC(c8ccccc8)CC7)cc6)cc5C4=O)cc3)c(C(C)(C)C)c2)cc1,22.8835921,807
*c1ccc(Oc2ccc(-c3ccc(Oc4ccc(N5C(=O)c6ccc(Oc7ccc(C8(c9ccc(Oc%10ccc%11c(c%10)C(=O)N(*)C%11=O)cc9)CCC(c9ccccc9)CC8)cc7)cc6C5=O)cc4)cc3C)c(C)c2)cc1,24.65260466,808
*c1ccc(Oc2ccc(N3C(=O)c4ccc(Oc5ccc(C6(c7ccc(Oc8ccc9c(c8)C(=O)N(*)C9=O)cc7)CCC(c7ccccc7)CC6)cc5)cc4C3=O)cc2)cc1,21.18749891,809
*c1ccc(Oc2ccccc2Oc2ccc(-n3c(=O)c4cc5c(=O)n(*)c(=O)c5cc4c3=O)cc2)cc1,24.34829106,810
*c1ccc(Oc2ccc(Oc3ccc(-n4c(=O)c5cc6c(=O)n(*)c(=O)c6cc5c4=O)cc3)cc2C(C)(C)C)cc1,27.24003799,811
*c1ccc(Oc2ccc(Oc3ccc(-n4c(=O)c5cc6c(=O)n(*)c(=O)c6cc5c4=O)cc3)cc2-c2ccccc2)cc1,29.29857473,812
*c1ccc(Oc2cc(C(C)(C)C)ccc2Oc2ccc(-n3c(=O)c4cc5c(=O)n(*)c(=O)c5cc4c3=O)cc2)cc1,21.54485112,813
*c1ccc(Oc2ccc(Oc3ccc(N4C(=O)c5ccc(-c6ccc7c(c6)C(=O)N(*)C7=O)cc5C4=O)cc3)cc2)cc1,30.58267026,814
*c1ccc(Oc2ccccc2Oc2ccc(N3C(=O)c4ccc(-c5ccc6c(c5)C(=O)N(*)C6=O)cc4C3=O)cc2)cc1,26.10125056,815
*c1ccc(Oc2ccc(Oc3ccc(N4C(=O)c5ccc(-c6ccc7c(c6)C(=O)N(*)C7=O)cc5C4=O)cc3)c(C(C)(C)C)c2)cc1,28.42466879,816
*c1ccc(Oc2ccc(Oc3ccc(N4C(=O)c5ccc(-c6ccc7c(c6)C(=O)N(*)C7=O)cc5C4=O)cc3)c(-c3ccccc3)c2)cc1,29.48458657,817
*c1ccc(Oc2cc(C(C)(C)C)ccc2Oc2ccc(N3C(=O)c4ccc(-c5ccc6c(c5)C(=O)N(*)C6=O)cc4C3=O)cc2)cc1,23.28850588,818
*c1ccc(Oc2ccc(-c3ccc(Oc4ccc(N5C(=O)c6ccc(Oc7cccc(Oc8ccc9c(c8)C(=O)N(*)C9=O)c7)cc6C5=O)cc4)cc3)cc2)cc1,25.92347148,819
*c1ccc(Oc2ccc(C3(c4ccc(Oc5ccc(N6C(=O)c7ccc(Oc8ccc(C9(c%10ccc(Oc%11ccc%12c(c%11)C(=O)N(*)C%12=O)cc%10)CCC(c%10ccccc%10)CC9)cc8)cc7C6=O)cc5)cc4)CC4CC3C3CCCC43)cc2)cc1,22.13342552,820
*C(=O)c1ccc2c(c1)C(=O)N(c1cc(C(c3ccc(O)c(N4C(=O)c5ccc(*)cc5C4=O)c3)(C(F)(F)F)C(F)(F)F)ccc1O)C2=O,22.17545031,821
*c1ccc(Oc2ccc(-c3ccc(Oc4ccc(N5C(=O)c6ccc(Oc7ccc(C8(c9ccc(Oc%10ccc%11c(c%10)C(=O)N(*)C%11=O)cc9)CCCCCCCCCCC8)cc7)cc6C5=O)cc4)cc3C)c(C)c2)cc1,25.91346709,822
*c1ccc(Cc2ccc(N3C(=O)c4ccc(Oc5ccc(C6(c7ccc(Oc8ccc9c(c8)C(=O)N(*)C9=O)cc7)CCCCCCCCCCC6)cc5)cc4C3=O)cc2)cc1,19.80865113,823
*c1ccc(Oc2ccc(Oc3ccc(N4C(=O)c5ccc(Oc6ccc(C7(c8ccc(Oc9ccc%10c(c9)C(=O)N(*)C%10=O)cc8)CCCCCCCCCCC7)cc6)cc5C4=O)cc3)c(C(C)(C)C)c2)cc1,21.10464722,824
*c1ccc(Oc2ccc(C3(c4ccc(Oc5ccc(N6C(=O)c7ccc(Oc8ccc(C9(c%10ccc(Oc%11ccc%12c(c%11)C(=O)N(*)C%12=O)cc%10)CCCCCCCCCCC9)cc8)cc7C6=O)cc5)cc4)CCC(C(C)(C)C)CC3)cc2)cc1,21.40172477,825
*c1ccc(Oc2ccc(C3(c4ccc(Oc5ccc(N6C(=O)c7ccc(Oc8ccc(C9(c%10ccc(Oc%11ccc%12c(c%11)C(=O)N(*)C%12=O)cc%10)CCCCCCCCCCC9)cc8)cc7C6=O)cc5)cc4)C4CC5CC(C4)CC3C5)cc2)cc1,22.08529982,826
*c1ccc2c(c1)C(=O)N(c1ccc(Oc3ccc4ccc(Oc5ccc(N6C(=O)c7ccc(C(*)(C(F)(F)F)C(F)(F)F)cc7C6=O)cc5)cc4c3)cc1)C2=O,23.55917576,827
*c1ccc(Oc2ccc3ccc(Oc4ccc(-n5c(=O)c6cc7c(=O)n(*)c(=O)c7cc6c5=O)cc4)cc3c2)cc1,27.22299666,828
*c1cccc(P(=O)(c2cccc(-n3c(=O)c4c(-c5cc(C(F)(F)F)cc(C(F)(F)F)c5)c5c(=O)n(*)c(=O)c5c(-c5cc(C(F)(F)F)cc(C(F)(F)F)c5)c4c3=O)c2)c2cc(C(F)(F)F)cc(C(F)(F)F)c2)c1,20.61103805,829
*c1cccc(P(=O)(c2ccc(C(F)(F)F)cc2)c2cccc(-n3c(=O)c4c(-c5cc(C(F)(F)F)cc(C(F)(F)F)c5)c5c(=O)n(*)c(=O)c5c(-c5cc(C(F)(F)F)cc(C(F)(F)F)c5)c4c3=O)c2)c1,20.03886686,830
*c1cccc(P(=O)(c2ccccc2)c2cccc(-n3c(=O)c4c(-c5cc(C(F)(F)F)cc(C(F)(F)F)c5)c5c(=O)n(*)c(=O)c5c(-c5cc(C(F)(F)F)cc(C(F)(F)F)c5)c4c3=O)c2)c1,18.99893367,831
*c1cccc(P(=O)(c2cccc(-n3c(=O)c4c(-c5ccc(C(F)(F)F)cc5)c5c(=O)n(*)c(=O)c5c(-c5ccc(C(F)(F)F)cc5)c4c3=O)c2)c2cc(C(F)(F)F)cc(C(F)(F)F)c2)c1,19.76254407,832
*c1cccc(P(=O)(c2ccc(C(F)(F)F)cc2)c2cccc(-n3c(=O)c4c(-c5ccc(C(F)(F)F)cc5)c5c(=O)n(*)c(=O)c5c(-c5ccc(C(F)(F)F)cc5)c4c3=O)c2)c1,20.57425608,833
*c1cccc(P(=O)(c2ccccc2)c2cccc(-n3c(=O)c4c(-c5ccc(C(F)(F)F)cc5)c5c(=O)n(*)c(=O)c5c(-c5ccc(C(F)(F)F)cc5)c4c3=O)c2)c1,19.22980421,834
*c1cccc(P(=O)(c2cccc(-n3c(=O)c4c(-c5ccccc5)c5c(=O)n(*)c(=O)c5c(-c5ccccc5)c4c3=O)c2)c2cc(C(F)(F)F)cc(C(F)(F)F)c2)c1,19.45942913,835
*c1cccc(P(=O)(c2ccc(C(F)(F)F)cc2)c2cccc(-n3c(=O)c4c(-c5ccccc5)c5c(=O)n(*)c(=O)c5c(-c5ccccc5)c4c3=O)c2)c1,19.74034251,836
*c1cccc(P(=O)(c2ccccc2)c2cccc(-n3c(=O)c4c(-c5ccccc5)c5c(=O)n(*)c(=O)c5c(-c5ccccc5)c4c3=O)c2)c1,19.78178482,837
*c1ccc(Oc2ccc(N3C(=O)c4cccc(Oc5cccc6c5C(=O)N(*)C6=O)c4C3=O)cc2)cc1,21.13399487,838
*c1ccc(Oc2ccc(N3C(=O)c4ccc(Oc5cccc6c5C(=O)N(*)C6=O)cc4C3=O)cc2)cc1,25.99963325,839
*c1ccc(Oc2ccc(Oc3ccc(N4C(=O)c5cccc(Oc6cccc7c6C(=O)N(*)C7=O)c5C4=O)cc3)cc2)cc1,22.30349945,840
*c1ccc(Oc2ccc(Oc3ccc(N4C(=O)c5ccc(Oc6cccc7c6C(=O)N(*)C7=O)cc5C4=O)cc3)cc2)cc1,24.61808327,841
*c1ccc(Oc2ccc(N3C(=O)C4CCC5C(=O)N(*)C(=O)C5C4C3=O)cc2)cc1,28.17532553,842
*c1ccc(Cc2ccc(N3C(=O)C4CCC5C(=O)N(*)C(=O)C5C4C3=O)c(C)c2)cc1C,24.39262553,843
*c1ccc(Oc2ccc(Oc3ccc(N4C(=O)C5CCC6C(=O)N(*)C(=O)C6C5C4=O)cc3)cc2)cc1,28.01179501,844
*c1ccc(Oc2ccc(C(C)(C)c3ccc(Oc4ccc(N5C(=O)C6CCC7C(=O)N(*)C(=O)C7C6C5=O)cc4)cc3)cc2)cc1,23.42766248,845
*C(=O)c1ccc2c(c1)C(=O)N(c1c(C)cc(Cc3cc(C)c(N4C(=O)c5ccc(*)cc5C4=O)c(C)c3)cc1C)C2=O,25.41774128,846
*C(=O)c1ccc2c(c1)C(=O)N(c1c(CC)cc(Cc3cc(CC)c(N4C(=O)c5ccc(*)cc5C4=O)c(CC)c3)cc1CC)C2=O,23.80459701,847
*C(=O)c1ccc2c(c1)C(=O)N(c1c(C(C)C)cc(Cc3cc(C(C)C)c(N4C(=O)c5ccc(*)cc5C4=O)c(C(C)C)c3)cc1C(C)C)C2=O,22.08942475,848
*c1ccc(Oc2ccc(Oc3ccc(N4C(=O)c5ccc(Oc6ccccc6Oc6ccc7c(c6)C(=O)N(*)C7=O)cc5C4=O)cc3C(F)(F)F)cc2)c(C(F)(F)F)c1,23.36798061,849
*c1ccc(Oc2ccccc2Oc2ccc(N3C(=O)c4ccc(Oc5ccccc5Oc5ccc6c(c5)C(=O)N(*)C6=O)cc4C3=O)cc2C(F)(F)F)c(C(F)(F)F)c1,19.66167795,850
*c1ccc(Oc2c(C)cc(-c3cc(C)c(Oc4ccc(N5C(=O)c6ccc(Oc7ccccc7Oc7ccc8c(c7)C(=O)N(*)C8=O)cc6C5=O)cc4C(F)(F)F)c(C)c3)cc2C)c(C(F)(F)F)c1,24.05085365,851
*c1ccc(Oc2ccc(C(c3ccc(Oc4ccc(N5C(=O)c6ccc(Oc7ccccc7Oc7ccc8c(c7)C(=O)N(*)C8=O)cc6C5=O)cc4C(F)(F)F)cc3)(C(F)(F)F)C(F)(F)F)cc2)c(C(F)(F)F)c1,21.61668503,852
*c1ccc(Oc2ccc(C3(c4ccc(Oc5ccc(N6C(=O)c7ccc(Oc8ccccc8Oc8ccc9c(c8)C(=O)N(*)C9=O)cc7C6=O)cc5C(F)(F)F)cc4)c4ccccc4-c4ccccc43)cc2)c(C(F)(F)F)c1,21.69502851,853
*c1ccc(N2C(=O)c3ccc(Oc4ccc(C(C)(C)c5cccc(Oc6ccc7c(c6)C(=O)N(*)C7=O)c5)cc4)cc3C2=O)cc1,23.8110985,854
*CCCCCCCCCCN1C(=O)C2C3C=CC(C4C(=O)N(*)C(=O)C34)C2C1=O,20.44394649,855
*C1CCC(CC2CCC(N3C(=O)C4C5C=CC(C6C(=O)N(*)C(=O)C56)C4C3=O)CC2)CC1,22.94222947,856
*C1CCC(CC2CCC(N3C(=O)C4C5C=CC(C6C(=O)N(*)C(=O)C56)C4C3=O)C(C)C2)CC1C,25.21563438,857
*c1cc(C(c2ccc(O)c(N3C(=O)c4ccc(Oc5ccc6c(c5)C(=O)N(*)C6=O)cc4C3=O)c2)(C(F)(F)F)C(F)(F)F)ccc1O,20.84487443,858
*c1ccc(C(C)(C)c2ccc(C(C)(C)c3ccc(N4C(=O)c5ccc(Oc6ccc7c(c6)C(=O)N(*)C7=O)cc5C4=O)cc3)cc2)cc1,21.40479616,859
*c1ccc(Sc2ccc(Sc3ccc(Sc4ccc(-n5c(=O)c6cc7c(=O)n(*)c(=O)c7cc6c5=O)cc4)cc3)cc2)cc1,24.56371182,860
*c1ccc(Sc2ccc3c(c2)Sc2ccc(Sc4ccc(-n5c(=O)c6cc7c(=O)n(*)c(=O)c7cc6c5=O)cc4)cc2S3)cc1,25.46175106,861
*C(=O)Oc1ccc(OC(=O)c2ccc3c(c2)C(=O)N(C2CCC(N4C(=O)c5ccc(*)cc5C4=O)CC2)C3=O)cc1,33.45927186,862
*C(=O)Oc1ccc(OC(=O)c2ccc3c(c2)C(=O)N(c2ccc(-c4ccc(N5C(=O)c6ccc(*)cc6C5=O)cc4C(F)(F)F)c(C(F)(F)F)c2)C3=O)cc1,36.16788839,863
*c1ccc(C(=O)Oc2ccc(-n3c(=O)c4cc5c(=O)n(*)c(=O)c5cc4c3=O)cc2)cc1,48.78662684,864
*c1ccc(C(=O)Oc2ccc(N3C(=O)c4ccc(-c5ccc6c(c5)C(=O)N(*)C6=O)cc4C3=O)cc2)cc1,38.57425491,865
*C(=O)Oc1ccc(OC(=O)c2ccc3c(c2)C(=O)N(c2ccc(C(=O)Oc4ccc(N5C(=O)c6ccc(*)cc6C5=O)cc4)cc2)C3=O)cc1,33.73793364,866
*c1ccc(C(=O)Nc2ccc(-n3c(=O)c4cc5c(=O)n(*)c(=O)c5cc4c3=O)cc2)cc1,63.577527,867
*C(=O)Oc1ccc(OC(=O)c2ccc3c(c2)C(=O)N(c2ccc(C(=O)Nc4ccc(N5C(=O)c6ccc(*)cc6C5=O)cc4)cc2)C3=O)cc1,36.489016,868
*c1cc(C(c2ccc(O)c(N3C(=O)c4ccc(-c5ccc6c(c5)C(=O)N(*)C6=O)cc4C3=O)c2)(C(F)(F)F)C(F)(F)F)ccc1O,23.1492373,869
*c1ccc2c(c1)C(=O)N(c1ccc(-c3ccc(Oc4ccc5c(c4)C(C)(c4ccc(Oc6ccc(-c7ccc(N8C(=O)c9ccc(C(*)(C(F)(F)F)C(F)(F)F)cc9C8=O)cc7)cc6C(F)(F)F)cc4)CC5(C)C)c(C(F)(F)F)c3)cc1)C2=O,22.79048612,870
*c1ccc(-c2ccc(Oc3ccc(C4(C)CC(C)(C)c5ccc(Oc6ccc(-c7ccc(N8C(=O)c9ccc(Oc%10ccc%11c(c%10)C(=O)N(*)C%11=O)cc9C8=O)cc7)cc6C(F)(F)F)cc54)cc3)c(C(F)(F)F)c2)cc1,24.75478676,871
*c1cccc(N2C(=O)c3ccc(-c4cccc5c4C(=O)N(*)C5=O)cc3C2=O)c1,20.91558197,872
*c1ccc(-c2ccc(N3C(=O)c4ccc(-c5cccc6c5C(=O)N(*)C6=O)cc4C3=O)c(C)c2)cc1C,23.85335488,873
*c1ccc(-c2ccc(N3C(=O)c4ccc(-c5cccc6c5C(=O)N(*)C6=O)cc4C3=O)cc2C)c(C)c1,24.03607779,874
*c1ccc(-c2ccc(N3C(=O)c4ccc(-c5cccc6c5C(=O)N(*)C6=O)cc4C3=O)cc2C(F)(F)F)c(C(F)(F)F)c1,23.78853521,875
*c1ccc(Oc2cccc(N3C(=O)c4ccc(-c5cccc6c5C(=O)N(*)C6=O)cc4C3=O)c2)cc1,21.83562994,876
*c1ccc(Oc2ccc(Oc3ccc(N4C(=O)c5ccc(-c6cccc7c6C(=O)N(*)C7=O)cc5C4=O)cc3)cc2)cc1,24.2410336,877
*c1ccc(Oc2cccc(Oc3ccc(N4C(=O)c5ccc(-c6cccc7c6C(=O)N(*)C7=O)cc5C4=O)cc3)c2)cc1,22.13429822,878
*c1cccc(Oc2cccc(Oc3cccc(N4C(=O)c5ccc(-c6cccc7c6C(=O)N(*)C7=O)cc5C4=O)c3)c2)c1,20.36775118,879
*c1ccc(-c2ccc(N3C(=O)c4cc5c(cc4C3=O)C(C(F)(F)F)(C(F)(F)F)c3cc4c(cc3O5)C(=O)N(*)C4=O)cc2C(F)(F)F)c(C(F)(F)F)c1,61.41552649,880
*c1ccc(-c2ccc(N3C(=O)c4cc5c(cc4C3=O)C(C(F)(F)F)(C(F)(F)F)c3cc4c(cc3O5)C(=O)N(*)C4=O)cc2OC(F)(F)F)c(OC(F)(F)F)c1,59.05774233,881
*C(=O)Nc1ccc(C2(c3ccc(NC(=O)c4ccc5c(c4)C(=O)N(c4ccc(Sc6ccc(Oc7ccc(Sc8ccc(N9C(=O)c%10ccc(*)cc%10C9=O)cc8)cc7)cc6)cc4)C5=O)cc3)c3ccccc3-c3ccccc32)cc1,23.76085133,882
*c1ccc(Sc2ccc(Oc3ccc(Sc4ccc(N5C(=O)c6ccc(Oc7ccc(C(C)(C)c8ccc(Oc9ccc%10c(c9)C(=O)N(*)C%10=O)cc8)cc7)cc6C5=O)cc4)cc3)cc2)cc1,24.1848397,883
*c1ccc2c(c1)C(=O)N(c1ccc(Sc3ccc(Oc4ccc(Sc5ccc(N6C(=O)c7ccc(C(*)(C(F)(F)F)C(F)(F)F)cc7C6=O)cc5)cc4)cc3)cc1)C2=O,22.78928372,884
*OC(C)COC(*)=O,19.74496917,885
*Oc1ccc(C(C)(C)c2ccc(OC(*)=O)c(CC)c2)cc1CC,19.14999144,886
*Oc1ccc(C(C)(CCC#N)c2ccc(OC(*)=O)cc2)cc1,20.80839425,887
*Oc1ccc(C(C)(CCC#N)c2ccc(OC(*)=O)c(C)c2)cc1C,20.46291604,888
*Oc1ccc(C(CCC)(CCC)c2ccc(OC(*)=O)c(C)c2)cc1C,18.28808431,889
*Oc1ccc(C(CCCC)(CCCC)c2ccc(OC(*)=O)cc2)cc1,15.9518712,890
*CCCCCCCCCSC(=O)S*,22.92610472,891
*CCCCCCCCCCCCSC(=O)S*,23.45939303,892
*Sc1ccc(Cc2ccc(SC(*)=O)cc2)cc1,21.95448265,893
*Oc1ccc(C(C)(C)c2ccc(OC(=O)SCCCSC(*)=O)cc2)cc1,20.5297515,894
*Oc1ccc(C(C)(C)c2ccc(OC(=O)SCCCCCCSC(*)=O)cc2)cc1,20.98397099,895
*Oc1ccc(C(C)(C)c2ccc(OC(=O)Sc3ccc(C(C)(C)c4ccc(SC(*)=O)cc4)cc3)cc2)cc1,19.72629422,896
*C1CCC(*)N1,22.03289852,897
*Nc1ccc(*)cc1,22.46729766,898
*c1ccc(Cc2ccc(N(*)Cc3ccccc3)cc2)cc1,19.15504256,899
*Cc1cc(C(C)(C)c2ccc3c(c2)CN(C)CO3)cc(CN(*)C)c1O,15.89152372,900
*c1ccc(C(c2ccc(-c3nc4cc(-c5ccc6nc(*)[nH]c6c5)ccc4[nH]3)cc2)(C(F)(F)F)C(F)(F)F)cc1,27.58738569,901
*c1ccc(C(c2ccc(-c3nc4ccc(-c5ccc6nc(*)[nH]c6c5)cc4[nH]3)cc2)(C(F)(F)F)C(F)(F)F)cc1,27.37230347,902
*c1cccc(S(=O)(=O)NCCCCCCNS(*)(=O)=O)c1,19.72799097,903
*c1ccc(S(*)(=O)=O)cc1,22.15433268,904
*Cc1cc(*)c(O)cc1C,17.14107103,905
*c1ccc(-c2ccc3c(c2)C(CCCCCCC#N)(CCCCCCC#N)c2cc(*)ccc2-3)cc1,28.6824407,906
*CC(*)C(=O)Oc1ccccc1C,12.7374634,907
*CC(C)S(*)(=O)=O,20.99132259,908
*CCCCCC(*)CCCCCC,16.82724961,909
*c1ccc(-c2ccc(C(*)(c3ccccc3)C(F)(F)F)cc2)cc1,19.28801766,910
*CC(*)C(=O)OCCSCCCC#N,12.35091595,911
*Oc1ccc(S(=O)(=O)c2ccc(Oc3c(C)cc(Cc4cc(C)c(*)c(C)c4)cc3C)cc2)cc1,20.42938322,912
*Oc1ccc(S(=O)(=O)c2ccc(Oc3ccc(C(C)(c4ccccc4)c4ccc(*)cc4)cc3)cc2)cc1,21.53470493,913
*CCCCCCCCCCC(=O)NCCCCCCNC(=O)CCCCO*,24.65708372,914
*/C=C/c1ccc(*)cc1,25.25187791,915
*CC(*)(CC(=O)OCCCCC)C(=O)OCCCCC,10.24635518,916
*CCCCCCCCNC(=O)CCCCCCCCCCCCCCCCCCCCC(=O)N*,23.85283439,917
*/C=C/c1cc(OCC(CC)CCCC)c(*)cc1-c1ccc(N(c2ccc(OC)cc2)c2ccc(OC)cc2)cc1,13.49779574,918
*CCCCCCCCCCCCCCCCCCCCOC(=O)CCCCCCCC(=O)O*,20.57750836,919
*CC(*)C(=O)Oc1ccc(C)cc1,13.5752804,920
*CCCCCCCCCCCCCCCCCCCCCC(=O)N*,21.86411406,921
*CC(*)(C)C(=O)OC1CCC(C(C)(C)C)CC1,10.86090269,922
*c1cc(CCCCCCCCCCCCCCCCCCCCCC)c(*)s1,15.35786351,923
*C1CCCCC1S(*)(=O)=O,15.15828898,924
*CC(*)(C)C(=O)Oc1c(Cl)c(Cl)c(Cl)c(Cl)c1Cl,14.15089535,925
*CCCCCCCCCCCCOC(=O)CCCCCCCCCCCCC(=O)O*,20.53765653,926
*CC(*)(CF)C(=O)OC,18.18607796,927
*CC(*)C(=O)OCC(CC)CC,12.27591848,928
*CCCC(*)(C)C(=O)O,14.52607342,929
*c1ccc(NC(=O)Nc2ccc(NC(=O)Nc3ccc(-c4nc(C#N)c(C#N)nc4*)cc3)cc2)cc1,19.52705482,930
*c1cc2cccccc-2c1*,15.84965404,931
*CC(*)(C)C(=O)OCCOCC,12.39029756,932
*CC(*)(C)C(=O)OCCN(CC)CC,11.45757736,933
*c1cc(/C=N/c2cccc(C)c2)cc(*)c1O,13.46142519,934
*CC(*)C(=O)OC1CC(C)CC(C)(C)C1,11.78379961,935
*CC(C)(C)CS(=O)(=O)CC(C)(C)COC(=O)O*,17.59804845,936
*CCCCCCCCCCCCCCCCCCCCOC(=O)CCCCC(=O)O*,23.96801429,937
*CCc1ccc(*)c2ccccc12,20.17560548,938
*CC(*)C(=O)OCCCCCCSCC#N,13.18158821,939
*C1C(=O)OC(=O)C1*,17.04190977,940
*CC(*)(C)C(=O)OC(C(F)(F)F)(C(F)(F)F)C(F)(F)F,13.23674474,941
*C1C(=O)N(c2ccccc2C(=O)OC)C(=O)C1*,12.24675377,942
*CCc1ccc(-c2ccc(*)cc2)cc1,30.03662597,943
*CCCCCCNC(=O)C(CCCCCCCCCCCCC)C(=O)N*,13.5860206,944
*c1ccc(-c2ccc3c(c2)C(CCCCCC)(CCCCCC)c2cc(*)ccc2-3)cc1,27.96449264,945
*CC(*)(C)C(=O)OCc1ccco1,12.32614241,946
*CCCCCCCCCCC(=O)NCCc1ccc(CCNC(=O)CCCCCCCCCCS*)cc1,22.76143272,947
*CCCCCCCCCCNC(=O)CC/C=C/CCC(=O)N*,18.83632464,948
*/C=C/c1ccc(*)c2ccc(CCCCCC)cc12,20.81567785,949
*CCCCCCCCCOC(=O)CCCCCCCC(=O)O*,20.56975581,950
*c1ccc2c(c1)SC1=Nc3cc(-c4ccc5c(c4)N=C4Sc6cc(*)ccc6N=C4N5)ccc3NC1=N2,27.5268485,951
*CC(*)C(=O)OCC(CC)CCCC,10.99379023,952
*CC(*)CC(C)C(F)(F)F,13.31500903,953
*CCCCCCCCC(=O)NCCCCCOCCCCCNC(=O)CCCO*,16.89480393,954
*CCCCCCCCCCNC(=O)CCCCCCCCCCCCCCC(=O)N*,23.47308455,955
*CC(*)(CF)C(=O)OCC,13.63736539,956
*C(=O)C(*)(C)C,25.84971423,957
*CC(*)C(=O)OCCSCCC#N,13.24819081,958
*CC(*)(C)C(=O)OCCc1ccccc1,11.43837267,959
*CC(*)C(=O)NC(C)CC,12.6370902,960
*CC(*)(C)C(=O)OCCN(CC)S(=O)(=O)C(F)(F)C(F)(F)C(F)(F)C(F)(F)C(F)(F)C(F)(F)C(F)(F)C(F)(F)F,12.31638522,961
*CC(*)(C#N)C(=O)OCCCC,13.85902924,962
*c1nc2cc3sc(-c4cc(OCCCCCCCCCCCC)c(*)cc4OCCCCCCCCCCCC)nc3cc2s1,22.57173018,963
*CC(*)(C)C(=O)OCCCCCCCCCCCCCCCCCC,12.32577198,964
*Oc1cc(CCC)cc(OC(=O)c2cccc(C(*)=O)c2)c1,19.71902254,965
*CCCN*,19.40336561,966
*c1nc(C)nc(N(CCCCCCN(*)c2ccccc2)c2ccccc2)n1,14.20899208,967
*c1sc(*)c(OCCCCCCCCCCCCCCCCCCCC)c1C,14.34826035,968
*=C=C=C(Cn1c2ccccc2c2ccccc21)C(=*)Cn1c2ccccc2c2ccccc21,12.21503123,969
*CC(*)C(=O)OCCCCCC(=O)Oc1ccc(-c2ccc(C#N)cc2)cc1,12.97526971,970
*CCCCCCCNC(=O)C(CCCCCCCCCCCC)C(=O)N*,13.84301628,971
*/C=C/c1sc(*)c(OCCCCCCCCCCCC)c1OCCCCCCCCCCCC,11.69721179,972
*OS(=O)(=O)c1cccc(C(=O)c2cccc(S(=O)(=O)Oc3ccc(C(C)(C)c4ccc(*)cc4)cc3)c2)c1,16.18613012,973
*CC(*)C(=O)Oc1cccc2ccccc12,12.47317176,974
*CCCCCCCCCCCCCCS*,22.79770371,975
*CC(*)(C)C(=O)Oc1cccc(C)c1,12.06665155,976
*CC(*)(CC(=O)Oc1ccc(C)cc1)C(=O)Oc1ccc(C)cc1,11.04114403,977
*CCCCCCCCCCOC(=O)CCCCCCC(=O)O*,22.70955044,978
*/C=C/c1ccc(*)c(-c2cc(-c3ccccc3)c(OCC(CC)CCCC)cc2OCC(CC)CCCC)c1,12.57676107,979
*c1c(-c2ccccc2)c(-c2ccccc2)c(*)c2cc(C(c3ccc(C#Cc4ccccc4)c(C#Cc4ccccc4)c3)(C(F)(F)F)C(F)(F)F)ccc12,12.31035991,980
*CCCCCCCCCNC(=O)CCCCCCCCC(=O)N*,20.75684225,981
*c1ccc2c(c1)C(CCCCCC)(CCCCCC)c1cc(-c3cc(CCCCCC)c(*)cc3CCCCCC)ccc1-2,20.23991085,982
*CCCCCCCCCCSCCCCCCS*,28.27457475,983
*/C=C/CCCCC*,18.69881957,984
*/C=C/c1ccc(*)c(-c2cc(OCC(CC)CCCC)c(OCC(CC)CCCC)cc2-c2ccccc2)c1,13.24845393,985
*CCCCCNC(=O)CCCCCCCCOCCCCCCCCC(=O)NCCCCCO*,20.89267331,986
*CCCCCCCCCCCCCCCCCCCCC(*)COCCOCCOCCOCCOCCCCCCCCCCCCCC,18.64436035,987
*CCCCNC(=O)CCCCCCCCCC(=O)N*,22.50813311,988
*CCC(C)CCC(=O)O*,20.5666232,989
*c1ccc(-c2ccc(C3(*)CCCCC3)cc2)cc1,16.14335044,990
*CC(*)(F)C(=O)OCCC(F)(F)C(F)(F)C(F)(F)C(F)(F)C(F)(F)C(F)(F)C(F)(F)C(F)(F)C(F)(F)C(F)(F)F,12.86015216,991
*CC(*)(C)C(=O)OCc1cccc([N+](=O)[O-])c1,11.3618897,992
*CCCCCCCCCCCCCCOC(=O)CCCCCCC(=O)O*,21.54233832,993
*CCC(Cl)C(*)Cl,21.78634698,994
*CCCCCCCCCCNC(=O)NCCCCCCCCNC(=O)N*,20.6076312,995
*CCCCCCCNC(=O)CCCCCCCCCC(=O)N*,22.70774878,996
*CCCCCCCCCCCCNC(=O)CCCCCCCCCCCCC(=O)N*,22.53219601,997
*CCCCCCCCCCOc1ccc(OC(=O)c2ccc(OCCCCCCOc3ccc(C(=O)Oc4ccc(O*)cc4)cc3)cc2)cc1,26.55570698,998
*CCCCCNC(=O)CCCCCCCCCCCCC(=O)N*,18.89913865,999
*CCCCCCNC(=O)C(CCCCCCCCCCCCCCC)C(=O)N*,15.49662691,1000
*/C=C/C(C*)CCC,13.41293322,1001
*CCCCCCCCC(=O)NCCCCCCNC(=O)CCCCO*,20.96547901,1002
*CCCCCNC(=O)CCCCCCCCCCCCCCCCCCC(=O)N*,20.51772176,1003
*CC(*)(CC(=O)Oc1cccc(C)c1)C(=O)Oc1cccc(C)c1,10.97057697,1004
*CCCCCC(*)CCCCCCCCCC,15.17699114,1005
*CCCS(*)(=O)=O,19.8097907,1006
*c1cc(CCCCCCCCCCCCC)c(*)s1,16.27456982,1007
*/C=C/CCCCCC*,19.38675152,1008
*/C=C/c1ccc(*)c(-c2cc(OCCC(C)C)c(OCCC(C)C)cc2-c2ccc(C(F)(F)F)cc2)c1,17.81147708,1009
*c1cc(OCCCCCCCCCCCC)c(*)cc1O,17.49332984,1010
*c1ccc(-c2nnc(-c3cccc(-c4nnc(*)n4-c4ccccc4)c3)n2-c2ccccc2)cc1,24.31804369,1011
*CCCCCCCCCCCCNC(=O)NCCCCCCNC(=O)N*,17.68935554,1012
*CC(*)OC(=O)CCCCCCCCCCCCCCCCCCCCC,13.69025537,1013
*CC(*)C(=O)OC(C)CCC(CC)CCCC,10.36326711,1014
*c1sc(*)c2c1OCC(CCCCCCCCCCCCCCCC)O2,15.08786185,1015
*CC(*)C(=O)OCCSCC,14.51100233,1016
*c1ccc(Cc2ccc(-n3c(=O)c4cc5c(=O)n(*)c(=O)c5cc4c3=O)cc2)cc1,29.70086573,1017
*CC(C)(C)CS(*)(=O)=O,16.55092442,1018
*c1ccc2c(c1)C(CCCCCC)(CCCCCC)c1cc(-c3cc(CCCCCCCCCC)c(*)cc3CCCCCCCCCC)ccc1-2,18.38442171,1019
*CC(*)c1c([2H])c([2H])c([2H])c([2H])c1[2H],14.83081456,1020
*CC(*)(C)C(=O)OCC[N+](=O)[O-],14.1297443,1021
*CC(*)(C)C(=O)OCC(F)(F)C(F)(F)C(F)(F)C(F)(F)C(F)(F)C(F)(F)C(F)(F)F,12.88558494,1022
*CC(*)c1ccc(COc2ccc(-c3ccc(C#N)cc3)cc2)cc1,12.90310493,1023
*Oc1c(C)cc(*)cc1-c1ccccc1,15.57570307,1024
*CCCCCCN(C)C(=O)CCCCCCCCCCCCCCCCC(=O)N(*)C,19.92649972,1025
*Oc1ccc(Oc2ccc(C(=O)c3ccccc3-c3ccccc3C(=O)c3ccc(*)cc3)cc2)cc1,17.8866103,1026
*CC(*)(C)C(=O)Oc1ccc(C)cc1,12.66351417,1027
*CC(*)(C)C(=O)OC1CCCC(C)C1,10.34584016,1028
*OC(*)C(Cl)(Cl)Cl,18.35760963,1029
*CCCCCC(*)CCCCCCCC,14.0622995,1030
*CCCCCCCCCCNC(=O)C(CCCCCCCCCCCC)C(=O)N*,16.27222852,1031
*CC(*)(Cl)C(=O)OCCCC,13.37410592,1032
*CC(*)(C)C(=O)OCCCCCCOc1ccc(-c2ccc(OC)cc2)cc1,12.60793073,1033
*CC(*)(CC(=O)OCCCCCC)C(=O)OCCCCCC,10.01915881,1034
*CCOC(=O)CCCCSCCCCC(=O)O*,19.93042453,1035
*CC(*)(C)C(=O)OCCN(CC)c1ccc(/N=N/c2ccc([N+](=O)[O-])cc2)cc1,12.26891849,1036
*CC(*)(Cl)C(=O)OC(C)C,15.80245006,1037
*CCCCCCCCCCCCC(c1ccc(O)cc1)C(*)c1ccc(O)cc1C,19.25364485,1038
*CCCCCCCCCCSSCCCCCCSS*,21.63979729,1039
*CC(*)(C)C(=O)OCC(CC)CCCC,11.16194662,1040
*CC(*)(C)C(=O)OCCCCn1c2ccccc2c2ccccc21,11.45732375,1041
*CC(*)(C)C(N)=O,16.36913311,1042
*c1ccc2c(c1)C(CCCCCC)(CCCCCC)c1cc(-c3cc(OCc4ccccc4)c(*)cc3OCc3ccccc3)ccc1-2,21.32352082,1043
*CCCCCCCCCCCC(c1ccc(O)cc1)C(*)c1ccc(O)cc1C,17.25139441,1044
*CC(*)(C)C(=O)NC(=O)OC(C)COc1c(Br)cc(S(=O)(=O)c2cc(Br)c(OCC(C)O)c(Br)c2)cc1Br,12.5994675,1045
*CCCCCCCCCCNC(=O)CCCCCCCCCCCCC(=O)N*,18.99975515,1046
*CCN*,16.50971705,1047
*CCCCCCS(=O)(=O)CCCCCS(*)(=O)=O,18.44065947,1048
*CCc1ccc(*)o1,21.29011365,1049
*CC(*)n1cc2ccccc2n1,13.9727997,1050
*CCCOC(=O)CCCCCCCCCCCCCCCCC(=O)O*,21.46640792,1051
*CCCCCCCCCCOC(=O)CCCCCCCC(=O)O*,23.93933283,1052
*CC(*)(C)C(=O)OCCCCCCCCCCCCCC,11.14771595,1053
*c1sc(*)c(OCCCCCCCCCCCCCC)c1C,14.84412514,1054
*CCCCCCCCCCOC(=O)CCCCCNC(=O)CCCCC(=O)NCCCCCC(=O)O*,19.25074729,1055
*CCCCCCCCCCCCCCCC[N+](C)(C)CCCCCC[N+](*)(C)C,20.26505078,1056
*/C=C(/*)C#CCCCCCCCCCCCCCCCCCCCCC(=O)O,15.06400186,1057
*CC/C(C)=C(/*)C,14.53648643,1058
*c1ccc2c(c1)C(=O)N(c1cc(OCCN(CC)c3ccc(/N=N/c4ccc([N+](=O)[O-])cc4)cc3)cc(N3C(=O)c4ccc(C(*)(C(F)(F)F)C(F)(F)F)cc4C3=O)c1)C2=O,17.1881696,1059
*ON(C(F)(F)F)C(F)(F)C(*)(F)F,17.31090487,1060
*CCCCCCCCNC(=O)CCCCCCCCC(=O)NCCCCCCCCNC(=O)C(=O)N*,22.44231118,1061
*/C=C/C(C)C(*)C,16.53077558,1062
*c1sc(*)c(OCCCCCCCCCCCC)c1C,16.11371346,1063
*CC(*)(C)C(=O)OC(C(F)(F)F)C(F)(F)F,12.6767809,1064
*CC(*)C(=O)OC(C)CCCCCC,11.2218737,1065
*OC(=O)CCCCCC(*)=O,17.5417392,1066
*c1ccc(NC(=O)Nc2ccc(NC(=O)Nc3ccc(-c4nc(-c5ccc([N+](=O)[O-])cc5)[nH]c4*)cc3)cc2)cc1,19.2258376,1067
*CCCCCCCCCCCNC(=O)CCCCCCCCCCCCCCCCCCC(=O)N*,24.48690078,1068
*CCCCCNC(=O)CCCCCCOCCCCCCC(=O)NCCCCCO*,19.41025454,1069
*c1ccc(-c2ccc3c(c2)C(CCCCCCBr)(CCCCCCBr)c2cc(*)ccc2-3)cc1,29.39678289,1070
*CCc1ccc(CCNC(=O)CCCCCCCCCCCCCCCC(=O)N*)cc1,20.56020443,1071
*CCCCCCCCCCC(=O)NCCCCCC(=O)N*,19.36818383,1072
*CCCCCCCCCCCCCCCCCCCCOC(=O)CC(=O)O*,19.41376744,1073
*CC(*)(C)C(=O)OCC(C)(C)C1OCC(C)(C)CO1,10.65097658,1074
*CCCCCCCCC(=O)NCCCCCCNC(=O)CCCCCCCCO*,20.81346955,1075
*CC(*)(C)C(=O)OCC1CCCO1,11.83904224,1076
*/C=C/c1ccc(*)c(-c2c(OCC(CC)CCCC)ccc3cc(-c4ccccc4)ccc23)c1,14.07025714,1077
*CCCCCNC(=O)CCCCCCCCCCCCCCCCC(=O)N*,20.46088256,1078
*CCCCCCCCC(=O)NCCCCCOCCCCCNC(=O)CCCCO*,19.44997486,1079
*Oc1ccc(OC(=O)CCCCCCCCC(*)=O)cc1,23.48222813,1080
*CC(*)c1cccc(N(c2ccc(C)cc2)c2ccc(C)cc2)c1,10.58513595,1081
*CCCCCCCCCCC(=O)NCCCCCOCCCCCNC(=O)CCCO*,22.28109939,1082
*CCCCCCCCCCC(c1ccc(O)cc1)C(*)c1ccc(O)cc1C,16.72244264,1083
*CC(*)C(=O)OCC(C)CC,13.54986722,1084
*CC(*)(C)C(=O)Oc1ccccc1C,13.62318206,1085
*CCCCCCNC(=O)C(CCCCCCCCCCCCCCCCC)C(=O)N*,16.83151528,1086
*CC(*)C(=O)Oc1cccc(C)c1,13.42046484,1087
*/C=C/CCCCCCC(Cl)CCCCCC*,19.54188854,1088
*CCCCCCCCCCCCCCCCCCCCC(*)COCCOCCOCCOCCOCCCCCC,18.76168306,1089
*CC(*)(C)C(=O)OC(F)(C(F)(F)F)C(F)(F)F,15.38423682,1090
*CCCCCCCCCCCCCCNC(=O)NCCCCCCNC(=O)N*,18.42693992,1091
*CCCCCCCCCCCCCCCCCCCCOC(=O)CCCCCC(=O)O*,22.86240687,1092
*C1C(=O)N(c2ccccc2)C(=O)C1*,14.56697254,1093
*CCCCCCCCNC(=O)CCCCCCCCCCCCCCC(=O)N*,21.08607303,1094
*CCCCCCCCCCCCCCC(=O)O*,18.2412139,1095
*CC(*)(Cl)C(=O)OC1CCCCC1,12.33320291,1096
*CCc1ccc(CCNC(=O)CCCCCCCCCCCCCCCCCCCCC(=O)N*)cc1,22.57031329,1097
*CC(*)(C)C(=O)OCC1(C)COCOC1,10.74845321,1098
*CCCCCCCCCCCCCCCCCCCCOC(=O)CCCCSCCCCC(=O)O*,18.71887364,1099
*CC/C=C(/*)C(C)(C)C,13.577310245,1100
*c1cc(*)c(O)c(/C=N/c2ccc(Cl)cc2)c1,13.61558599,1101
*CCOCCOC(=O)CCCCCCCCCCCCCCCCC(=O)O*,23.57437713,1102
*C1C(=O)N(c2ccc(C)cc2)C(=O)C1*,12.83180759,1103
*CC(*)C(=O)OCCCCCCOc1ccc(C(=O)Oc2ccc(C#N)cc2)cc1,13.394951,1104
*/C=C/C(C)(C)C(*)(C)C,15.50648001,1105
*CC(CCCCCCCCCCCCCCCC)C1C(=O)N(CCCCCCCCCCCC)C(=O)C1*,11.65178394,1106
*CC(*)C=C(C)C,12.78661329,1107
*CC(*)(C)C(=O)OCCF,14.10579773,1108
*CC(*)C(=O)N(CCCC)CCCC,10.87629214,1109
*/C=C/c1cc(OCC2CC3CC2C2CCCC32)c(*)cc1OCC1CC2CC1C1CCCC21,17.43472846,1110
*CO*,21.59688826,1111
*CC(*)(C)C(=O)OCC1(C)COC(C)(C)OC1,11.46248639,1112
*c1ccc(N2C(=O)c3ccc(C(=O)c4ccc5c(c4)C(=O)N(c4ccc(-c6nc7cc(-c8ccc9nc(-c%10ccccc%10)c(*)nc9c8)ccc7nc6-c6ccccc6)cc4)C5=O)cc3C2=O)cc1,22.18257973,1113
*CC(*)C(=O)OCCCSCCC#N,12.13020166,1114
*CC(*)C(=O)OC(CCC(CC)CCCC)CC(C)C,10.23167095,1115
*c1ccc(-c2ccc(C(*)(C)C(F)(F)F)cc2)cc1,21.06056085,1116
*CC(*)C(=O)OCCSCC#N,13.88465277,1117
*CC(*)(C)C(=O)OC12CC3CC(C)(CC(C)(C3)C1)C2,10.05911169,1118
*CCCCCCCCCCC(=O)NCc1ccc(CNC(=O)CCCCCCCCCCS*)cc1,21.13686578,1119
*c1ccc(-c2ccc(C(*)(c3ccc(F)cc3)C(F)(F)F)cc2)cc1,20.76961788,1120
*CCCCCCCCCCCSCCCCCCS*,21.98769917,1121
*CC(*)C(=O)OCCCSC,12.36347326,1122
*CC(*)(C)C(=O)OC1CC2CCC1(C)C2(C)C,10.2622674,1123
*CCc1ccc(CCNC(=O)CCCCCCCCCCCCCCCCC(=O)N*)cc1,20.09079341,1124
*CCC1CC(*)C2C3CCC(C3)C12,15.81211052,1125
*CC(*)(C)C(=O)OCCCCCCCCCC,10.58766356,1126
*CC(*)(C)C(=O)OC12CC3CC(CC(C3)C1)C2,10.82663282,1127
*c1ccc(Oc2cccc(Oc3ccc(N4C(=O)c5cccc(Oc6cccc(Oc7cccc8c7C(=O)N(*)C8=O)c6)c5C4=O)cc3)c2)cc1,17.29130819,1128
*Oc1cccc(OC(=O)c2ccc(C(C)(C)c3ccc(C(*)=O)cc3)cc2)c1,21.991583,1129
*c1ccc(-c2cc(-c3ccc(OCCCCCC)cc3)cc(-c3ccc(-c4ccc5c(c4)C(CCCCCC)(CCCCCC)c4cc(*)ccc4-5)cc3)c2-c2ccc(OCCCCCC)cc2)cc1,19.66529502,1130
*CC(*)C(=O)Oc1ccccc1C(C)(C)C,11.30667741,1131
*c1cc(*)c(O)c(/C=N/c2ccc(N3CCOCC3)cc2)c1,15.17923007,1132
*OS(=O)(=O)c1ccc(-c2ccc(S(=O)(=O)Oc3ccc(-c4ccc(*)cc4)cc3)cc2)cc1,23.22098571,1133
*Oc1ccc(S(=O)(=O)c2ccc(Oc3ccc(C(C)(C)c4ccc(*)c(C)c4)cc3C)cc2)cc1,20.44800803,1134
*CCCCCCCCCCCCOC(=O)CCCCCNC(=O)CCCCC(=O)NCCCCCC(=O)O*,19.39078981,1135
*CCCCCCCCCCCCCCCCCCCCOC(=O)CCC(C)CC(=O)O*,19.1607057,1136
*CCCNS(*)(=O)=O,21.72486866,1137
*c1ccc2c(c1)C(CCCCCC)(CCCCCC)c1cc(-c3cc(OCCCCCCCC)c(*)cc3OCCCCCCCC)ccc1-2,18.18381296,1138
*CCCCCCNC(=O)CCCCCCCCCCCCCCC(=O)N*,25.33874374,1139
*CCCCCCCCCCCCCCCCCCCCc1nnc(*)o1,21.82969596,1140
*CCCCCCCCCCC(=O)NCCCCCCNC(=O)CCCO*,20.55029983,1141
*CC(*)(C)C(=O)OC1CC(C)CC(C)(C)C1,10.34521471,1142
*C1CC2C3CCC(C3)C2C1*,12.5969108,1143
*CCCCCCCCCCNC(=O)CCCCCCC(=O)N*,22.25983328,1144
*CC(*)(C)C(=O)Oc1ccc(C(C)(C)C)cc1,11.99542846,1145
*C*,24.4363295,1146
*CCCCCCCCC(=O)NCCCCCCNC(=O)CCCO*,18.75749252,1147
*CC(*)C(=O)OCCC(C)OC,13.18729468,1148
*CC(*)C(=O)NC(C)(C)C,12.90682668,1149
*CCCCOC(=O)CCCCCCCCCCCCCCCCCCCCCCCCCCCCCCCCCCC(=O)O*,25.68405963,1150
*CCCCCCCCCCOC(=O)CCCCCCCCCCCCCCCCC(=O)O*,20.54848101,1151
*CCCCCCCCCCCCCCCCCCCCOC(=O)C(=O)O*,22.92381656,1152
*CC(*)(Cl)C(=O)OC(C)CC,14.79567929,1153
*CC(*)C(=O)Oc1ccccc1Cl,13.82994352,1154
*CCCCCCCCCCCCCCCCCCNC(=O)CCc1ccc(CCC(=O)N*)cc1,21.36882265,1155
*CCCCCCCCCCCCCCNC(=O)CCCCCCCCCCCCCCCCC(=O)N*,21.34846534,1156
*CC(*)C(=O)OCCCCCCCCC,10.93715508,1157
*Oc1ccc(S(=O)(=O)c2ccc(Oc3ccc(C4(c5ccc(*)cc5)c5ccccc5-c5ccccc54)cc3)cc2)cc1,19.41986966,1158
*/C=C/c1cc(CCCCCCCCCCC)c(/C=C/c2ccc(*)cc2)cc1CCCCCCCCCCC,15.68183389,1159
*c1cc(O)c(O)cc1*,13.85120498,1160
*c1ccc(-c2nc3ccc(Oc4ccc5nc(*)c(-c6ccccc6)c(-c6ccccc6)c5c4)cc3c(-c3ccccc3)c2-c2ccccc2)cc1,25.28802464,1161
*CC(O*)c1ccccc1,12.8198381,1162
*CC(*)C(=O)NCCCCCCCCCCCCCCCC,12.35489175,1163
*Nc1ccc(*)cc1OCCCCCCCCCCCCCCCC,14.9826959,1164
*CCCCCCCCCNC(=O)CCCCCCCCCC(=O)N*,25.4839371,1165
*CC(*)c1cc(-c2ccc(C(=O)OC(C)CCCCCC)cc2)ccc1-c1ccc(C(=O)OC(C)CCCCCC)cc1,10.01820949,1166
*/C=C/c1cc(CCCCCCCCCCCC)c(/C=C/c2ccc(*)cc2)cc1CCCCCCCCCCCC,16.18461866,1167
*CCCCCCCCCCCCCCCCCCCCOC(=O)CCCCCCC(=O)O*,20.14069114,1168
*CCCCCCCCCCCCNC(=O)CCCCC(=O)N*,22.08425305,1169
*C1C2CCC(C2)C1*,14.8573309,1170
*CC(*)C(=O)OCC(C)CCC,12.10743643,1171
*CC(*)(C)C(=O)OCCC(C)(C)C,11.4609216,1172
*CC(*)C(=O)NCCCCCC(=O)O,11.78404643,1173
*Oc1ccc(C(C)(C)c2ccc(Oc3ccc(C(=O)Nc4ccc(-c5ccc(NC(=O)c6ccc(*)cc6)cc5C(F)(F)F)c(C(F)(F)F)c4)cc3)cc2)cc1,27.69445684,1174
*CC(*)c1cccc(NC(C)=O)c1,12.26908267,1175
*CC(*)c1ccc(-c2ccc3c(c2)C(CCCCCC)(CCCCCC)c2cc(-c4ccc5c(c4)C(CCCCCC)(CCCCCC)c4ccccc4-5)ccc2-3)cc1,12.74028627,1176
*c1cc(/C=N/c2ccc(C)cc2)c(*)c(OC)c1,24.66422713,1177
*CCCC1CC(=O)N(*)C(=O)C1,17.92550338,1178
*CCC(C(=O)OCC)C(*)C(=O)OCC,17.46362519,1179
*CC(*)(C)C(=O)OC(C)C(C)(C)C,10.99075229,1180
*CCCCCCCCCCOC(=O)CCCCCCCCC(=O)O*,21.56106622,1181
*CCCCCCCCCCNC(=O)CCCCCCCCCCCCCCCCCCCCC(=O)N*,21.19385371,1182
*CCCCCCCCCCCCO*,24.21423422,1183
*CCCCCCNC(=O)CCCCCCCCCCCCC(=O)N*,22.40485025,1184
*CC(*)(C)C(=O)OCCNC(C)(C)C,11.94476747,1185
*CC(*)(C)C(=O)OC(F)(F)C(F)(F)C(F)(F)C(F)(F)C(F)(F)C(F)(F)C(F)(F)C(F)(F)F,12.13515797,1186
*CCCCCCCCCCCCNC(=O)CCCCCCCCCCCCCCCCCCCCC(=O)N*,22.00194528,1187
*CC(*)c1cccc(OC(C)=O)c1,14.19064142,1188
*c1cc(CCCCCCCCCCCCCCC)c(*)s1,16.04613034,1189
*CC(*)C(=O)OCCCSCC,13.79806606,1190
*CCCCCCCCCCCCCCC(=O)N*,23.00931982,1191
*CC(*)C(=O)OCCN(CC)c1ccc(/N=N/c2ccc([N+](=O)[O-])cc2)cc1,12.43938389,1192
*/C=C/CCCCCCCCCC(Cl)CCCCCCCCC*,20.00761368,1193
*CC(*)C(=O)NCCCCCCCCCCCCCC,11.91385451,1194
*CC(*)C(=O)Oc1ccc(C(C)(C)C)cc1,10.3213082,1195
*CCCCCCCCCCCNC(=O)CCCCCCCCC(=O)NCCCCCCCCCCCNC(=O)C(=O)N*,21.31594048,1196
*CCCCCCCCCCCCCCCCCCCCOC(=O)COCC(=O)O*,21.36408001,1197
*c1cc(CCCCCCCCCCCCCC)c(*)s1,16.14848283,1198
*CCCOC(=O)C1CCC(C(=O)O*)CC1,20.95656384,1199
*CCCCCCCCCCCCCCCCCCNC(=O)CCCCCCCCCCC(=O)N*,20.23441523,1200
*c1[nH]c(*)c(CC(=O)OCCCCCCCCCCCC)c1CC(=O)OCCCCCCCCCCCC,11.77651013,1201
*CCCCCCCNC(=O)CCCCCCCCC(=O)N*,20.0736371,1202
*CCCCCCCCCCOCCCCCCCCCCOCCCCO*,21.18686489,1203
*CC(*)c1ccc(-c2ccc3c(c2)C(CCCCCC)(CCCCCC)c2ccccc2-3)cc1,10.82333757,1204
*c1ccc2c(c1)C(CCCCCC)(CCCCCC)c1cc(-c3cc(CCCCCCCC)c(*)cc3CCCCCCCC)ccc1-2,17.51524142,1205
*CC(*)(C)C(=O)OC1CCC(C)CC1,11.80505526,1206
*CCCCCCCCCCCCCCCCOC(=O)CCCCCCCCC(=O)O*,22.06826429,1207
*CCCNC(=O)CCCCCCCCCCCCCCCCCCC(=O)N*,20.46241251,1208
*CC(*)(C)C(=O)OCC(C)(C)C,10.91862442,1209
*CC(*)(Cl)C(=O)OCCC,12.27540357,1210
*Oc1ccc(-c2ccc(-c3cc(-c4ccccc4)c(-c4ccc(-c5ccc(OC(=O)c6ccc(C(*)=O)cc6-c6ccccc6)cc5)cc4)c(-c4ccccc4)c3-c3ccccc3)cc2)cc1,27.63852935,1211
*CCc1ccc(*)s1,25.29233638,1212
*CCCCCCCCCCNC(=O)CCCCCCCCC(=O)NCCCCCCCCCCNC(=O)C(=O)N*,21.885982,1213
*C1CC2CC1C(*)C2CCCCCCCCCC,14.39063477,1214
*Nc1ccc(*)cc1CCCCCCCCCCCCCCC,16.45604164,1215
*CCCCCCCCCCCCCCCCCCCCCCOC(=O)CCC(=O)O*,22.64614546,1216
*CCCCCCCCNC(=O)CCCCCCCC(=O)N*,19.77502946,1217
*CCCCCCCCNC(=O)CCCCCCCCCCC(=O)N*,22.0513884,1218
*CCNC(=O)CCCCCCCCCCCCCCCCC(=O)N*,19.09375808,1219
*CC(*)(C)C(=O)OCCCl,14.37849945,1220
*c1cc(CCCCCCCCCCCCCCCCCC)c(*)s1,14.38765864,1221
*/C=C/CCCCCCCCCC(CCCCCCCCC*)COCCOCCOCCOCCOCCCCCC,16.02209513,1222
*CCCCCCCCCCCCCCCCCCCCOC(=O)CCCC(=O)O*,20.12266872,1223
*CC(*)C(=O)OC(C)CCCCC,11.17976548,1224
*/C=C/C(C(=O)OC(C)C)C(*)C(=O)OC(C)C,13.10146733,1225
*/C=C/c1cc(OCCCCCC)c(*)cc1OC,21.10266717,1226
*CC(*)(C)C(=O)Oc1ccc2ccccc2c1,12.73790543,1227
*CCCCCC(*)CCCCCCCCCCCCCC,14.47745133,1228
*CCC1CCC(*)C1,25.78669657,1229
*c1ccc2ccc3c(*)cc(C#CC=C)c4ccc1c2c34,34.48730282,1230
*CC(*)C(=O)NCCCCCCCC/C=C/CCCCCCCC,12.94376545,1231
*CC(*)C(=O)OCCCCSC,12.27513461,1232
*CCCCCCCCCCCCOC(=O)CCCCC(=O)O*,19.57740116,1233
*CCCCCCCCCCNC(=O)CCCCCCCCCCCC(=O)N*,24.40781229,1234
*/C=C(/*)CCCCCCCCCCCCCCCCCCCCC(=O)O,14.07855526,1235
*OC(*)CCC#N,13.31406094,1236
*CCCCCCCNC(=O)CCCCCCCCCCCCCCCCCCC(=O)N*,21.54347658,1237
*Oc1ccc(C2(c3ccc(OC(*)=O)cc3)CC3CCC2C3)cc1,20.59461102,1238
*CCCCCCCCCCCCCCOC(=O)CCCCC(=O)O*,21.38435354,1239
*CC(*)CCC(C)C,12.17429097,1240
*Oc1cccc(NC(=O)CCCCCCCCCCC(=O)Nc2ccc(*)cc2)c1,21.51389258,1241
*CC(*)(C)C(=O)Oc1ccc(C)cc1C,12.26970455,1242
*CCCCCCCCCCCCCCNC(=O)CCCCCCCCC(=O)N*,18.81872143,1243
*CCCCCCCCCCCCOC(=O)CCCCCCC(=O)O*,19.58490022,1244
*CC(*)C(=O)OCCC(C)C,11.86917301,1245
*Sc1c(C)cc(*)cc1C,18.9131789,1246
*=C=C=C(CCCCOC(=O)Nc1ccccc1)C(=*)CCCCOC(=O)Nc1ccccc1,15.55466977,1247
*CC(*)(C#N)C(=O)OC,17.02409485,1248
*CCCCCCCCCCC(Cl)C(*)Cl,22.70085055,1249
*/C=C/c1cc(OCCCCCCCC)c(*)cc1OC,17.48153992,1250
*CCc1c(Cl)c(Cl)c(*)c(Cl)c1Cl,22.58883992,1251
*CC(*)(C#N)C(=O)OCCCCCC,12.966416,1252
*Oc1ccc(NC(=O)CCCCCCCCCC(=O)Nc2ccc(*)cc2)cc1,27.22066116,1253
*OC1CCCCC1*,14.6102827,1254
*CCNC(=O)CCCCCCCCC(=O)N*,16.962466,1255
*C1C=CC(*)C1,18.92440401,1256
*CC(*)C(=O)OC(C)CC(C)C,11.11375504,1257
*CCCCCCCCCCC(=O)NCCCCCOCCCCCNC(=O)CCCCO*,19.75537697,1258
*CC(*)C(=O)OC12CC3CC(C)(CC(C)(C3)C1)C2,9.767195327,1259
*CCCCCCCCCCCCCCc1ccc(-c2c(-c3ccccc3)cc(-c3ccc(-c4cc(-c5ccccc5)c(-c5ccc(*)cc5)c(-c5ccccc5)c4-c4ccccc4)cc3)c(-c3ccccc3)c2-c2ccccc2)cc1,20.47027569,1260
*CCCCCCCCCCOCCCCCCOCCCCCCO*,21.78044662,1261
*C(=O)N(*)CCCCCCCCCCCCCCCCCC,12.57201307,1262
*CC(*)(C)C(=O)OC(C)C(F)(F)F,13.75326334,1263
*CC/C=C(/*)CCCCCCCCCC,13.05800565,1264
*/C=C/c1cc(OCCCCCCCCCCCCCCCC)c(/C=C/c2ccc(*)cc2)cc1OCCCCCCCCCCCCCCCC,15.92222857,1265
*/C=C/c1cc(OCCCCCCCCCCCC)c(*)cc1OC,20.35612021,1266
*CCCCCNC(=O)CCCCCCCCCCCC(=O)N*,21.69094086,1267
*CC(*)c1ccc(O)c(OC)c1,14.62592281,1268
*CC(*)OC(=O)CCCCCCCCCCCCCCCCC,12.48057398,1269
*c1ccc(-c2ccc(-c3ccc(C(*)(CC)C(F)(F)F)cc3)cc2)cc1,22.38019563,1270
*CCCCCCCCCCCCCCNC(=O)CCCCCCCCCCC(=O)N*,23.16076788,1271
*/C=C/c1ccc(*)c(-c2cc(OCCC(C)C)c(OCCC(C)C)cc2-c2ccc(OC)cc2)c1,17.48157569,1272
*c1c(-c2ccccc2)c(-c2ccccc2)c(*)c2cc(C3(c4ccc(C#Cc5ccccc5)c(C#Cc5ccccc5)c4)c4ccccc4-c4ccccc43)ccc12,11.54976157,1273
*CC(*)C(=O)N(C)c1ccccc1,11.67331343,1274
*CC(*)(C)C(=O)OC(F)(C(F)(F)F)C(F)(F)Cl,14.48982121,1275
*CC(*)OC(=O)CCCCCCCCCCCCCCC,12.0896889,1276
*CC(*)C(=O)NCCCC,11.69729541,1277
*CCCCCCCCCCCCCCNC(=O)CCCCCCCCCCCCCCCCCCCCC(=O)N*,21.89554378,1278
*CC(*)(C)C(=O)OCCCCC,11.58525278,1279
*CC(CCl)(CCl)O*,14.62361719,1280
*CC(*)(CC(=O)Oc1ccccc1C)C(=O)Oc1ccccc1C,11.34414762,1281
*CCCCCCCCCNC(=O)CCCCCCCC(=O)N*,22.95997032,1282
*CCCCCCCCCCCCCCCCCCCCC(*)Cl,22.5555845,1283
*c1cccc(*)c1,20.5902314,1284
*CC(C)(C)O*,13.695157,1285
*CC(*)C(=O)OCCSC,15.7280871,1286
*CCCCCCCCNC(=O)CCCCCCCCCCCCCCCCC(=O)N*,21.13049646,1287
*c1nc(-c2ccccc2)nc(N(c2ccccc2)c2ncnc(N(*)c3ccccc3)n2)n1,15.96371163,1288
*c1cc(CCCCCCCCCCCC)c(*)cc1CCCCCCCCCCCC,11.74161872,1289
*CCCCCCCCCCCCCNC(=O)CCCCCCCCCCCC(=O)N*,22.20373128,1290
*Oc1ccc(C(C)(C)c2ccc(OC(=O)CN(CC(*)=O)c3ccc(/N=N/c4ccc([N+](=O)[O-])cc4)cc3)cc2)cc1,16.76101041,1291
*c1cc(CCCCCCCCCCCCCCCC)c(*)[nH]1,14.71408344,1292
*CC(*)C(=O)N(C(C)C)C(C)C,11.58798505,1293
*Cc1ccc(CNC(=O)CCCCCCCCCCCCCCCCC(=O)N*)cc1,19.70952259,1294
*CCCCCCCCCCNC(=O)CCCCCCCCCCCCCCCCCCC(=O)N*,24.81577292,1295
*CCCCCCCCCCCCCCCCCCCCCCOC(=O)CCCCC(=O)O*,19.43446517,1296
*CCC([2H])C(*)([2H])C,19.33954208,1297
*CC(*)(C#N)C(=O)OCC,15.74241811,1298
*CCCCCCNC(=O)C(CCCCCCCCCCCCCCCC)C(=O)N*,13.96037752,1299
*CCN(*)C(=O)CCCCCCCCCCCCCCCCC,12.96507874,1300
*c1ccc(-c2ccc(C(*)(C)C)cc2)cc1,21.2582938,1301
*CC(*)C(=O)NCCCCCCCCCCCCCCCCCC,12.90114502,1302
*CCCCCCC(=O)NCCCCCCNC(=O)CCCCCCO*,21.61972619,1303
*CC(*)C(=O)NCCCCCCCCCCCC,11.87004823,1304
*CCCCCCNC(=O)CCCCCCCCCCCCCCCCC(=O)N*,20.51606091,1305
*CC(*)(C)C(=O)OC1CCCCC1C,10.922036,1306
*/C=C/c1cc(OCC(CC)CCCC)c(*)cc1-c1ccc(F)c(C(F)(F)F)c1,22.21132757,1307
*CCCCCCCCCCCCCCC(*)Cl,21.91642918,1308
*CC(*)C(=O)Oc1ccc(Cl)cc1,14.07962276,1309
*CCCCCCCCCCCCCCCCCCNC(=O)CCCCCCCCCCCCCCCCC(=O)N*,22.40951609,1310
*CCC/C=C(/*)c1ccc(Cl)cc1,16.28575806,1311
*CCCCCCCCCCCCCCCCCCOCO*,20.46039767,1312
*c1ccc(-c2sc(-c3cc(CCCCCCCCCCCC)c(*)s3)cc2CCCCCCCCCCCC)cc1,19.30135388,1313
*CCCCCCCCCCNC(=O)CCCCCCCCC(=O)N*,22.1235356,1314
*CCCCNC(=O)CCCCCCCCCCCCCCC(=O)N*,22.41096002,1315
*CCCCCCCCCNC(=O)CCCCCCCCC(=O)NCCCCCCCCCNC(=O)C(=O)N*,18.37068887,1316
*CCC(*)=O,22.19638383,1317
*/C=C/CCCCCCCC*,19.34707652,1318
*SC(*)(F)F,24.17920498,1319
*CC(*)c1ccc(S(=O)(=O)O)cc1,14.50652497,1320
*c1ccc(C(C)(C)c2ccc(-n3c(=O)c4cc5c(=O)n(*)c(=O)c5cc4c3=O)cc2)cc1,25.11101976,1321
*/C=C/c1ccc(*)c(-c2cc(OCC(CC)CCCC)c(-c3ccccc3)cc2OCC(CC)CCCC)c1,13.74155321,1322
*c1ccc(C2C(C(=O)OCC)C(*)C2C(=O)OCC)cc1,16.56532099,1323
*CC(*)(Cl)C(=O)OCC,16.552184,1324
*CCN(*)C(=O)CCCCCCCCCCCCCCC,12.67666102,1325
*CCCC(=O)NCc1ccc(CNC(=O)CCCO*)cc1,20.18778178,1326
*Oc1ccc(C2(c3ccc(OC(*)=O)cc3)CC(C)CC(C)(C)C2)cc1,17.75581966,1327
