SMILES,Rg,id,Source
*Oc1ccc(S(=O)(=O)c2ccc(Oc3ccc(C(=O)c4cccc(C(=O)c5ccc(*)cc5)c4)cc3)cc2)cc1,21.67035495,0,external
*Oc1ccc(C(C#N)(c2ccccc2)c2ccc(OC(*)=O)cc2)cc1,20.87255044,1,external
*c1ccc(Oc2ccc(C3(c4ccc(Oc5ccc(N6C(=O)c7ccc(Oc8ccc(C9(c%10ccc(Oc%11ccc%12c(c%11)C(=O)N(*)C%12=O)cc%10)CCCCCCCCCCC9)cc8)cc7C6=O)cc5)cc4)C4CC5CC(C4)CC3C5)cc2)cc1,22.08529982,2,external
*CC(*)(CC(=O)OCC1CCCCC1)C(=O)OCC1CCCCC1,11.11893161,3,external
*c1ccc(Oc2cc3ccccc3cc2Oc2ccc(N3C(=O)c4ccc(S(=O)(=O)c5ccc6c(c5)C(=O)N(*)C6=O)cc4C3=O)cc2)cc1,22.01939676,4,external
*CCCCOC(=O)c1ccc(C(=O)O*)cc1,21.91826774,5,external
*C(=O)c1ccc2c(c1)C(=O)N(c1cccc(C(=O)N(C)c3ccc(N4C(=O)c5ccc(*)cc5C4=O)cc3)c1)C2=O,21.03114746,6,external
*Oc1ccc2c(c1)C1(CC2(C)C)CC(C)(C)c2ccc(OC(=O)c3ccc(C(*)=O)cc3)cc21,17.254974269999998,7,internal
*CC*,22.52882969,8,external
*C=CCCCCCC*,20.5890575,9,external
*CC(*)Cl,21.419742315,10,internal
*CCOc1ccc(C(=O)OCCOC(=O)c2ccc(O*)cc2)cc1,21.1446178,11,external
*c1ccc2c(c1)C(=O)N(c1cccc(S(=O)(=O)c3cccc(N4C(=O)c5ccc(C(*)(C(F)(F)F)C(F)(F)F)cc5C4=O)c3)c1)C2=O,20.89638432,12,external
*c1ccc2c(c1)C(=O)N(c1ccc(C(c3ccc(N4C(=O)c5ccc(C(*)(C(F)(F)F)C(F)(F)F)cc5C4=O)cc3)(C(F)(F)F)C(F)(F)F)cc1)C2=O,20.98100887,13,external
*c1cccc(S(=O)(=O)c2cccc(N3C(=O)c4ccc(Oc5ccc(S(=O)(=O)c6ccc(Oc7ccc8c(c7)C(=O)N(*)C8=O)cc6)cc5)cc4C3=O)c2)c1,21.97903365,14,external
*CC/C=C(\*)Cl,20.03932556,15,external
*c1ccc(Oc2ccc(N3C(=O)c4cccc(Oc5cccc6c5C(=O)N(*)C6=O)c4C3=O)cc2)cc1,21.13399487,16,external
*CCCCCCOC(=O)CCCCCCCCC(=O)O*,20.55517675,17,external
*CCOC(=O)c1ccc(C(=O)O*)c2ccccc12,20.47352108,18,external
*c1cccc(N2C(=O)c3ccc(-c4cccc5c4C(=O)N(*)C5=O)cc3C2=O)c1,20.91558197,19,external
*c1ccc(Oc2ccc(C3(c4ccc(Oc5ccc(N6C(=O)c7ccc(Oc8ccc(C9(c%10ccc(Oc%11ccc%12c(c%11)C(=O)N(*)C%12=O)cc%10)CCC(c%10ccccc%10)CC9)cc8)cc7C6=O)cc5)cc4)CC4CC3C3CCCC43)cc2)cc1,22.13342552,20,external
*Oc1ccc(C(C)(C)c2ccc(OC(=O)Sc3ccc(C(C)(C)c4ccc(SC(*)=O)cc4)cc3)cc2)cc1,19.72629422,21,external
*c1ccc(Sc2ccc(Sc3ccc(Sc4ccc(-n5c(=O)c6cc7c(=O)n(*)c(=O)c7cc6c5=O)cc4)cc3)cc2)cc1,24.56371182,22,external
*CCOCCOC(=O)c1cccc(C(=O)O*)c1,21.09386476,23,external
*CCCCCCCC(=O)N*,21.36039859,24,external
*CCCCCCOC(=O)CCCCCCCC(=O)O*,20.88840996,25,external
*CCCCCCCCCCCNC(=O)CCCCC(=O)N*,21.46189616,26,internal
*CC(*)O,22.573392755,27,internal
*c1ccc(Oc2cc(C(C)(C)C)ccc2Oc2ccc(-n3c(=O)c4cc5c(=O)n(*)c(=O)c5cc4c3=O)cc2)cc1,21.54485112,28,external
*Oc1ccc(C2(c3ccc(OC(*)=O)cc3)CCCC2)cc1,20.3659333,29,external
*Sc1ccc(Cc2ccc(SC(*)=O)cc2)cc1,21.95448265,30,external
*CC1CCC(COC(=O)CCCCCCCCC(=O)O*)CC1,21.40859889,31,external
*Oc1ccc(C(c2ccccc2)(c2ccccc2)c2ccc(OC(=O)c3cccc(C(*)=O)c3)cc2)cc1,20.23418917,32,external
*/C=C\CCC*,19.41179187,33,external
*NC(=O)NCCCCCCNC(=O)NCCCCC(*)C(=O)OC,19.44890196,34,external
*c1ccc2c(c1)C(=O)N(c1cccc(Oc3ccc(S(=O)(=O)c4ccc(Oc5cccc(N6C(=O)c7ccc(C(*)(C(F)(F)F)C(F)(F)F)cc7C6=O)c5)cc4)cc3)c1)C2=O,21.75683334,35,external
*CCOC(=O)c1cccc2c(C(=O)O*)cccc12,19.7972434,36,external
*c1cc(C(c2ccc(O)c(N3C(=O)c4ccc(Oc5ccc6c(c5)C(=O)N(*)C6=O)cc4C3=O)c2)(C(F)(F)F)C(F)(F)F)ccc1O,20.84487443,37,external
*Oc1ccc(S(=O)(=O)c2ccc(Oc3c(C)cc(C(C)(C)c4cc(C)c(*)c(C)c4)cc3C)cc2C(O)(C(F)(F)F)C(F)(F)F)c(C(O)(C(F)(F)F)C(F)(F)F)c1,19.45698714,38,external
*Oc1c(C)cc(C(C)(C)c2cc(C)c(ON3C(=O)c4ccc(Oc5ccc(C6(c7ccc(Oc8ccc9c(c8)C(=O)N(*)C9=O)cc7)CCC(C(C)(C)C)CC6)cc5)cc4C3=O)c(C)c2)cc1C,19.95338783,39,external
*c1ccc(Oc2cccc(N3C(=O)c4ccc(-c5cccc6c5C(=O)N(*)C6=O)cc4C3=O)c2)cc1,21.83562994,40,external
*c1cccc(S(=O)(=O)NCCCCCCNS(*)(=O)=O)c1,19.72799097,41,external
*CC(*)(CC(=O)OCCCC1CCCCC1)C(=O)OCCCC1CCCCC1,11.12507079,42,external
*C(C)C(*)C,19.769244,43,external
*Oc1ccc(C2(c3ccc(OC(*)=O)cc3)CCCCC2)cc1,20.23173532,44,external
*CCCCCCCCOC(=O)c1cccc(C(=O)O*)c1,20.71510537,45,external
*Oc1ccc(-c2ccc(OC(=O)CCCCCCCCCCCCC(*)=O)cc2)cc1,21.23825618,46,external
*c1cccc(Oc2cccc(Oc3cccc(-n4c(=O)c5cc6c(=O)n(*)c(=O)c6cc5c4=O)c3)c2)c1,23.18124192,47,external
*CCCCCCOC(=O)CCCCCNC(=O)CCCCC(=O)NCCCCCC(=O)O*,20.42495944,48,external
*Oc1ccc(S(=O)(=O)c2ccc(Oc3ccc(C(=O)c4cc(C(=O)c5ccc(*)cc5)cc(C(C)(C)C)c4)cc3)cc2)cc1,20.59565861,49,external
*CCCCCCCCCCOC(=O)c1ccc(C(=O)NCCNC(=O)c2ccc(C(=O)O*)cc2)cc1,21.72626814,50,external
*CCCCOC(=O)c1ccc2cc(C(=O)O*)ccc2c1,21.37913238,51,external
*/C=C/C(C*)OC,18.49301213,52,external
*CCCCCCCCNC(=O)CCCCCCCCC(=O)N*,21.1064287,53,external
*CC(*)(CC(=O)OCCCCCCCCC)C(=O)OCCCCCCCCC,11.78546257,54,external
*C(=O)c1ccc2c(c1)C(=O)N(c1cccc(C(=O)c3cccc(N4C(=O)c5ccc(*)cc5C4=O)c3)c1)C2=O,22.07671919,55,external
*CCCCCCN1C(=O)c2ccc(C(c3ccc4c(c3)C(=O)N(*)C4=O)(C(F)(F)F)C(F)(F)F)cc2C1=O,21.88584092,56,external
*Oc1ccc(NC(=O)c2cc(C(c3ccc(C(=O)O)c(C(=O)Nc4ccc(Oc5ccc(C(c6ccc(*)cc6)(C(F)(F)F)C(F)(F)F)cc5)cc4)c3)(C(F)(F)F)C(F)(F)F)ccc2C(=O)O)cc1,21.43355827,57,external
*CC(*)SCCCC,14.65968007,58,external
*CCCC(=O)N*,19.87055834,59,external
*CCC=C(*)Cl,19.63529215,60,external
*Oc1ccc(NC(=O)c2ccc(C(c3ccc(C(=O)O)c(C(=O)Nc4cc(*)ccc4N)c3)(C(F)(F)F)C(F)(F)F)cc2C(=O)O)c(N)c1,20.56712429,61,external
*CC(*)(CC(=O)OCCC1CCCCC1)C(=O)OCCC1CCCCC1,11.63447878,62,external
*CCOC(=O)C1CCC(C(=O)O*)CC1,18.94272389,63,external
*CCCCCCCCC(=O)N*,21.56839033,64,external
*c1cccc(-c2nc3cc(-c4ccc5nc(*)c(-c6ccccc6)nc5c4)ccc3nc2-c2ccccc2)c1,21.51675846,65,external
*Oc1ccc(-c2ccc(OC(=O)CCCCCCCCCC(*)=O)cc2)cc1,22.72513131,66,external
*C(F)C(*)(F)F,22.28822049,67,external
*/C=C\CCCCC*,20.47395209,68,external
*CC(*)P(=O)(c1ccccc1)c1ccccc1,15.04474841,69,external
*c1ccc(-c2nc3cc(-c4ccc5nc(-c6ccccc6)c(*)nc5c4)ccc3nc2-c2ccccc2)cc1,22.65081935,70,external
*Oc1ccc(S(=O)(=O)c2ccc(Oc3ccc(C(C)(C)c4ccc(*)c(C(OC)(C(F)(F)F)C(F)(F)F)c4)cc3C(OC)(C(F)(F)F)C(F)(F)F)cc2)cc1,18.77836882,71,external
*C(=O)c1ccc2c(c1)C(=O)N(c1cccc(OCCOCCOc3cccc(N4C(=O)c5ccc(*)cc5C4=O)c3)c1)C2=O,22.2848572,72,external
*CCOC(=O)CCC(=O)O*,20.40812175,73,external
*c1ccc(Oc2ccc(C(=O)c3ccc(Oc4ccc(C5(*)OC(=O)c6ccccc65)cc4)cc3)cc2)cc1,20.42568028,74,external
*c1ccc(Oc2ccccc2Oc2ccc(-n3c(=O)c4cc5c(=O)n(*)c(=O)c5cc4c3=O)cc2)cc1,24.34829106,75,external
*CC(=C)COCC(=C)COC(=O)O*,19.96389759,76,external
*/C=C\CC*,20.39705577,77,external
*c1ccc(C(C)(C)c2ccc(C(C)(C)c3ccc(N4C(=O)c5ccc(Oc6ccc7c(c6)C(=O)N(*)C7=O)cc5C4=O)cc3)cc2)cc1,21.40479616,78,external
*Sc1ccc(*)cc1,21.25457967,79,internal
*c1ccc(Oc2ccc(C(c3ccc(Oc4ccc(N5C(=O)c6ccc(Oc7ccccc7Oc7ccc8c(c7)C(=O)N(*)C8=O)cc6C5=O)cc4C(F)(F)F)cc3)(C(F)(F)F)C(F)(F)F)cc2)c(C(F)(F)F)c1,21.61668503,80,external
*Cc1cc(*)c(O)cc1C,17.14107103,81,external
*c1ccc(Oc2cccc(Oc3ccc(N4C(=O)c5ccc(-c6cccc7c6C(=O)N(*)C7=O)cc5C4=O)cc3)c2)cc1,22.13429822,82,external
*Oc1ccc(C(c2ccc(Oc3ccc(C(=O)c4cccc(C(=O)c5ccc(*)cc5)c4)cc3)cc2)(C(F)(F)F)C(F)(F)F)cc1,21.87025736,83,external
*C(=O)c1ccc2c(c1)C(=O)N(c1cccc(C(=O)Nc3cccc(N4C(=O)c5ccc(*)cc5C4=O)c3)c1)C2=O,21.96893169,84,external
*Oc1ccc(S(=O)(=O)c2ccc(Oc3ccc(C(C)(C)c4ccc(*)cc4)cc3)c([N+](=O)[O-])c2)cc1[N+](=O)[O-],20.9479955,85,external
*Oc1ccc(C2(c3ccc(OC(=O)c4cccc(C(*)=O)c4)cc3)c3ccccc3-c3ccccc32)cc1,21.22118718,86,external
*CC(*)(CC(=O)Oc1ccc(OCCCCCCC)cc1)C(=O)Oc1ccc(OCCCCCCC)cc1,12.12779736,87,external
*CCCCCCCCCCCCC(=O)N*,22.28216004,88,external
*c1ccc2c(c1)-c1nc3cc(Oc4ccc5c(c4)nc4n5C(=O)c5cc(C(*)(C(F)(F)F)C(F)(F)F)ccc5-4)ccc3n1C2=O,23.50663006,89,external
*Oc1ccc(S(=O)(=O)c2ccc(Oc3ccc(C(=O)c4cc(I)cc(C(=O)c5ccc(*)cc5)c4)cc3)cc2)cc1,22.6834949,90,external
*c1ccc2c(c1)C(=O)N(c1cc(N3C(=O)c4ccc(C(*)(C(F)(F)F)C(F)(F)F)cc4C3=O)ccc1C)C2=O,21.20223784,91,external
*CCCCNC(=O)CCCCCCCCC(=O)N*,21.00511312,92,external
*CCOC(=O)c1ccc(C(=O)O*)cc1,21.6689472,93,external
*c1ccc(Oc2ccc(N3C(=O)c4ccc(-c5cccc6c5C(=O)N(*)C6=O)cc4C3=O)cc2)cc1,22.22798133,94,external
*CC(CCl)O*,18.49280872,95,external
*CCCCCCCCCCCC(=O)N*,21.83160656,96,internal
*CCCCCCCCCCCCNC(=O)CCCCCCCCCCC(=O)N*,20.14247518,97,external
*c1ccc2c(c1)-c1cc(-c3nc4cc(-c5ccc6[nH]c(*)nc6c5)ccc4[nH]3)ccc1S2(=O)=O,22.43049231,98,external
*C(=O)c1ccc2c(c1)C(=O)N(c1ccc(C3(c4ccc(N5C(=O)c6ccc(*)cc6C5=O)cc4)c4ccccc4-c4ccccc43)cc1)C2=O,23.42529212,99,external
*Oc1cccc(CCCCCCCCCCc2cccc(OC(*)=O)c2)c1,20.60450522,100,external
*C(=O)Nc1ccc(C2(c3ccc(NC(=O)c4ccc5c(c4)C(=O)N(c4ccc(Sc6ccc(Oc7ccc(Sc8ccc(N9C(=O)c%10ccc(*)cc%10C9=O)cc8)cc7)cc6)cc4)C5=O)cc3)c3ccccc3-c3ccccc32)cc1,23.76085133,101,external
*CC(*)P(=O)(OCC)N(C)C,15.14797137,102,external
*CCCCCOC(=O)c1ccc2cc(C(=O)O*)ccc2c1,22.04085291,103,external
*Oc1cccc(Oc2cccc(*)c2)c1C#N,18.74259643,104,external
*c1ccc(Oc2ccc(Oc3ccc(N4C(=O)c5cccc(Oc6cccc7c6C(=O)N(*)C7=O)c5C4=O)cc3)cc2)cc1,22.30349945,105,external
*CC(*)C(=O)OCC(F)(F)F,17.41967846,106,external
*CC(*)(Cl)Cl,22.97672238,107,external
*CC(*)c1ccc(COCCC)cc1,12.58385702,108,external
*CCCCCCNC(=O)c1ccc(C(=O)N*)cc1,21.67746504,109,external
*c1ccc(Sc2ccc3c(c2)Sc2ccc(Sc4ccc(-n5c(=O)c6cc7c(=O)n(*)c(=O)c7cc6c5=O)cc4)cc2S3)cc1,25.46175106,110,external
*CCCCCCNC(=O)CCCCCCCCC(=O)N*,21.70108472,111,external
*CCCCOC(=O)CCC(=O)O*,19.85275311,112,external
*c1ccc(Oc2ccc(N3C(=O)c4ccc(Oc5ccc(C6(c7ccc(Oc8ccc9c(c8)C(=O)N(*)C9=O)cc7)CCC(c7ccccc7)CC6)cc5)cc4C3=O)cc2)cc1,21.18749891,113,external
*CCCCCCCCCn1c(=O)c2cc3c(=O)n(*)c(=O)c3cc2c1=O,22.61205794,114,external
*CC(*)OC(=O)CC1CCCCC1,12.23054725,115,external
*CCOC(=O)c1cccc(C(=O)O*)c1,19.62141303,116,external
*CC(*)C(N)=O,17.78837154,117,external
*Oc1ccc(C(C)(CCC#N)c2ccc(OC(*)=O)cc2)cc1,20.80839425,118,external
*Oc1ccc(-c2ccc(OC(=O)CCCCCCCCCCC(*)=O)cc2)cc1,20.78588244,119,external
*Oc1ccc(S(=O)(=O)c2ccc(Oc3ccc(C(C)(C)c4ccc(*)cc4)cc3[N+](=O)[O-])cc2)cc1,21.49192852,120,external
*CCOC(=O)c1ccc2ccc(C(=O)O*)cc2c1,21.80855916,121,external
*c1ccc2c(c1)C(=O)N(c1ccc(C(c3ccc(C)c(N4C(=O)c5ccc(C(*)(C(F)(F)F)C(F)(F)F)cc5C4=O)c3)(C(F)(F)F)C(F)(F)F)cc1C)C2=O,20.44943566,122,external
*C(=O)c1ccc2c(c1)C(=O)N(c1ccc(Oc3ccc(C(=O)c4cccc(C(=O)c5ccc(Oc6ccc(N7C(=O)c8ccc(*)cc8C7=O)cc6)cc5)c4)cc3)cc1)C2=O,23.71423927,123,internal
*CC(*)C(=O)Oc1ccccc1C(=O)OCC,13.19656261,124,external
*Oc1ccc(C(CCC)(CCC)c2ccc(OC(*)=O)c(C)c2)cc1C,18.28808431,125,external
*CCCCCCCCCC(=O)N*,22.00464482,126,external
*CC(*)(F)F,20.87421955,127,external
*C1CCC(CC2CCC(N3C(=O)C4C5C=CC(C6C(=O)N(*)C(=O)C56)C4C3=O)CC2)CC1,22.94222947,128,external
*c1cccc(Oc2cccc(Oc3cccc(N4C(=O)c5ccc(-c6cccc7c6C(=O)N(*)C7=O)cc5C4=O)c3)c2)c1,20.36775118,129,external
*CC(*)C(C)=O,17.533847195,130,internal
*Oc1c(Cl)cc(C(C)(C)c2cc(Cl)c(OC(*)=O)c(Cl)c2)cc1Cl,21.37007538,131,external
*CCCCOC(=O)CCCCC(=O)O*,20.723239,132,external
*CCCCCCNC(=O)c1cccc(C(=O)N*)c1,19.45528525,133,external
*Oc1cccc(S(=O)(=O)c2ccc(*)cc2)c1,20.49677924,134,external
*CCCCCCOC(=O)c1ccc(C(=O)O*)cc1,22.11416293,135,external
*Oc1ccc(S(=O)(=O)c2ccc(Oc3ccc(Cc4ccc(*)cc4)cc3)cc2)cc1,22.493693265,136,internal
*CCC=C(*)CCC,16.62491893,137,external
*C=CCCCCCCCCCC*,22.18283972,138,external
*Oc1ccc(S(=O)(=O)c2ccc(Oc3ccc(C(c4ccc(*)cc4)(C(F)(F)F)C(F)(F)F)cc3)cc2)cc1,21.28766673,139,external
*CCCCCC(=O)N*,21.10708512,140,external
*c1ccc(Oc2ccc(C3(c4ccc(Oc5ccc(N6C(=O)c7ccc(Oc8ccccc8Oc8ccc9c(c8)C(=O)N(*)C9=O)cc7C6=O)cc5C(F)(F)F)cc4)c4ccccc4-c4ccccc43)cc2)c(C(F)(F)F)c1,21.69502851,141,external
*CC1CCC(COC(=O)CCC(=O)O*)CC1,18.87922116,142,external
*CC(*)C=O,19.7118284,143,internal
*Oc1ccc(C(c2ccccc2)(c2ccccc2)c2ccc(OC(*)=O)cc2)cc1,19.72117199,144,external
*Oc1ccc2[nH]c(-c3ccc4sc5ccc(-c6nc7cc(*)ccc7[nH]6)cc5c4c3)nc2c1,22.21061362,145,external
*CC(*)c1ccc(C(O)CCN2CCCCC2)cc1,12.6922634,146,external
*c1ccc2c(c1)-c1nc3cc(Oc4ccc5nc6n(c5c4)C(=O)c4cc(C(*)(C(F)(F)F)C(F)(F)F)ccc4-6)ccc3n1C2=O,21.31013215,147,external
*CC(*)(CC(=O)OC1CCCCC1)C(=O)OC1CCCCC1,10.20726386,148,internal
*C(=O)c1ccc2c(c1)C(=O)N(c1ccc(Oc3cc4ccccc4cc3Oc3ccc(N4C(=O)c5ccc(*)cc5C4=O)cc3)cc1)C2=O,22.39195154,149,external
*CC(C)C(*)(C)C,17.17860438,150,external
*CC(*)c1ccc(F)cc1,16.35106605,151,internal
*c1ccc2c(c1)-c1nc3cc(-c4ccc5nc6n(c5c4)C(=O)c4cc(C(*)(C(F)(F)F)C(F)(F)F)ccc4-6)ccc3n1C2=O,24.41433635,152,external
*CCCCOC(=O)NCC(F)(F)C(F)(F)C(F)(F)C(F)(F)CNC(=O)O*,21.70723151,153,external
*CC(*)SC,18.25753526,154,external
*CC(*)(CC(=O)OCCCCCCCC)C(=O)OCCCCCCCC,11.99034433,155,external
*CC(*)(C)C,17.01444077,156,external
*c1ccc(Oc2c(C)cc(Cc3cc(C)c(Oc4ccc(-n5c(=O)c6cc7c(=O)n(*)c(=O)c7cc6c5=O)cc4)c(C)c3)cc2C)cc1,21.38140875,157,external
*CCC=C(*)CCCCCCC,14.82336082,158,external
*C=CC(C*)OC,19.18540535,159,external
*CCCCCCNC(=O)Cc1ccc(C(=O)N*)cc1,21.82867105,160,external
*CC(*)OCC(F)(F)F,17.93910128,161,external
*CCCCCCCCCCC(=O)N*,22.4146759,162,external
*CCC=C(*)C,17.45895747,163,external
*Oc1ccc(Oc2ccc(C(=O)c3ccc(C(=O)c4ccc(*)cc4)c4ccccc34)cc2)cc1,22.43965248,164,external
*c1ccc2c(c1)C(=O)N(c1ccc(Sc3ccc(Oc4ccc(Sc5ccc(N6C(=O)c7ccc(C(*)(C(F)(F)F)C(F)(F)F)cc7C6=O)cc5)cc4)cc3)cc1)C2=O,22.78928372,165,external
*CCCS(=O)(=O)c1ccc(/N=N/c2ccc(N(CCCC)CC(=O)O*)cc2)cc1,19.63779085,166,external
*CC(*)C(=O)Oc1ccc(C(=O)OC)cc1,13.6680908,167,external
*C(*)C(=O)OCCC,15.96646564,168,external
*CCCCCCOC(=O)c1ccc2cc(C(=O)O*)ccc2c1,22.59328915,169,external
*CC(OC)C(C(=O)O)C(*)C(=O)O,19.12296171,170,external
*Oc1ccc(S(=O)(=O)c2ccc(Oc3ccc(-c4ccc(*)cc4)cc3)cc2)cc1,22.7025797,171,internal
*CCCCCCCCCNC(=O)c1ccc(C(=O)N*)cc1,22.4369738,172,external
*Cc1cccc(COC(=O)Nc2ccc(Cc3ccc(NC(=O)O*)cc3)cc2)c1,22.53831216,173,external
*CCCCCCCCCSC(=O)S*,22.92610472,174,external
*c1ccc2c(c1)C(=O)N(c1cccc(Oc3cccc(Oc4cccc(N5C(=O)c6ccc(C(*)(C(F)(F)F)C(F)(F)F)cc6C5=O)c4)c3)c1)C2=O,19.73092575,175,external
*Oc1ccc(C(C)(C)c2ccc(OC(=O)SCCCSC(*)=O)cc2)cc1,20.5297515,176,external
*N=P(*)(OCC(F)(F)F)OCC(F)(F)F,18.02916632,177,external
*C(=O)c1ccc2c(c1)C(=O)N(c1cc(C(c3ccc(O)c(N4C(=O)c5ccc(*)cc5C4=O)c3)(C(F)(F)F)C(F)(F)F)ccc1O)C2=O,22.17545031,178,external
*CC(*)c1ccc(C(C)CC)cc1,12.82216991,179,external
*c1ccc2sc3ccc(-c4nc5cc(-c6ccc7[nH]c(*)nc7c6)ccc5[nH]4)cc3c2c1,21.89214272,180,external
*c1cccc(N2C(=O)c3ccc(Oc4ccc(C(C)(C)c5ccc(Oc6ccc7c(c6)C(=O)N(*)C7=O)cc5)cc4)cc3C2=O)c1,22.64217692,181,external
*CCCOC(=O)c1ccc(C(=O)O*)cc1,21.9703172,182,external
*CCC(*)(C)C,17.67198533,183,external
*CCCCOC(=O)NCCCCCCNC(=O)O*,21.9968242,184,external
*CC(*)c1cc(Br)ccc1OC,14.96406325,185,external
*CC1(C)CC(*)(C)C(=O)OC1=O,16.19322944,186,external
*c1ccc(Oc2ccc(C(c3ccc(Oc4ccc(-n5c(=O)c6cc7c(=O)n(*)c(=O)c7cc6c5=O)cc4)cc3)(C(F)(F)F)C(F)(F)F)cc2)cc1,24.84520731,187,external
*c1ccc(Oc2ccc(S(=O)(=O)c3ccc(Oc4ccc(-n5c(=O)c6cc7c(=O)n(*)c(=O)c7cc6c5=O)cc4)cc3)cc2)cc1,25.65776113,188,external
*CC(*)OC(=O)C(F)(F)C(F)(F)F,17.81853544,189,external
*NC1CC(C)(C)CC(C)(CNC(=O)CCCCC(*)=O)C1,18.21768975,190,external
*CC(*)c1nc(C)nc(C)n1,14.95789187,191,external
*C(=O)c1ccc2c(c1)C(=O)N(c1ccc(C)c(N3C(=O)c4ccc(*)cc4C3=O)c1)C2=O,22.26749475,192,external
*Oc1ccc(S(=O)(=O)c2ccc(*)cc2)cc1,21.83245174,193,external
*CCOCCOC(=O)c1ccc(-c2ccc(C(=O)O*)cc2)cc1,22.65495181,194,external
*CC(*)OC(=O)c1ccc(OCC)cc1,13.56211229,195,external
*NC1CCC(CC2CCC(NC(=O)CCCCCCCCCCCCC(*)=O)CC2)CC1,22.54553609,196,external
*c1ccc(Oc2cc3ccccc3cc2Oc2ccc(N3C(=O)c4ccc(Oc5ccc6c(c5)C(=O)N(*)C6=O)cc4C3=O)cc2)cc1,23.46686695,197,external
*Oc1ccc(C(C)(c2ccccc2)c2ccc(OC(=O)c3cccc(C(*)=O)c3)cc2)cc1,21.49596891,198,external
*CC(*)c1ccc(CCCCCCCCCCCCCCCCCC)cc1,13.712502565,199,internal
*CCOC(=O)c1ccc2cc(C(=O)O*)ccc2c1,21.86542178,200,external
*CCCCCCOC(=O)O*,22.43811701,201,external
*CC(*)N1CCNC1,15.06593322,202,external
*CC(*)OCCCl,17.81288149,203,external
*Oc1ccc(S(=O)(=O)c2ccc(Oc3ccc(C(C)(C)c4ccc(*)c(C(O)(C(F)(F)F)C(F)(F)F)c4)cc3C(O)(C(F)(F)F)C(F)(F)F)cc2)cc1,18.73761021,204,external
*Oc1ccc2c(c1)nc1n2C(=O)c2ccc(-c3ccc4c(c3)C(=O)n3c-4nc4ccc(*)cc43)cc2-1,24.56956014,205,external
*CC(=O)N*,21.13240962,206,external
*c1cccc(N2C(=O)c3ccc(Oc4ccc(S(=O)(=O)c5ccc(Oc6ccc7c(c6)C(=O)N(*)C7=O)cc5)cc4)cc3C2=O)c1,23.65282255,207,external
*c1cccc(-c2nc3cc(-c4ccc5nc(*)c(-c6ccc7ccccc7c6)nc5c4)ccc3nc2-c2ccc3ccccc3c2)c1,20.67801364,208,external
*CCOCC(=O)O*,21.29511654,209,external
*Oc1ccc(C(c2ccc(OC(*)=O)cc2)(C(F)(F)F)C(F)(F)F)cc1,21.83532867,210,external
*C(C)C(*)O,20.19829071,211,external
*CC(*)c1ccc(C(=O)CCN2CCOCC2)cc1,12.87883778,212,external
*Cc1cccc(CNC(=O)CCCCC(=O)N*)c1,18.56226113,213,external
*Nc1ccc(NC(=O)c2cc(C(*)=O)c(C(=O)OCC)cc2C(=O)OCC)cc1,21.4786758,214,external
*/C=C\CCCC*,18.83393128,215,external
*C(*)C(=O)OCC,17.34823087,216,external
*CC(*)(F)C(C)=O,18.13593146,217,external
*C(*)C(=O)OC(C)C,16.31426813,218,external
*CCCCCCCCCCCCNC(=O)CCCCCCCCCCCCCCCCCCC(=O)N*,23.84510584,219,external
*c1ccc(Oc2ccc(NC(=O)CN3C(=O)c4ccc(C(c5ccc6c(c5)C(=O)N(CC(=O)Nc5ccc(Oc7ccc(-c8nnc(*)o8)cc7)cc5)C6=O)(C(F)(F)F)C(F)(F)F)cc4C3=O)cc2)cc1,23.08710688,220,external
*CC(*)c1ccc(S(=O)(=O)OCCC)cc1,13.6160521,221,external
*c1ccc(N2C(=O)c3ccc(-c4cccc5c4C(=O)N(*)C5=O)cc3C2=O)cc1,22.61178128,222,internal
*c1ccc2c(c1)C(=O)N(c1c(C(C)C)cc(Cc3cc(C(C)C)c(N4C(=O)c5ccc(C(*)(C(F)(F)F)C(F)(F)F)cc5C4=O)c(C(C)C)c3)cc1C(C)C)C2=O,21.01509178,223,external
*c1ccc(Oc2ccc(Oc3ccc(N4C(=O)c5ccc(Oc6ccc(C7(c8ccc(Oc9ccc%10c(c9)C(=O)N(*)C%10=O)cc8)CCCCCCCCCCC7)cc6)cc5C4=O)cc3)c(C(C)(C)C)c2)cc1,21.10464722,224,external
*CC(*)c1ccc(C(O)CCN2CCOCC2)cc1,13.11344595,225,external
*Oc1ccc(C(C)(C)c2ccc(OC(=O)SCCCCCCSC(*)=O)cc2)cc1,20.98397099,226,external
*CCCCCCOC(=O)c1ccc(-c2ccc(C(=O)O*)cc2)cc1,23.41197616,227,external
*c1cccc(Oc2ccc(S(=O)(=O)c3ccc(Oc4cccc(N5C(=O)c6ccc(-c7ccc8c(c7)C(=O)N(*)C8=O)cc6C5=O)c4)cc3)cc2)c1,23.4685448,228,external
*CCCCOc1ccc(C(=O)OCCOC(=O)c2ccc(O*)cc2)cc1,23.20013793,229,external
*Oc1c(Br)cc(C(C)(C)c2cc(Br)c(OC(*)=O)c(Br)c2)cc1Br,21.26438014,230,external
*CC/C=C(\*)C,17.87821455,231,external
*CC(*)C(=O)Oc1ccc(OC)cc1,14.53752834,232,internal
*CCCCCCCCCCCCSC(=O)S*,23.45939303,233,external
*CC(*)OC(=O)CCl,18.24518341,234,external
*c1cccc(Oc2ccc(S(=O)(=O)c3ccc(Oc4cccc(-n5c(=O)c6cc7c(=O)n(*)c(=O)c7cc6c5=O)c4)cc3)cc2)c1,21.95338985,235,external
*c1ccc2c(c1)C(=O)N(c1c(C)cc(C)c(N3C(=O)c4ccc(C(*)(C(F)(F)F)C(F)(F)F)cc4C3=O)c1C)C2=O,21.3426379,236,external
*c1ccc(Oc2ccc(C3(c4ccc(Oc5ccc(N6C(=O)c7ccc(Oc8ccc(C9(c%10ccc(Oc%11ccc%12c(c%11)C(=O)N(*)C%12=O)cc%10)CCC(C(C)(C)C)CC9)cc8)cc7C6=O)cc5)cc4)CC4CC3C3CCCC43)cc2)cc1,21.50005245,237,external
*CC(*)c1ccc(C(C)(O)CCCC)cc1,12.83039798,238,external
*CC(*)c1ccccc1C(=O)NC,14.2222386,239,external
*CCCCCCOC(=O)Nc1ccc(C)c(NC(=O)OCCCCCCOc2ccc(-c3ccc(O*)cc3)cc2)c1,20.85561007,240,external
*CC(*)C(=O)O,18.71447491,241,external
*c1ccc2c(c1)C(=O)N(c1ccc(Cc3ccc(N4C(=O)c5ccc(C(*)(C(F)(F)F)C(F)(F)F)cc5C4=O)cc3)cc1)C2=O,23.47489286,242,external
*C=CCCCCCCCC*,22.38144722,243,external
*CC(*)OC(=O)c1ccccc1Cl,15.50848092,244,external
*CC(*)OC(=O)CCCC1CCCCC1,12.62513355,245,external
*CC(*)c1ccc(C(C)(O)CCCCC)cc1,12.68780054,246,external
*CC(*)(C)OC,17.1423939,247,external
*c1ccc2c(c1)C(=O)N(c1c(C)cc(Cc3cc(C)c(N4C(=O)c5ccc(C(*)(C(F)(F)F)C(F)(F)F)cc5C4=O)c(C)c3)cc1C)C2=O,21.41163113,248,external
*Oc1ccc(C(CCCC)(CCCC)c2ccc(OC(*)=O)cc2)cc1,15.9518712,249,external
*c1ccc(Cc2ccc(N(*)Cc3ccccc3)cc2)cc1,19.15504256,250,external
*c1ccc(Oc2ccc(Oc3ccc(N4C(=O)c5ccc(Oc6ccccc6Oc6ccc7c(c6)C(=O)N(*)C7=O)cc5C4=O)cc3C(F)(F)F)cc2)c(C(F)(F)F)c1,23.36798061,251,external
*c1cccc(N2C(=O)c3ccc(C(c4ccc5c(c4)C(=O)N(*)C5=O)(C(F)(F)F)C(F)(F)F)cc3C2=O)c1,22.40330556,252,external
*Oc1ccc(C(C)(C)c2ccc(OC(=O)CCCCC(*)=O)cc2)cc1,21.22930963,253,external
*Oc1ccc(C(=O)CCCCCCCCC(=O)c2ccc(OC(*)=O)cc2)cc1,24.27801768,254,external
*C(=O)c1ccc2c(c1)C(=O)N(c1c(C)cc(C(c3cc(C)c(N4C(=O)c5ccc(*)cc5C4=O)c(C)c3)c3cccc4ccccc34)cc1C)C2=O,21.79246309,255,external
*CC(*)c1ccccc1Cl,16.45969775,256,external
*C(=O)c1ccc2c(c1)C(=O)N(c1ccc(Oc3ccc(C(c4ccc(Oc5ccc(N6C(=O)c7ccc(*)cc7C6=O)cc5)cc4)(C(F)(F)F)C(F)(F)F)cc3)cc1)C2=O,23.49197492,257,external
*Oc1ccc(C2(c3ccc(OC(*)=O)cc3)c3ccccc3-c3ccccc32)cc1,20.32284039,258,external
*c1ccc(Oc2c(C)cc(C(C)(C)c3cc(C)c(Oc4ccc(N5C(=O)c6ccc(Oc7ccc(C8(c9ccc(Oc%10ccc%11c(c%10)C(=O)N(*)C%11=O)cc9)CCC(c9ccccc9)CC8)cc7)cc6C5=O)cc4)c(C)c3)cc2C)cc1,21.55258827,259,external
*CCCCCCNC(=O)c1ccc(C(C)(C)c2ccc(C(=O)N*)cc2)cc1,21.00366831,260,external
*CCCCCCN1C(=O)c2ccc(Oc3ccc4c(c3)C(=O)N(*)C4=O)cc2C1=O,23.46526501,261,external
*CC(*)P(=O)(Oc1ccccc1)N(C)C,15.53040062,262,external
*Oc1ccc(C(CCC)(CCC)c2ccc(OC(*)=O)cc2)cc1,19.52777255,263,external
*CC(*)C(=O)OCCCCCCCCCCCCCCCCCC,13.749836615,264,internal
*Oc1ccc(C(C)(C)c2ccc(OC(*)=O)c(CC)c2)cc1CC,19.14999144,265,external
*CC/C=C(/*)Cl,18.49567386,266,external
*CC/C=C(\*)C(C)(C)C,16.84381245,267,external
*c1ccc2c(c1)C(=O)N(c1ccc(Oc3ccc4ccc(Oc5ccc(N6C(=O)c7ccc(C(*)(C(F)(F)F)C(F)(F)F)cc7C6=O)cc5)cc4c3)cc1)C2=O,23.55917576,268,external
*Oc1ccc(-c2ccc(OC(=O)CCCCCCCCC(*)=O)cc2)cc1,24.42136808,269,external
*Cc1ccc2[nH]c(-c3ccc4c(c3)-c3cc(-c5nc6cc(*)ccc6[nH]5)ccc3S4(=O)=O)nc2c1,21.28481954,270,external
*CC(C)(CCC)C(=O)O*,18.17954073,271,external
*CC(*)c1ccc(N(C)C)cc1,13.8215352,272,external
*c1cc(C(c2ccc(O)c(-n3c(=O)c4cc5c(=O)n(*)c(=O)c5cc4c3=O)c2)(C(F)(F)F)C(F)(F)F)ccc1O,20.57736407,273,external
*c1ccc(Sc2ccc(-n3c(=O)c4cc5c(=O)n(*)c(=O)c5cc4c3=O)cc2)cc1,27.00895972,274,external
*c1ccc2c(c1)C(=O)N(c1c(CC)cc(Cc3cc(CC)c(N4C(=O)c5ccc(C(*)(C(F)(F)F)C(F)(F)F)cc5C4=O)c(CC)c3)cc1CC)C2=O,21.46625658,275,external
*CCCC=C(*)c1ccc(Cl)cc1,17.27192053,276,external
*c1ccc(-c2ccc(N3C(=O)c4ccc(-c5cccc6c5C(=O)N(*)C6=O)cc4C3=O)cc2C(F)(F)F)c(C(F)(F)F)c1,23.78853521,277,external
*c1ccc(Oc2ccc(S(=O)(=O)c3ccc(Oc4ccc(N5C(=O)c6ccc(C(c7ccc8c(c7)C(=O)N(*)C8=O)(C(F)(F)F)C(F)(F)F)cc6C5=O)cc4)cc3)cc2)cc1,22.86724416,278,external
*CC(*)SCC,17.66261453,279,external
*CC(*)OC=O,18.97705133,280,external
*CC(*)c1ccc(C)nc1,15.40150501,281,external
*OC(F)(F)C(F)(F)C(*)(F)F,21.34122545,282,external
*Cc1cc(C(C)(C)c2ccc3c(c2)CN(C)CO3)cc(CN(*)C)c1O,15.89152372,283,external
*CCCCCCNC(=O)c1ccc(C2(C)CC(C)(C)c3ccc(C(=O)N*)cc32)cc1,19.63449193,284,external
*CCCCCCOC(=O)Nc1ccc(Cc2ccc(NC(=O)O*)cc2)cc1,23.40067908,285,external
*CCCCCCCCCCN1C(=O)C2C3C=CC(C4C(=O)N(*)C(=O)C34)C2C1=O,20.44394649,286,external
*C(=O)C1CCCN1*,17.03850851,287,external
*c1ccc(Oc2ccc(C(C)(C)c3ccc(Oc4ccc(-n5c(=O)c6cc7c(=O)n(*)c(=O)c7cc6c5=O)cc4)cc3)cc2)cc1,23.96641117,288,external
*Oc1ccc(SC(=O)Oc2ccc(C(C)(C)c3ccc(OC(=O)Sc4ccc(*)cc4)cc3)cc2)cc1,22.50500153,289,external
*C([2H])([2H])C(*)([2H])c1c([2H])c([2H])c([2H])c([2H])c1[2H],16.253100535,290,internal
*CCCNC(=O)Cc1ccc(C(=O)N*)cc1,21.86299327,291,external
*CCCCCCNC(=O)CCCCC(=O)N*,21.88591097,292,external
*CCCCCCNC(=O)NCc1ccc(CNC(=O)N*)cc1,22.41812285,293,external
*CCOC(=O)CCCCCCCCC(=O)O*,22.1750025,294,external
*c1cccc(Oc2ccc(N3C(=O)c4ccc(C(c5ccc6c(c5)C(=O)N(*)C6=O)(C(F)(F)F)C(F)(F)F)cc4C3=O)cc2)c1,22.78574642,295,external
*Oc1ccc(C(C)(c2ccccc2)c2ccc(OC(*)=O)cc2)cc1,21.57193906,296,external
*CC(*)C(=O)Oc1cccc(C(=O)OCC)c1,13.88062741,297,external
*c1ccc(Oc2ccccc2Oc2ccc(N3C(=O)c4ccc(Oc5ccccc5Oc5ccc6c(c5)C(=O)N(*)C6=O)cc4C3=O)cc2C(F)(F)F)c(C(F)(F)F)c1,19.66167795,298,external
*CC(*)C(=O)c1ccccc1O,15.28485466,299,external
*c1ccc(Oc2cccc(Oc3ccc(N4C(=O)c5ccc(C(=O)c6ccc7c(c6)C(=O)N(*)C7=O)cc5C4=O)cc3)c2)cc1,23.94177969,300,external
*C(F)(F)C(*)(F)OC(F)C(F)F,18.71840322,301,external
*CC(*)OC(=O)C(F)(F)F,18.81227568,302,external
*Nc1ccc(*)cc1,22.46729766,303,external
*c1ccc(Oc2ccc(C3(c4ccc(Oc5ccc(N6C(=O)c7ccc(Oc8ccc(C9(c%10ccc(Oc%11ccc%12c(c%11)C(=O)N(*)C%12=O)cc%10)CCCCCCCCCCC9)cc8)cc7C6=O)cc5)cc4)CCC(C(C)(C)C)CC3)cc2)cc1,21.40172477,304,external
*CC(c1ccccn1)C(c1ccccc1)C(*)c1ccccn1,18.07137037,305,external
*CCO*,22.24965117,306,external
*c1ccc2c(c1)C(=O)N(c1c(C)cc(C(c3cc(C)c(N4C(=O)c5ccc(C(*)(C(F)(F)F)C(F)(F)F)cc5C4=O)c(C)c3)c3cccc4ccccc34)cc1C)C2=O,21.84652965,307,external
*c1ccc(Oc2cccc(Oc3ccc(-n4c(=O)c5cc6c(=O)n(*)c(=O)c6cc5c4=O)cc3)c2)cc1,26.56530614,308,external
*Cc1ccc(COC(=O)O*)cc1,22.22606664,309,external
*Cc1ccc2[nH]c(-c3ccc4sc5ccc(-c6nc7cc(*)ccc7[nH]6)cc5c4c3)nc2c1,21.35650427,310,external
*CCOC(=O)c1ccc(-c2ccc(C(=O)O*)cc2)cc1,23.54786843,311,external
*CC(*)C(=O)c1ccc(Br)cc1,16.02566915,312,external
*CCOC(=O)NCC1(C)CC(NC(=O)O*)CC(C)(C)C1,19.43742856,313,external
*CC(*)OC(=O)c1ccc(C)cc1,14.74333207,314,external
*c1ccc(C(c2ccccc2)(c2ccc(-n3c(=O)c4cc5c(=O)n(*)c(=O)c5cc4c3=O)cc2)C(F)(F)F)cc1,26.02618288,315,external
*c1cccc(N2C(=O)c3ccc(C(=O)c4ccc5c(c4)C(=O)N(*)C5=O)cc3C2=O)c1,23.75906378,316,external
*CC(*)C(=O)c1ccccc1,15.31568423,317,external
*Oc1ccc(Sc2ccc(OC(*)=O)cc2)cc1,23.7127317,318,external
*CC(*)c1ccccc1C(=O)OC,14.95874782,319,external
*c1ccc(Cc2ccc(N3C(=O)c4ccc(Oc5ccc(C6(c7ccc(Oc8ccc9c(c8)C(=O)N(*)C9=O)cc7)CCCCCCCCCCC6)cc5)cc4C3=O)cc2)cc1,19.80865113,320,external
*CCOC(=O)Nc1cccc(NC(=O)O*)c1,21.93305721,321,external
*CC(*)C(=O)OC(F)(C(F)(F)Cl)C(F)(F)Cl,17.52869422,322,external
*Oc1ccc(-c2ccc(OC(=O)CCCCCCCCCCCC(*)=O)cc2)cc1,24.51658371,323,external
*CC(*)c1ccccc1COCC,13.822737,324,external
*Oc1ccc(C(C)(C)c2ccc(OC(*)=O)c(C)c2)cc1C,19.9506095,325,external
*CC(*)CCCCCCCCCCCCCCCC,13.46131349,326,external
*CC(*)CCCCCCCCCCCCCCCCCCCC,14.17209546,327,external
*CC(*)c1ccccc1,16.61375099,328,external
*CCCCCCC(=O)N*,23.17830362,329,external
*Oc1ccc(OC(=O)c2ccccc2/C=C/c2ccc(/C=C/c3ccccc3C(*)=O)cc2)cc1,19.24547603,330,external
*c1ccc(Oc2ccc3ccc(Oc4ccc(-n5c(=O)c6cc7c(=O)n(*)c(=O)c7cc6c5=O)cc4)cc3c2)cc1,27.22299666,331,external
*CC(*)C(=O)OCC(F)(F)C(F)C(F)(F)F,15.95493816,332,external
*C(*)C(=O)OC,19.45199837,333,external
*Oc1ccc(C(C)(C)c2ccc(OC(*)=O)cc2)cc1,22.29640664,334,external
*C(=O)Nc1ccccc1NC(=O)c1ccc(N2C(=O)c3ccc(*)cc3C2=O)cc1,18.0416104,335,external
*CC(*)N1Cc2ccccc2N1,15.0667824,336,external
*Oc1ccc(C(C)(CCC#N)c2ccc(OC(*)=O)c(C)c2)cc1C,20.46291604,337,external
*CC(*)c1ccccc1C(=O)OCCCCCC,13.19402732,338,external
*NC(C)C(*)=O,18.53807412,339,external
*OC(C)CC(*)=O,18.89890364,340,external
*Oc1ccc(Oc2ccc(C(=O)c3ccc(*)cc3)cc2)cc1,24.41255742,341,external
*CC(*)c1ccc(C(F)(F)C(F)(F)C(F)(F)C(F)(F)C(F)(F)C(F)F)cc1,14.20619583,342,external
*c1ccc2c(c1)C(=O)N(c1ccc3c(c1)-c1cc(N4C(=O)c5ccc(C(*)(C(F)(F)F)C(F)(F)F)cc5C4=O)ccc1C3)C2=O,20.41355015,343,external
*c1ccc(Oc2ccc(Oc3ccc(N4C(=O)c5ccc(-c6cccc7c6C(=O)N(*)C7=O)cc5C4=O)cc3)cc2)cc1,24.2410336,344,external
*c1ccc(-c2nc3cc(-c4ccc5nc(*)c(-c6ccc7ccccc7c6)nc5c4)ccc3nc2-c2ccc3ccccc3c2)cc1,25.25761256,345,external
*Oc1c(OC)cc(*)cc1OC,20.19618766,346,external
*CCCSS*,23.48494002,347,external
*c1ccc(Oc2ccc(S(=O)(=O)c3ccc(Oc4ccc(N5C(=O)c6ccc(C(=O)c7ccc8c(c7)C(=O)N(*)C8=O)cc6C5=O)cc4)cc3)cc2)cc1,24.59977939,348,external
*CC(OC)C1C(=O)OC(=O)C1*,20.79601126,349,external
*Oc1ccc(S(=O)(=O)c2ccc(OC(*)=O)cc2)cc1,22.89231815,350,external
*CC(*)c1ccccc1F,16.87173852,351,external
*c1cccc(P(=O)(c2ccccc2)c2cccc(-n3c(=O)c4cc5c(=O)n(*)c(=O)c5cc4c3=O)c2)c1,20.87955805,352,external
*c1ccc2c(c1)C(=O)N(c1ccc(Oc3c(C)cc(C(c4cc(C)c(Oc5ccc(N6C(=O)c7ccc(C(*)(C(F)(F)F)C(F)(F)F)cc7C6=O)cc5)c(C)c4)c4cccc5ccccc45)cc3C)cc1)C2=O,22.30079166,353,external
*c1ccc(Oc2cccc(Oc3ccc(N4C(=O)c5ccc(Oc6ccc7c(c6)C(=O)N(*)C7=O)cc5C4=O)cc3)c2)cc1,23.90410548,354,external
*CC(*)C(=O)OCC=C,16.63317236,355,external
*CC(*)(C)C(=O)OCC(C)O,14.81784724,356,external
*c1ccc(Oc2ccc(C(c3ccc(Oc4ccc(N5C(=O)c6ccc(Oc7ccc(C8(c9ccc(Oc%10ccc%11c(c%10)C(=O)N(*)C%11=O)cc9)CCC(C(C)(C)C)CC8)cc7)cc6C5=O)cc4)cc3)(C(F)(F)F)C(F)(F)F)cc2)cc1,22.25375575,357,external
*CC(*)OC(=O)CC1CCCC1,13.87715062,358,external
*CCC=C(*)C(C)C,17.34006864,359,external
*CC(*)OC1CCCCC1,13.62953501,360,external
*C1C(*)C2CC1C1C=CCC12,14.53842481,361,external
*C(O)C(*)O,19.64602994,362,external
*CC(*)c1ccc(OCCCC)cc1,13.6870881,363,external
*CC(*)c1ccc(I)cc1,17.87087737,364,external
*c1ccc2c(c1)C(=O)N(c1ccc(Oc3ccc(C(c4ccc(Oc5ccc(N6C(=O)c7ccc(C(*)(C(F)(F)F)C(F)(F)F)cc7C6=O)cc5)cc4)(C(F)(F)F)C(F)(F)F)cc3)cc1)C2=O,23.79313831,365,external
*CC(*)OC(C)=O,18.26683455,366,external
*CC(*)c1ccc(C(=O)CCCC)cc1,13.57615427,367,external
*CC(C)O*,18.4423755,368,external
*CC(*)C(=O)OC(F)(C(F)(F)F)C(F)(F)Cl,17.4877483,369,external
*c1ccc(Oc2ccc(C(c3ccc(Oc4ccc(N5C(=O)c6ccc(Oc7ccc8c(c7)C(=O)N(*)C8=O)cc6C5=O)cc4)cc3)(C(F)(F)F)C(F)(F)F)cc2)cc1,24.10217745,370,external
*CC(*)c1ccc(C(=O)CC)cc1,14.23013368,371,external
*c1cccc(Oc2ccc(-n3c(=O)c4cc5c(=O)n(*)c(=O)c5cc4c3=O)cc2)c1,27.7572289,372,external
*c1ccc2c(c1)C(=O)N(c1ccc(-c3ccc(Oc4ccc5c(c4)C(C)(c4ccc(Oc6ccc(-c7ccc(N8C(=O)c9ccc(C(*)(C(F)(F)F)C(F)(F)F)cc9C8=O)cc7)cc6C(F)(F)F)cc4)CC5(C)C)c(C(F)(F)F)c3)cc1)C2=O,22.79048612,373,external
*C(=O)NCCCCCCNC(=O)c1ccc(N2C(=O)c3ccc(*)cc3C2=O)cc1,23.37897452,374,external
*CC(*)OC(=O)c1ccc(CC)cc1,14.34170528,375,external
*C=CCC*,22.35804209,376,external
*C(=O)OCCOC(=O)c1ccc(*)o1,22.59738265,377,external
*CCCC(*)(C)CC,18.11387406,378,external
*CC(*)C(=O)OCC(F)(F)C(F)(F)F,16.89967025,379,external
*c1cc(C(c2ccc(O)c(N3C(=O)c4ccc(-c5ccc6c(c5)C(=O)N(*)C6=O)cc4C3=O)c2)(C(F)(F)F)C(F)(F)F)ccc1O,23.1492373,380,external
*CC(*)c1ccncc1,17.18242977,381,external
*CC(*)c1ccccc1C(=O)N(C)C,14.34481433,382,external
*CCCCN(C)C(=O)c1ccc(C(=O)N(*)C)cc1,20.86031528,383,external
*CC(*)c1ccc2ccccc2c1,14.67146471,384,external
*CCc1ccc(*)c(Cl)c1,23.11292169,385,external
*CC(*)c1ccc(OCC)cc1,14.46497808,386,external
*CC(*)c1ccc(Cl)c(Cl)c1,17.14756488,387,external
*CC(*)(CC(=O)OCCCCCCC)C(=O)OCCCCCCC,12.43461106,388,external
*CCCCCCNC(=O)c1ccc(-c2ccc(C(=O)N*)cc2)cc1,24.51715126,389,external
*Cc1ccc(-c2ccc(C(=O)O*)cc2)cc1,24.83087287,390,external
*CC(*)OC(=O)c1ccc(C#N)cc1,15.78934931,391,external
*CC(O)COc1ccc(C(C)(C)c2ccc(O*)cc2)cc1,21.19901191,392,external
*CC(*)c1ccc(C(=O)C(F)(F)F)cc1,15.73949089,393,external
*CCCOC(=O)c1ccc2cc(C(=O)O*)ccc2c1,23.4898386,394,external
*C1CCC(*)N1,22.03289852,395,external
*c1ccc(S(*)(=O)=O)cc1,22.15433268,396,external
*CC(*)C(=O)OC1CCCCCCCCCCC1,12.91952215,397,external
*CC(*)OC(=O)CCCC(=O)c1ccccc1,14.04169185,398,external
*Oc1cccc2c(OC(=O)c3ccccc3/C=C/c3ccc(/C=C/c4ccccc4C(*)=O)cc3)cccc12,18.75051939,399,external
*c1ccc(S(=O)(=O)c2ccc(-n3c(=O)c4cc5c(=O)n(*)c(=O)c5cc4c3=O)cc2)cc1,26.88592542,400,external
*c1ccc2c(c1)C(=O)N(c1ccc(Oc3cccc(Oc4ccc(N5C(=O)c6ccc(C(*)(C(F)(F)F)C(F)(F)F)cc6C5=O)cc4)c3)cc1)C2=O,23.58910882,401,external
*CC(*)OCCCCCCCCCCCC,13.33649352,402,external
*CC(*)OC(=O)c1ccc(C(C)C)cc1,13.82745897,403,external
*Oc1ccc(C2(c3ccc(OC(*)=O)c(C)c3)CCCCC2)cc1C,20.33471792,404,external
*CC(*)c1ccccc1C(=O)OCCC,14.11532006,405,external
*Oc1ccc(OC(=O)c2cc(OCCCCCCCCCCCC)c(C(*)=O)cc2OCCCCCCCCCCCC)cc1,20.79539922,406,external
*CC(*)CNc1ccc([N+](=O)[O-])c(C(F)(F)F)c1,15.44845766,407,external
*CC(*)c1ccccc1COCCc1ccccc1,13.49363288,408,external
*CC(*)OC(=O)c1ccncc1,16.11159845,409,external
*c1ccc(NC(=O)CCCCC(=O)Nc2ccc(S(*)(=O)=O)cc2)cc1,22.83169827,410,external
*CC(*)C(=O)OCC(F)(F)C(F)(F)C(F)(F)F,16.17765228,411,external
*CC(*)NC(=O)OC(C)(C)C,14.77361587,412,external
*OC(C)COC(*)=O,19.74496917,413,external
*CC(*)c1ccc(COC)cc1,14.55788133,414,external
*CCCCCCS(=O)(=O)c1ccc(/N=N/c2ccc(N(C)CCCCCC(=O)O*)cc2)cc1,21.73095381,415,external
*CC(*)c1cc(Br)ccc1OCCCCC,13.86362583,416,external
*CC(*)OC(=O)c1ccccc1OC(C)=O,14.76297702,417,external
*CC(*)N1CCCC1=O,16.23853098,418,external
*c1ccc(Oc2cc3ccccc3cc2Oc2ccc(N3C(=O)c4ccc(-c5ccc6c(c5)C(=O)N(*)C6=O)cc4C3=O)cc2)cc1,24.88651568,419,external
*c1ccc2c(c1)C(=O)N(c1ccc(C(C)(C)c3ccc(N4C(=O)c5ccc(C(*)(C(F)(F)F)C(F)(F)F)cc5C4=O)cc3)cc1)C2=O,23.30793156,420,external
*CCC(C)C(*)C,18.8906591,421,external
*CCC(c1ccccc1)C(*)c1ccccc1,17.53589606,422,external
*Nc1cccc(C(O)Cc2ccc(NC(=O)c3ccc(C(*)=O)cc3)cc2)c1,24.42922184,423,external
*CC(*)c1ccccc1C(=O)Oc1ccccc1,13.97527172,424,external
*NC(=O)NCCCCCCNC(=O)Nc1ccc(Cc2ccc(*)cc2)cc1,24.44673731,425,external
*CC(*)c1ccc(COCCCCCC)cc1,13.35700392,426,external
*CC(*)c1ccc(F)cc1C,15.936877629999998,427,internal
*c1ccc(-c2ccc(N3C(=O)c4ccc(-c5cccc6c5C(=O)N(*)C6=O)cc4C3=O)cc2C)c(C)c1,24.03607779,428,external
*c1ccc(C(Cl)(Cl)C(*)Cl)cc1,23.4116757,429,external
*CC(*)c1ccc(COC(C)CC)cc1,13.53195109,430,external
*c1ccc(C(C)(C)c2ccc(N3C(=O)c4ccc(Oc5ccc6c(c5)C(=O)N(*)C6=O)cc4C3=O)cc2)cc1,24.31651904,431,external
*c1ccc(N2C(=O)c3ccc(Oc4ccc(C(C)(C)c5cccc(Oc6ccc7c(c6)C(=O)N(*)C7=O)c5)cc4)cc3C2=O)cc1,23.8110985,432,external
*c1ccc(-c2ccc3c(c2)C(CCCCCCC#N)(CCCCCCC#N)c2cc(*)ccc2-3)cc1,28.6824407,433,internal
*CC(*)c1ccc(C(=O)O)c(C(=O)O)c1,13.53424751,434,internal
*CC(*)CC,13.87291346,435,internal
*CC(*)C(=O)Oc1ccccc1C,12.7374634,436,internal
*CC(*)C(=O)Oc1ccccc1,13.43533854,437,internal
*CC(C)S(*)(=O)=O,20.99132259,438,internal
*CC(*)c1cc(C(C)C)ccc1C(C)C,11.48207818,439,internal
*CCCCCC(*)CCCCCC,16.82724961,440,internal
*CC(*)CCCCCCC,10.79657738,441,internal
*CC(*)CCCN(CC(C)C)CC(C)C,9.7283551,442,internal
*c1ccc(-c2ccc(C(*)(c3ccccc3)C(F)(F)F)cc2)cc1,19.28801766,443,internal
*CC(*)C(=O)OCCSCCCC#N,12.35091595,444,internal
*CC(*)CCCCC,12.37609961,445,internal
*CC(*)(C)C(=O)OC1CCCCC1,10.8595327,446,internal
*Oc1ccc(S(=O)(=O)c2ccc(Oc3c(C)cc(Cc4cc(C)c(*)c(C)c4)cc3C)cc2)cc1,20.42938322,447,internal
*CC(*)(C)C(=O)OC(C)(C)C,12.18535631,448,internal
*CC1CCC(*)C1,21.77794424,449,internal
*Oc1ccc(S(=O)(=O)c2ccc(Oc3ccc(C(C)(c4ccccc4)c4ccc(*)cc4)cc3)cc2)cc1,21.53470493,450,internal
*CCCCCCCCCCC(=O)NCCCCCCNC(=O)CCCCO*,24.65708372,451,internal
*/C=C/c1ccc(*)cc1,25.25187791,452,internal
*CC(*)(CC(=O)OCCCCC)C(=O)OCCCCC,10.24635518,453,internal
*CCCCCCCCNC(=O)CCCCCCCCCCCCCCCCCCCCC(=O)N*,23.85283439,454,internal
*/C=C/c1cc(OCC(CC)CCCC)c(*)cc1-c1ccc(N(c2ccc(OC)cc2)c2ccc(OC)cc2)cc1,13.49779574,455,internal
*C1Cc2ccccc2C1*,12.77290213,456,internal
*CCCCCCCCCCCCCCCCCCCCOC(=O)CCCCCCCC(=O)O*,20.57750836,457,internal
*CC(*)(CC(=O)OCCc1ccccc1)C(=O)OCCc1ccccc1,10.74609762,458,internal
*CC(*)C(=O)Oc1ccc(C)cc1,13.5752804,459,internal
*CCCCCCCCCCCCCCCCCCCCCC(=O)N*,21.86411406,460,internal
*CC(*)(C)C(=O)OC1CCC(C(C)(C)C)CC1,10.86090269,461,internal
*c1cc(CCCCCCCCCCCCCCCCCCCCCC)c(*)s1,15.35786351,462,internal
*C1CCCCC1S(*)(=O)=O,15.15828898,463,internal
*CC(*)(C)C(=O)Oc1c(Cl)c(Cl)c(Cl)c(Cl)c1Cl,14.15089535,464,internal
*CCCCCCCCCCCCOC(=O)CCCCCCCCCCCCC(=O)O*,20.53765653,465,internal
*CC(*)(CF)C(=O)OC,18.18607796,466,internal
*CC(*)CCCC,12.02548488,467,internal
*CC(*)C(=O)OCC(CC)CC,12.27591848,468,internal
*CCCC(*)(C)C(=O)O,14.52607342,469,internal
*c1ccc(NC(=O)Nc2ccc(NC(=O)Nc3ccc(-c4nc(C#N)c(C#N)nc4*)cc3)cc2)cc1,19.52705482,470,internal
*c1cc2cccccc-2c1*,15.84965404,471,internal
*CC(*)(C)C(=O)OCCOCC,12.39029756,472,internal
*CC(*)(C)C(=O)OCCN(CC)CC,11.45757736,473,internal
*CC(*)c1ccc(C(=O)OCCN(C)C)cc1,11.6806072,474,internal
*CC(*)C(=O)OCc1ccc(C#N)cc1,11.86407254,475,internal
*c1cc(/C=N/c2cccc(C)c2)cc(*)c1O,13.46142519,476,internal
*CC(*)C(=O)OC1CC(C)CC(C)(C)C1,11.78379961,477,internal
*CC(C)(C)CS(=O)(=O)CC(C)(C)COC(=O)O*,17.59804845,478,internal
*CCCCCCCCCCCCCCCCCCCCOC(=O)CCCCC(=O)O*,23.96801429,479,internal
*CCc1ccc(*)c2ccccc12,20.17560548,480,internal
*CC(*)C(=O)OCCCCCCSCC#N,13.18158821,481,internal
*C1C(=O)OC(=O)C1*,17.04190977,482,internal
*CC(*)(C)C(=O)OC(C(F)(F)F)(C(F)(F)F)C(F)(F)F,13.23674474,483,internal
*C1C(=O)N(c2ccccc2C(=O)OC)C(=O)C1*,12.24675377,484,internal
*CC(*)c1cc(C)ccc1F,13.40669452,485,internal
*CC(*)O,22.51988264,486,internal
*CC(*)c1ccccc1COC(C)C,12.10539551,487,internal
*CCc1ccc(-c2ccc(*)cc2)cc1,30.03662597,488,internal
*CCCCCCNC(=O)C(CCCCCCCCCCCCC)C(=O)N*,13.5860206,489,internal
*c1ccc(-c2ccc3c(c2)C(CCCCCC)(CCCCCC)c2cc(*)ccc2-3)cc1,27.96449264,490,internal
*CC(*)(C)C(=O)OCc1ccco1,12.32614241,491,internal
*CCCCCCCCCCC(=O)NCCc1ccc(CCNC(=O)CCCCCCCCCCS*)cc1,22.76143272,492,internal
*CCCCCCCCCCNC(=O)CC/C=C/CCC(=O)N*,18.83632464,493,internal
*/C=C/c1ccc(*)c2ccc(CCCCCC)cc12,20.81567785,494,internal
*CC(*)c1ccccc1COCCCC,11.37399833,495,internal
*CCCCCCCCCOC(=O)CCCCCCCC(=O)O*,20.56975581,496,internal
*c1ccc2c(c1)SC1=Nc3cc(-c4ccc5c(c4)N=C4Sc6cc(*)ccc6N=C4N5)ccc3NC1=N2,27.5268485,497,internal
*CC(*)C(=O)OCC(CC)CCCC,10.99379023,498,internal
*CC(*)CC(C)C(F)(F)F,13.31500903,499,internal
*CCCCCCCCC(=O)NCCCCCOCCCCCNC(=O)CCCO*,16.89480393,500,internal
*CCCCCCCC(*)C,19.12833616,501,internal
*CCCCCCCCCCNC(=O)CCCCCCCCCCCCCCC(=O)N*,23.47308455,502,internal
*CC(*)(CF)C(=O)OCC,13.63736539,503,internal
*C(=O)C(*)(C)C,25.84971423,504,internal
*CC(*)C(=O)OCCSCCC#N,13.24819081,505,internal
*CC(*)(C)C(=O)OCCc1ccccc1,11.43837267,506,internal
*CC(*)C(=O)NC(C)CC,12.6370902,507,internal
*CC(*)(C)C(=O)OCCN(CC)S(=O)(=O)C(F)(F)C(F)(F)C(F)(F)C(F)(F)C(F)(F)C(F)(F)C(F)(F)C(F)(F)F,12.31638522,508,internal
*CC(*)(C#N)C(=O)OCCCC,13.85902924,509,internal
*c1ccc(N2C(=O)c3ccc(-c4cccc5c4C(=O)N(*)C5=O)cc3C2=O)cc1,22.05257254,510,internal
*c1nc2cc3sc(-c4cc(OCCCCCCCCCCCC)c(*)cc4OCCCCCCCCCCCC)nc3cc2s1,22.57173018,511,internal
*CC(*)(C)C(=O)OCCCCCCCCCCCCCCCCCC,12.32577198,512,internal
*Oc1cc(CCC)cc(OC(=O)c2cccc(C(*)=O)c2)c1,19.71902254,513,internal
*CC(*)c1ccc(C)cc1C,12.1318108,514,internal
*CCCN*,19.40336561,515,internal
*c1nc(C)nc(N(CCCCCCN(*)c2ccccc2)c2ccccc2)n1,14.20899208,516,internal
*CC(*)c1ccc(CCCCCCCCCCCCCCCC)cc1,12.88977254,517,internal
*c1sc(*)c(OCCCCCCCCCCCCCCCCCCCC)c1C,14.34826035,518,internal
*CC(*)c1ccccc1CC,13.27096728,519,internal
*CC(*)C(=O)C1CCCCC1,11.28939719,520,internal
*=C=C=C(Cn1c2ccccc2c2ccccc21)C(=*)Cn1c2ccccc2c2ccccc21,12.21503123,521,internal
*CC(*)C(=O)OCCCCCC(=O)Oc1ccc(-c2ccc(C#N)cc2)cc1,12.97526971,522,internal
*CCCCCCCNC(=O)C(CCCCCCCCCCCC)C(=O)N*,13.84301628,523,internal
*/C=C/c1sc(*)c(OCCCCCCCCCCCC)c1OCCCCCCCCCCCC,11.69721179,524,internal
*OS(=O)(=O)c1cccc(C(=O)c2cccc(S(=O)(=O)Oc3ccc(C(C)(C)c4ccc(*)cc4)cc3)c2)c1,16.18613012,525,internal
*CC(*)C(=O)Oc1cccc2ccccc12,12.47317176,526,internal
*CCCCCCCCCCCCCCS*,22.79770371,527,internal
*/C=C/C(C*)C(C)CC,14.35476002,528,internal
*CC(*)(C)C(=O)Oc1cccc(C)c1,12.06665155,529,internal
*CC(*)C(=O)C(C)C,12.63604574,530,internal
*CC(*)(CC(=O)Oc1ccc(C)cc1)C(=O)Oc1ccc(C)cc1,11.04114403,531,internal
*CCCCCCCCCCOC(=O)CCCCCCC(=O)O*,22.70955044,532,internal
*CC(*)C(C)=O,17.46864859,533,internal
*/C=C/c1ccc(*)c(-c2cc(-c3ccccc3)c(OCC(CC)CCCC)cc2OCC(CC)CCCC)c1,12.57676107,534,internal
*c1c(-c2ccccc2)c(-c2ccccc2)c(*)c2cc(C(c3ccc(C#Cc4ccccc4)c(C#Cc4ccccc4)c3)(C(F)(F)F)C(F)(F)F)ccc12,12.31035991,535,internal
*CCCCCCCCCNC(=O)CCCCCCCCC(=O)N*,20.75684225,536,internal
*c1ccc2c(c1)C(CCCCCC)(CCCCCC)c1cc(-c3cc(CCCCCC)c(*)cc3CCCCCC)ccc1-2,20.23991085,537,internal
*CCCCCCCCCCSCCCCCCS*,28.27457475,538,internal
*/C=C/CCCCC*,18.69881957,539,internal
*/C=C/c1ccc(*)c(-c2cc(OCC(CC)CCCC)c(OCC(CC)CCCC)cc2-c2ccccc2)c1,13.24845393,540,internal
*CCCCCNC(=O)CCCCCCCCOCCCCCCCCC(=O)NCCCCCO*,20.89267331,541,internal
*CCCCCCCCCCCCCCCCCCCCC(*)COCCOCCOCCOCCOCCCCCCCCCCCCCC,18.64436035,542,internal
*CCCCNC(=O)CCCCCCCCCC(=O)N*,22.50813311,543,internal
*CC(*)C(=O)c1ccc(C(C)(C)C)cc1,10.58961551,544,internal
*CCC(C)CCC(=O)O*,20.5666232,545,internal
*c1ccc(-c2ccc(C3(*)CCCCC3)cc2)cc1,16.14335044,546,internal
*CC(*)(F)C(=O)OCCC(F)(F)C(F)(F)C(F)(F)C(F)(F)C(F)(F)C(F)(F)C(F)(F)C(F)(F)C(F)(F)C(F)(F)F,12.86015216,547,internal
*C(=O)c1ccc2c(c1)C(=O)N(c1ccc(Oc3ccc(C(=O)c4cccc(C(=O)c5ccc(Oc6ccc(N7C(=O)c8ccc(*)cc8C7=O)cc6)cc5)c4)cc3)cc1)C2=O,23.97728876,548,internal
*CC(*)(C)c1ccccc1,14.83591616,549,internal
*CC(*)c1ccc(C(=O)OC)cc1,13.1037956,550,internal
*CC(*)(C)C(=O)OCc1cccc([N+](=O)[O-])c1,11.3618897,551,internal
*CC(*)OC(=O)c1ccc(OC(=O)CCC)cc1,12.25368206,552,internal
*CC(*)OC(=O)CC,14.03059072,553,internal
*CCCCCCCCCCCCCCOC(=O)CCCCCCC(=O)O*,21.54233832,554,internal
*CCC(Cl)C(*)Cl,21.78634698,555,internal
*CCCCCCCCCCNC(=O)NCCCCCCCCNC(=O)N*,20.6076312,556,internal
*CCCCCCCNC(=O)CCCCCCCCCC(=O)N*,22.70774878,557,internal
*CCCCCCCCCCCCNC(=O)CCCCCCCCCCCCC(=O)N*,22.53219601,558,internal
*CCCCCCCCCCOc1ccc(OC(=O)c2ccc(OCCCCCCOc3ccc(C(=O)Oc4ccc(O*)cc4)cc3)cc2)cc1,26.55570698,559,internal
*CCCCCNC(=O)CCCCCCCCCCCCC(=O)N*,18.89913865,560,internal
*CC(*)c1ccc(Cl)cc1,17.89940277,561,internal
*CCCCCCNC(=O)C(CCCCCCCCCCCCCCC)C(=O)N*,15.49662691,562,internal
*/C=C/C(C*)CCC,13.41293322,563,internal
*CC(*)OC(C)C,13.44308483,564,internal
*CC(*)c1ccc(O)cc1,13.91356146,565,internal
*CCCCCCCCC(=O)NCCCCCCNC(=O)CCCCO*,20.96547901,566,internal
*CC(*)c1ccccc1COCCC,12.52488555,567,internal
*CCCCCNC(=O)CCCCCCCCCCCCCCCCCCC(=O)N*,20.51772176,568,internal
*CC(*)(CC(=O)Oc1cccc(C)c1)C(=O)Oc1cccc(C)c1,10.97057697,569,internal
*CCCCCC(*)CCCCCCCCCC,15.17699114,570,internal
*CCCS(*)(=O)=O,19.8097907,571,internal
*c1cc(CCCCCCCCCCCCC)c(*)s1,16.27456982,572,internal
*/C=C/CCCCCC*,19.38675152,573,internal
*CC(*)C(=O)Oc1ccc(C#N)cc1,13.89490111,574,internal
*CC(*)(C)C(=O)OCCBr,15.26731429,575,internal
*/C=C/c1ccc(*)c(-c2cc(OCCC(C)C)c(OCCC(C)C)cc2-c2ccc(C(F)(F)F)cc2)c1,17.81147708,576,internal
*c1cc(OCCCCCCCCCCCC)c(*)cc1O,17.49332984,577,internal
*c1ccc(-c2nnc(-c3cccc(-c4nnc(*)n4-c4ccccc4)c3)n2-c2ccccc2)cc1,24.31804369,578,internal
*CCCCCCCCCCCCNC(=O)NCCCCCCNC(=O)N*,17.68935554,579,internal
*CC(*)C(=O)OCc1ccccc1,13.15993394,580,internal
*CC(*)OC(=O)CCCCCCCCCCCCCCCCCCCCC,13.69025537,581,internal
*CC(*)C(=O)OC(C)CCC(CC)CCCC,10.36326711,582,internal
*CC(*)(C)C(=O)OCCOC,13.61871523,583,internal
*c1sc(*)c2c1OCC(CCCCCCCCCCCCCCCC)O2,15.08786185,584,internal
*CC(*)CCCCCCCCCC,11.10583978,585,internal
*CC(*)C(=O)OCCSCC,14.51100233,586,internal
*CC(*)C,15.63619856,587,internal
*CC(*)(C)C(=O)OCC,13.61883804,588,internal
*c1ccc(Cc2ccc(-n3c(=O)c4cc5c(=O)n(*)c(=O)c5cc4c3=O)cc2)cc1,29.70086573,589,internal
*CC(C)(C)CS(*)(=O)=O,16.55092442,590,internal
*c1ccc2c(c1)C(CCCCCC)(CCCCCC)c1cc(-c3cc(CCCCCCCCCC)c(*)cc3CCCCCCCCCC)ccc1-2,18.38442171,591,internal
*CC(*)(C)C(=O)Oc1ccc(C#N)cc1,12.9825722,592,internal
*CC(*)c1c([2H])c([2H])c([2H])c([2H])c1[2H],14.83081456,593,internal
*CC(*)(CC(=O)OCCCC)C(=O)OCCCC,10.50145976,594,internal
*CC(*)(C)C(=O)OCC[N+](=O)[O-],14.1297443,595,internal
*/C=C/CCCCCCCCCC*,20.61494369,596,internal
*CC(*)(C)C(=O)OCC(F)(F)C(F)(F)C(F)(F)C(F)(F)C(F)(F)C(F)(F)C(F)(F)F,12.88558494,597,internal
*CC(*)c1ccc(COc2ccc(-c3ccc(C#N)cc3)cc2)cc1,12.90310493,598,internal
*Oc1c(C)cc(*)cc1-c1ccccc1,15.57570307,599,internal
*CCCCCCN(C)C(=O)CCCCCCCCCCCCCCCCC(=O)N(*)C,19.92649972,600,internal
*Oc1ccc(Oc2ccc(C(=O)c3ccccc3-c3ccccc3C(=O)c3ccc(*)cc3)cc2)cc1,17.8866103,601,internal
*CC(*)(C)C(=O)Oc1ccc(C)cc1,12.66351417,602,internal
*CC(*)c1cc(C(C)(C)C)ccc1C,12.50033571,603,internal
*CC(*)(C)C(=O)OC1CCCC(C)C1,10.34584016,604,internal
*OC(*)C(Cl)(Cl)Cl,18.35760963,605,internal
*CCCCCC(*)CCCCCCCC,14.0622995,606,internal
*CCCCCCCCCCNC(=O)C(CCCCCCCCCCCC)C(=O)N*,16.27222852,607,internal
*CC(*)c1cc(F)ccc1F,14.49605377,608,internal
*CC(*)(Cl)C(=O)OCCCC,13.37410592,609,internal
*CC(*)(C)C(=O)OCCCCCCOc1ccc(-c2ccc(OC)cc2)cc1,12.60793073,610,internal
*CC(*)(CC(=O)OCCCCCC)C(=O)OCCCCCC,10.01915881,611,internal
*CC(*)c1ccc(COCC(CC)CCCC)cc1,11.12376829,612,internal
*CCOC(=O)CCCCSCCCCC(=O)O*,19.93042453,613,internal
*CC(*)(C)C(=O)OCCN(CC)c1ccc(/N=N/c2ccc([N+](=O)[O-])cc2)cc1,12.26891849,614,internal
*CC(*)(Cl)C(=O)OC(C)C,15.80245006,615,internal
*CCCCCCCCCCCCC(c1ccc(O)cc1)C(*)c1ccc(O)cc1C,19.25364485,616,internal
*CCCCCCCCCCSSCCCCCCSS*,21.63979729,617,internal
*CC(*)(C)C(=O)OCC(CC)CCCC,11.16194662,618,internal
*CC(*)(C)C(=O)OCCCCn1c2ccccc2c2ccccc21,11.45732375,619,internal
*CC(*)(C)C(N)=O,16.36913311,620,internal
*c1ccc2c(c1)C(CCCCCC)(CCCCCC)c1cc(-c3cc(OCc4ccccc4)c(*)cc3OCc3ccccc3)ccc1-2,21.32352082,621,internal
*CCCCCCCCCCCC(c1ccc(O)cc1)C(*)c1ccc(O)cc1C,17.25139441,622,internal
*CC(*)(C)C(=O)NC(=O)OC(C)COc1c(Br)cc(S(=O)(=O)c2cc(Br)c(OCC(C)O)c(Br)c2)cc1Br,12.5994675,623,internal
*CCCCCCCCCCNC(=O)CCCCCCCCCCCCC(=O)N*,18.99975515,624,internal
*CCN*,16.50971705,625,internal
*CCCCCCS(=O)(=O)CCCCCS(*)(=O)=O,18.44065947,626,internal
*CCc1ccc(*)o1,21.29011365,627,internal
*Sc1ccc(*)cc1,21.1652389,628,internal
*CC(*)n1cc2ccccc2n1,13.9727997,629,internal
*CC(*)c1ccc(F)cc1C,15.55720188,630,internal
*CCCOC(=O)CCCCCCCCCCCCCCCCC(=O)O*,21.46640792,631,internal
*CC(*)C(=O)OCCC#N,14.52014103,632,internal
*CCCCCCCCCCOC(=O)CCCCCCCC(=O)O*,23.93933283,633,internal
*CC(*)(C)C(=O)OCCCCCCCCCCCCCC,11.14771595,634,internal
*c1sc(*)c(OCCCCCCCCCCCCCC)c1C,14.84412514,635,internal
*CCCCCCCCCCOC(=O)CCCCCNC(=O)CCCCC(=O)NCCCCCC(=O)O*,19.25074729,636,internal
*CCCC(*)(C)C,15.7837124,637,internal
*CCCCCCCCCCCCCCCC[N+](C)(C)CCCCCC[N+](*)(C)C,20.26505078,638,internal
*/C=C(/*)C#CCCCCCCCCCCCCCCCCCCCCC(=O)O,15.06400186,639,internal
*CC/C(C)=C(/*)C,14.53648643,640,internal
*c1ccc2c(c1)C(=O)N(c1cc(OCCN(CC)c3ccc(/N=N/c4ccc([N+](=O)[O-])cc4)cc3)cc(N3C(=O)c4ccc(C(*)(C(F)(F)F)C(F)(F)F)cc4C3=O)c1)C2=O,17.1881696,641,internal
*ON(C(F)(F)F)C(F)(F)C(*)(F)F,17.31090487,642,internal
*Oc1ccc(S(=O)(=O)c2ccc(Oc3ccc(-c4ccc(*)cc4)cc3)cc2)cc1,22.21547246,643,internal
*CCCCCCCCNC(=O)CCCCCCCCC(=O)NCCCCCCCCNC(=O)C(=O)N*,22.44231118,644,internal
*/C=C/C(C)C(*)C,16.53077558,645,internal
*c1sc(*)c(OCCCCCCCCCCCC)c1C,16.11371346,646,internal
*CC(*)(C)C(=O)OC(C(F)(F)F)C(F)(F)F,12.6767809,647,internal
*CC(*)C(=O)OC(C)CCCCCC,11.2218737,648,internal
*OC(=O)CCCCCC(*)=O,17.5417392,649,internal
*c1ccc(NC(=O)Nc2ccc(NC(=O)Nc3ccc(-c4nc(-c5ccc([N+](=O)[O-])cc5)[nH]c4*)cc3)cc2)cc1,19.2258376,650,internal
*CC(*)C(=O)OCC(C)(C)C,13.30665929,651,internal
*CCCCCCCCCCCNC(=O)CCCCCCCCCCCCCCCCCCC(=O)N*,24.48690078,652,internal
*CCCCCNC(=O)CCCCCCOCCCCCCC(=O)NCCCCCO*,19.41025454,653,internal
*c1ccc(-c2ccc3c(c2)C(CCCCCCBr)(CCCCCCBr)c2cc(*)ccc2-3)cc1,29.39678289,654,internal
*CCc1ccc(CCNC(=O)CCCCCCCCCCCCCCCC(=O)N*)cc1,20.56020443,655,internal
*CCCCCCCCCCC(=O)NCCCCCC(=O)N*,19.36818383,656,internal
*CCCCCCCCCCCCCCCCCCCCOC(=O)CC(=O)O*,19.41376744,657,internal
*C1CCC(*)C1,19.86080991,658,internal
*CC(*)(C)C(=O)OCC(C)(C)C1OCC(C)(C)CO1,10.65097658,659,internal
*CC(*)c1cccs1,15.89865681,660,internal
*CC(*)(C)C(=O)Oc1ccccc1,13.34805903,661,internal
*CCCCCCCCC(=O)NCCCCCCNC(=O)CCCCCCCCO*,20.81346955,662,internal
*CC(*)(C)C(=O)OCC1CCCO1,11.83904224,663,internal
*CC(*)C(=O)Oc1ccc(Cl)cc1Cl,15.04038649,664,internal
*CC(*)O[N+](=O)[O-],17.27231362,665,internal
*/C=C/c1ccc(*)c(-c2c(OCC(CC)CCCC)ccc3cc(-c4ccccc4)ccc23)c1,14.07025714,666,internal
*CCCCCNC(=O)CCCCCCCCCCCCCCCCC(=O)N*,20.46088256,667,internal
*CCCCCCCCC(=O)NCCCCCOCCCCCNC(=O)CCCCO*,19.44997486,668,internal
*Oc1ccc(OC(=O)CCCCCCCCC(*)=O)cc1,23.48222813,669,internal
*CC(*)c1cccc(N(c2ccc(C)cc2)c2ccc(C)cc2)c1,10.58513595,670,internal
*CCCCCCCCCCC(=O)NCCCCCOCCCCCNC(=O)CCCO*,22.28109939,671,internal
*CCCCCCCCCCC(c1ccc(O)cc1)C(*)c1ccc(O)cc1C,16.72244264,672,internal
*CC(*)C(=O)OCC(C)CC,13.54986722,673,internal
*CC(*)(C)C(=O)Oc1ccccc1C,13.62318206,674,internal
*CCCCCCNC(=O)C(CCCCCCCCCCCCCCCCC)C(=O)N*,16.83151528,675,internal
*CC(*)C(=O)Oc1cccc(C)c1,13.42046484,676,internal
*/C=C/CCCCCCC(Cl)CCCCCC*,19.54188854,677,internal
*CCCCCCCCCCCCCCCCCCCCC(*)COCCOCCOCCOCCOCCCCCC,18.76168306,678,internal
*CC(*)(C)C(=O)OC(F)(C(F)(F)F)C(F)(F)F,15.38423682,679,internal
*CCCCCCCCCCCCCCNC(=O)NCCCCCCNC(=O)N*,18.42693992,680,internal
*CCCCCCCCCCCCCCCCCCCCOC(=O)CCCCCC(=O)O*,22.86240687,681,internal
*C1CC2CC1C(*)C2CCCCCC,10.70862832,682,internal
*C1C(=O)N(c2ccccc2)C(=O)C1*,14.56697254,683,internal
*CC(*)c1ccc(C(C)=O)cc1,14.74755617,684,internal
*CCCCCCCCNC(=O)CCCCCCCCCCCCCCC(=O)N*,21.08607303,685,internal
*CCCCCCCCCCCCCCC(=O)O*,18.2412139,686,internal
*CC(*)(C)C(C)=O,15.25957674,687,internal
*CC(*)(Cl)C(=O)OC1CCCCC1,12.33320291,688,internal
*CCc1ccc(CCNC(=O)CCCCCCCCCCCCCCCCCCCCC(=O)N*)cc1,22.57031329,689,internal
*Oc1ccc(Oc2ccc(Oc3ccc(S(=O)(=O)c4ccc(*)cc4)cc3)cc2)cc1,24.89017712,690,internal
*CC(*)(C)C(=O)OCC1(C)COCOC1,10.74845321,691,internal
*CCCCCCCCCCCCCCCCCCCCOC(=O)CCCCSCCCCC(=O)O*,18.71887364,692,internal
*/C=C/*,34.672905605,693,internal
*CC/C=C(/*)C(C)(C)C,13.577310245,694,internal
*CC(*)C(=O)OC(CC)CC,12.41393583,695,internal
*c1cc(*)c(O)c(/C=N/c2ccc(Cl)cc2)c1,13.61558599,696,internal
*CC(*)c1ccc(CCC)cc1,13.03650471,697,internal
*CCOCCOC(=O)CCCCCCCCCCCCCCCCC(=O)O*,23.57437713,698,internal
*C1C(=O)N(c2ccc(C)cc2)C(=O)C1*,12.83180759,699,internal
*CC(*)(C)C(=O)OCCC#N,14.2239278,700,internal
*CC(*)OCC,15.66973123,701,internal
*CC(*)C(=O)OCCCCCCOc1ccc(C(=O)Oc2ccc(C#N)cc2)cc1,13.394951,702,internal
*/C=C/C(C)(C)C(*)(C)C,15.50648001,703,internal
*CC(CCCCCCCCCCCCCCCC)C1C(=O)N(CCCCCCCCCCCC)C(=O)C1*,11.65178394,704,internal
*CC(*)C=C(C)C,12.78661329,705,internal
*CC(*)C(=O)Oc1c(Cl)c(Cl)c(Cl)c(Cl)c1Cl,15.64579264,706,internal
*CC(*)(C)C(=O)OCCF,14.10579773,707,internal
*CC(*)C(=O)N(CCCC)CCCC,10.87629214,708,internal
*/C=C/c1cc(OCC2CC3CC2C2CCCC32)c(*)cc1OCC1CC2CC1C1CCCC21,17.43472846,709,internal
*Oc1ccc2c(c1)C1(CC2(C)C)CC(C)(C)c2ccc(OC(=O)c3cccc(C(*)=O)c3)cc21,15.18496739,710,internal
*CC(*)OC,16.476876,711,internal
*CO*,21.59688826,712,internal
*CC(*)C=O,19.22062685,713,internal
*CC(*)(C)C(=O)OCC1(C)COC(C)(C)OC1,11.46248639,714,internal
*c1ccc(N2C(=O)c3ccc(C(=O)c4ccc5c(c4)C(=O)N(c4ccc(-c6nc7cc(-c8ccc9nc(-c%10ccccc%10)c(*)nc9c8)ccc7nc6-c6ccccc6)cc4)C5=O)cc3C2=O)cc1,22.18257973,715,internal
*CC(*)c1ccccn1,14.84520894,716,internal
*CC(*)C(=O)OCCCSCCC#N,12.13020166,717,internal
*Oc1ccc2c(c1)C1(CC2(C)C)CC(C)(C)c2ccc(OC(*)=O)cc21,12.92707658,718,internal
*CC(*)C(=O)OC(CCC(CC)CCCC)CC(C)C,10.23167095,719,internal
*c1cccc(N2C(=O)c3ccc(Oc4ccc5c(c4)C4(CC(C)(C)c6ccc(Oc7ccc8c(c7)C(=O)N(*)C8=O)cc64)CC5(C)C)cc3C2=O)c1,20.26112885,720,internal
*c1ccc(-c2ccc(C(*)(C)C(F)(F)F)cc2)cc1,21.06056085,721,internal
*CC(*)C(=O)OCCSCC#N,13.88465277,722,internal
*CC(*)(C)C(=O)OC12CC3CC(C)(CC(C)(C3)C1)C2,10.05911169,723,internal
*Oc1ccc(S(=O)(=O)c2ccc(Oc3ccc(Cc4ccc(*)cc4)cc3)cc2)cc1,21.96383699,724,internal
*Oc1ccc(S(=O)(=O)c2ccc(Oc3ccc(C(C)(C)c4ccc(*)cc4)cc3)cc2)cc1,22.20715615,725,internal
*CCCCCCNC(=O)N*,23.54088095,726,internal
*CCCCCCCCCCC(=O)NCc1ccc(CNC(=O)CCCCCCCCCCS*)cc1,21.13686578,727,internal
*c1ccc(-c2ccc(C(*)(c3ccc(F)cc3)C(F)(F)F)cc2)cc1,20.76961788,728,internal
*CCCCCCCCCCCSCCCCCCS*,21.98769917,729,internal
*CC(*)C(=O)OCCCSC,12.36347326,730,internal
*CC(*)(C)C(=O)OC1CC2CCC1(C)C2(C)C,10.2622674,731,internal
*CCc1ccc(CCNC(=O)CCCCCCCCCCCCCCCCC(=O)N*)cc1,20.09079341,732,internal
*CCC1CC(*)C2C3CCC(C3)C12,15.81211052,733,internal
*Oc1ccc2c(c1)C1(CC2(C)C)CC(C)(C)c2ccc(OC(=O)c3ccc(C(*)=O)cc3)cc21,16.97613627,734,internal
*CC(*)(C)C(=O)OCCCCCCCCCC,10.58766356,735,internal
*CC(*)(C)C(=O)OC12CC3CC(CC(C3)C1)C2,10.82663282,736,internal
*c1ccc(Oc2cccc(Oc3ccc(N4C(=O)c5cccc(Oc6cccc(Oc7cccc8c7C(=O)N(*)C8=O)c6)c5C4=O)cc3)c2)cc1,17.29130819,737,internal
*Oc1cccc(OC(=O)c2ccc(C(C)(C)c3ccc(C(*)=O)cc3)cc2)c1,21.991583,738,internal
*c1ccc(-c2cc(-c3ccc(OCCCCCC)cc3)cc(-c3ccc(-c4ccc5c(c4)C(CCCCCC)(CCCCCC)c4cc(*)ccc4-5)cc3)c2-c2ccc(OCCCCCC)cc2)cc1,19.66529502,739,internal
*CC(*)C(=O)Oc1ccccc1C(C)(C)C,11.30667741,740,internal
*CC(*)C(=O)Oc1ccc(C(=O)OCCCC)cc1,12.11326982,741,internal
*CC(*)C(=O)OC(F)(C(F)(F)F)C(F)(F)F,14.21742857,742,internal
*CC(*)c1ccccc1COCCCCC,11.1484409,743,internal
*c1cc(*)c(O)c(/C=N/c2ccc(N3CCOCC3)cc2)c1,15.17923007,744,internal
*OS(=O)(=O)c1ccc(-c2ccc(S(=O)(=O)Oc3ccc(-c4ccc(*)cc4)cc3)cc2)cc1,23.22098571,745,internal
*Oc1ccc(S(=O)(=O)c2ccc(Oc3ccc(C(C)(C)c4ccc(*)c(C)c4)cc3C)cc2)cc1,20.44800803,746,internal
*CCS*,21.83251301,747,internal
*CCCCCCCCCCCCOC(=O)CCCCCNC(=O)CCCCC(=O)NCCCCCC(=O)O*,19.39078981,748,internal
*CCCCCCCCCCCCCCCCCCCCOC(=O)CCC(C)CC(=O)O*,19.1607057,749,internal
*CC(*)c1ccc(CCCCCCCCCCCCCCCCCC)cc1,13.54553558,750,internal
*CCCCNC(=O)CCCCCCC(=O)N*,18.29004994,751,internal
*CCCNS(*)(=O)=O,21.72486866,752,internal
*CC(*)(CC(=O)OCc1ccccc1)C(=O)OCc1ccccc1,10.67770667,753,internal
*c1ccc2c(c1)C(CCCCCC)(CCCCCC)c1cc(-c3cc(OCCCCCCCC)c(*)cc3OCCCCCCCC)ccc1-2,18.18381296,754,internal
*CCCCCCNC(=O)CCCCCCCCCCCCCCC(=O)N*,25.33874374,755,internal
*CCCCCCCCCCCCCCCCCCCCc1nnc(*)o1,21.82969596,756,internal
*C([2H])([2H])C(*)([2H])c1c([2H])c([2H])c([2H])c([2H])c1[2H],15.86735299,757,internal
*CCCCCCCCCCC(=O)NCCCCCCNC(=O)CCCO*,20.55029983,758,internal
*CC(*)(C)C(=O)OC1CC(C)CC(C)(C)C1,10.34521471,759,internal
*C1CC2C3CCC(C3)C2C1*,12.5969108,760,internal
*CC(*)c1ccc(Cl)cc1Cl,14.20802348,761,internal
*CC(*)CCCCCCCCC,10.8952526,762,internal
*CCCCCCCCCCNC(=O)CCCCCCC(=O)N*,22.25983328,763,internal
*CC(*)(C)C(=O)Oc1ccc(C(C)(C)C)cc1,11.99542846,764,internal
*CCCCNC(=O)CCCCC(=O)N*,18.074599,765,internal
*CC(*)(C(=O)OC)c1ccccc1,13.63274404,766,internal
*CC(*)C1CC1,14.17497209,767,internal
*CC(*)c1ccc(C)cc1,14.54352841,768,internal
*CC(*)C(=O)Oc1cccc(N(C)C)c1,12.53190731,769,internal
*C*,24.4363295,770,internal
*CCCCCCCCC(=O)NCCCCCCNC(=O)CCCO*,18.75749252,771,internal
*CCCCCNC(=O)O*,20.62252342,772,internal
*CC(*)C(=O)OCCC(C)OC,13.18729468,773,internal
*CC(*)(CC)C(=O)OCC,12.48037065,774,internal
*CC(*)CC(C)(C)C,11.55027129,775,internal
*CC(*)C(=O)NC(C)(C)C,12.90682668,776,internal
*CCCCOC(=O)CCCCCCCCCCCCCCCCCCCCCCCCCCCCCCCCCCC(=O)O*,25.68405963,777,internal
*CCCCCCCCCCOC(=O)CCCCCCCCCCCCCCCCC(=O)O*,20.54848101,778,internal
*CCCCCCCCCCCCCCCCCCCCOC(=O)C(=O)O*,22.92381656,779,internal
*CC(*)(Cl)C(=O)OC(C)CC,14.79567929,780,internal
*CC(*)C(=O)Oc1ccccc1Cl,13.82994352,781,internal
*CCCCCCCCCCCCCCCCCCNC(=O)CCc1ccc(CCC(=O)N*)cc1,21.36882265,782,internal
*CCCCCCCCCCCCCCNC(=O)CCCCCCCCCCCCCCCCC(=O)N*,21.34846534,783,internal
*CC(*)C(=O)OCCCCCCCCC,10.93715508,784,internal
*Oc1ccc(S(=O)(=O)c2ccc(Oc3ccc(C4(c5ccc(*)cc5)c5ccccc5-c5ccccc54)cc3)cc2)cc1,19.41986966,785,internal
*/C=C/c1cc(CCCCCCCCCCC)c(/C=C/c2ccc(*)cc2)cc1CCCCCCCCCCC,15.68183389,786,internal
*c1cc(O)c(O)cc1*,13.85120498,787,internal
*c1ccc(-c2nc3ccc(Oc4ccc5nc(*)c(-c6ccccc6)c(-c6ccccc6)c5c4)cc3c(-c3ccccc3)c2-c2ccccc2)cc1,25.28802464,788,internal
*CC(O*)c1ccccc1,12.8198381,789,internal
*CC(*)C(=O)NCCCCCCCCCCCCCCCC,12.35489175,790,internal
*Nc1ccc(*)cc1OCCCCCCCCCCCCCCCC,14.9826959,791,internal
*CCCCCCCCCNC(=O)CCCCCCCCCC(=O)N*,25.4839371,792,internal
*CC(*)C(=O)Oc1ccc(-c2ccccc2)cc1,11.54820166,793,internal
*CC(*)c1cc(-c2ccc(C(=O)OC(C)CCCCCC)cc2)ccc1-c1ccc(C(=O)OC(C)CCCCCC)cc1,10.01820949,794,internal
*CC(*)c1cc(Br)ccc1OCCCC,12.90254496,795,internal
*/C=C/c1cc(CCCCCCCCCCCC)c(/C=C/c2ccc(*)cc2)cc1CCCCCCCCCCCC,16.18461866,796,internal
*CC(*)(C)C#N,16.28256988,797,internal
*CC(*)(C)C(=O)OC,14.29532166,798,internal
*CC(*)c1ccc(CCCCCCCC)cc1,11.37694228,799,internal
*CCCCCCCCCCCCCCCCCCCCOC(=O)CCCCCCC(=O)O*,20.14069114,800,internal
*CC(*)OC(=O)C1(F)C(F)(F)C(F)(F)C(F)(F)C(F)(F)C1(F)F,13.56949767,801,internal
*CCCCCCCCCCCCNC(=O)CCCCC(=O)N*,22.08425305,802,internal
*C1C2CCC(C2)C1*,14.8573309,803,internal
*CC(*)C(=O)OCCCCCCCCCCCCCC,11.51022625,804,internal
*CC(*)C(=O)OCC(C)CCC,12.10743643,805,internal
*CC(*)(C)C(=O)OCCC(C)(C)C,11.4609216,806,internal
*CC(*)C(=O)NCCCCCC(=O)O,11.78404643,807,internal
*CCCCCCCCCCCC(=O)N*,21.42021733,808,internal
*CC(*)C(=O)OCCCCCCCCCCCCCCCCCCCCCC,13.56836556,809,internal
*CC(*)(C)C(=O)OCCCCCCCCCCCC,11.1507459,810,internal
*Oc1ccc(C(C)(C)c2ccc(Oc3ccc(C(=O)Nc4ccc(-c5ccc(NC(=O)c6ccc(*)cc6)cc5C(F)(F)F)c(C(F)(F)F)c4)cc3)cc2)cc1,27.69445684,811,internal
*CC(*)c1cccc(NC(C)=O)c1,12.26908267,812,internal
*CC(*)c1ccc(-c2ccc3c(c2)C(CCCCCC)(CCCCCC)c2cc(-c4ccc5c(c4)C(CCCCCC)(CCCCCC)c4ccccc4-5)ccc2-3)cc1,12.74028627,813,internal
*c1cc(/C=N/c2ccc(C)cc2)c(*)c(OC)c1,24.66422713,814,internal
*CCCC1CC(=O)N(*)C(=O)C1,17.92550338,815,internal
*CCC(C(=O)OCC)C(*)C(=O)OCC,17.46362519,816,internal
*CC(*)c1ccc(CCCCCCCCCCCC)cc1,11.9470464,817,internal
*CC(*)(C)C(=O)OC(C)C(C)(C)C,10.99075229,818,internal
*CC(*)C(=O)OCCCC,12.71172021,819,internal
*CCCCCCCCCCOC(=O)CCCCCCCCC(=O)O*,21.56106622,820,internal
*CCCCCCCCCCNC(=O)CCCCCCCCCCCCCCCCCCCCC(=O)N*,21.19385371,821,internal
*CCCCCCCCCCCCO*,24.21423422,822,internal
*CCCCCCNC(=O)CCCCCCCCCCCCC(=O)N*,22.40485025,823,internal
*Oc1c(C)cc(*)cc1C,16.3810139,824,internal
*CC(*)(C)C(=O)OCCNC(C)(C)C,11.94476747,825,internal
*CC(*)(C)C(=O)OC(F)(F)C(F)(F)C(F)(F)C(F)(F)C(F)(F)C(F)(F)C(F)(F)C(F)(F)F,12.13515797,826,internal
*CCCCCCCCCCCCNC(=O)CCCCCCCCCCCCCCCCCCCCC(=O)N*,22.00194528,827,internal
*CC(*)c1cccc(OC(C)=O)c1,14.19064142,828,internal
*Oc1ccc(C(=O)c2ccc(*)cc2)cc1,25.66079856,829,internal
*c1cc(CCCCCCCCCCCCCCC)c(*)s1,16.04613034,830,internal
*CC(*)C(=O)OCCCSCC,13.79806606,831,internal
*C(F)(F)C(F)(F)C1(F)C(*)(F)OC(F)(F)C1(F)F,19.456651,832,internal
*CC(*)(C)C(=O)OCc1ccccc1Cl,13.32041855,833,internal
*CCCCCCCCCCCCCCC(=O)N*,23.00931982,834,internal
*Oc1ccc(S(=O)(=O)c2ccc(Oc3c(C)cc(C(c4cc(C)c(*)c(C)c4)(C(F)(F)F)C(F)(F)F)cc3C)cc2)cc1,21.11102867,835,internal
*CC(*)C(=O)OCCN(CC)c1ccc(/N=N/c2ccc([N+](=O)[O-])cc2)cc1,12.43938389,836,internal
*/C=C/CCCCCCCCCC(Cl)CCCCCCCCC*,20.00761368,837,internal
*CC(*)c1cccc2ccccc12,12.95937506,838,internal
*CC(*)C(=O)NCCCCCCCCCCCCCC,11.91385451,839,internal
*CC(*)C(=O)OC1CCCCC1,11.16519036,840,internal
*CC(*)c1ccc(C(C)(C)O)cc1,12.4288407,841,internal
*CC(*)C(=O)Oc1ccc(C(C)(C)C)cc1,10.3213082,842,internal
*CCCCCCCCCCCNC(=O)CCCCCCCCC(=O)NCCCCCCCCCCCNC(=O)C(=O)N*,21.31594048,843,internal
*Oc1c(-c2ccccc2)cc(*)cc1-c1ccccc1,16.01472431,844,internal
*CCCCCCCCCCCCCCCCCCCCOC(=O)COCC(=O)O*,21.36408001,845,internal
*CC(*)C(=O)OCCc1ccccc1,12.57995644,846,internal
*c1cc(CCCCCCCCCCCCCC)c(*)s1,16.14848283,847,internal
*CC(*)c1ccc(F)cc1,16.36886102,848,internal
*CCCOC(=O)C1CCC(C(=O)O*)CC1,20.95656384,849,internal
*C1CC2CC1C(*)C2CCCC,12.17988527,850,internal
*CCCCCCCCCCCCCCCCCCNC(=O)CCCCCCCCCCC(=O)N*,20.23441523,851,internal
*CC(*)c1ccc(OC(C)=O)cc1,13.82349277,852,internal
*CC(*)(C)C(=O)OCCCCCC,11.78953051,853,internal
*C1CCC1*,14.41189122,854,internal
*c1[nH]c(*)c(CC(=O)OCCCCCCCCCCCC)c1CC(=O)OCCCCCCCCCCCC,11.77651013,855,internal
*CCCCCCCNC(=O)CCCCCCCCC(=O)N*,20.0736371,856,internal
*CCCCCCCCCCOCCCCCCCCCCOCCCCO*,21.18686489,857,internal
*CC(*)CCCCCCCCCCC,10.73852636,858,internal
*CC(*)c1ccc(-c2ccc3c(c2)C(CCCCCC)(CCCCCC)c2ccccc2-3)cc1,10.82333757,859,internal
*c1ccc2c(c1)C(CCCCCC)(CCCCCC)c1cc(-c3cc(CCCCCCCC)c(*)cc3CCCCCCCC)ccc1-2,17.51524142,860,internal
*CC(*)C(=O)OCCCCCCCCCCCCCCCC,12.59659455,861,internal
*CC(*)(C)C(=O)OC1CCC(C)CC1,11.80505526,862,internal
*CCCCCCCCCCCCCCCCOC(=O)CCCCCCCCC(=O)O*,22.06826429,863,internal
*Oc1ccc(C(C)(C)c2ccc(OC(=O)c3cccc(C(*)=O)c3)cc2)cc1,18.7163871,864,internal
*CCCNC(=O)CCCCCCCCCCCCCCCCCCC(=O)N*,20.46241251,865,internal
*CC(*)c1ccc(C(C)C)cc1C(C)C,10.87873099,866,internal
*CC(*)(C)c1ccc(C(C)C)cc1,12.41984319,867,internal
*CC(*)C(=O)N1CCOCC1,11.35819502,868,internal
*CC(*)(C)C(=O)OCC(C)(C)C,10.91862442,869,internal
*CC(*)(Cl)C(=O)OCCC,12.27540357,870,internal
*Oc1ccc(-c2ccc(-c3cc(-c4ccccc4)c(-c4ccc(-c5ccc(OC(=O)c6ccc(C(*)=O)cc6-c6ccccc6)cc5)cc4)c(-c4ccccc4)c3-c3ccccc3)cc2)cc1,27.63852935,871,internal
*CCc1ccc(*)s1,25.29233638,872,internal
*CCCCCCCCCCNC(=O)CCCCCCCCC(=O)NCCCCCCCCCCNC(=O)C(=O)N*,21.885982,873,internal
*C1CC2CC1C(*)C2CCCCCCCCCC,14.39063477,874,internal
*Nc1ccc(*)cc1CCCCCCCCCCCCCCC,16.45604164,875,internal
*CCCCCCCCCCCCCCCCCCCCCCOC(=O)CCC(=O)O*,22.64614546,876,internal
*CCCCCCCCNC(=O)CCCCCCCC(=O)N*,19.77502946,877,internal
*CCCCCCCCNC(=O)CCCCCCCCCCC(=O)N*,22.0513884,878,internal
*CS*,21.43297913,879,internal
*CCNC(=O)CCCCCCCCCCCCCCCCC(=O)N*,19.09375808,880,internal
*CC(*)(C)C(=O)OCCCl,14.37849945,881,internal
*CCCCCCS(*)(=O)=O,20.45790421,882,internal
*c1cc(CCCCCCCCCCCCCCCCCC)c(*)s1,14.38765864,883,internal
*/C=C/CCCCCCCCCC(CCCCCCCCC*)COCCOCCOCCOCCOCCCCCC,16.02209513,884,internal
*CC(*)c1ccc(CCCCCCCCCC)cc1,11.38875554,885,internal
*CC(CC(*)(C#N)C(=O)OC)c1ccccc1,16.39022868,886,internal
*CCCCCCCCCCCCCCCCCCCCOC(=O)CCCC(=O)O*,20.12266872,887,internal
*CC(*)C(=O)OC(C)CCCCC,11.17976548,888,internal
*/C=C/C(C(=O)OC(C)C)C(*)C(=O)OC(C)C,13.10146733,889,internal
*CC(*)CCCCCCCCCCCC,11.32200697,890,internal
*/C=C/c1cc(OCCCCCC)c(*)cc1OC,21.10266717,891,internal
*CC(*)(C)C(=O)Oc1ccc2ccccc2c1,12.73790543,892,internal
*CCCCCC(*)CCCCCCCCCCCCCC,14.47745133,893,internal
*CC(*)CC(C)C,11.25375484,894,internal
*CCC1CCC(*)C1,25.78669657,895,internal
*CC(*)OC(=O)c1ccccc1,13.40000836,896,internal
*CC(*)(C)C(=O)Oc1ccc(CC#N)cc1,12.67707231,897,internal
*c1ccc2ccc3c(*)cc(C#CC=C)c4ccc1c2c34,34.48730282,898,internal
*CC(*)C(=O)NCCCCCCCC/C=C/CCCCCCCC,12.94376545,899,internal
*CC(*)C(=O)OCCCCSC,12.27513461,900,internal
*CC(*)c1cc(Br)ccc1OCC,13.17144668,901,internal
*CCCCCCCCCCCCOC(=O)CCCCC(=O)O*,19.57740116,902,internal
*CC1(*)CCCCC1,12.99416817,903,internal
*CCCCCCCCCCNC(=O)CCCCCCCCCCCC(=O)N*,24.40781229,904,internal
*/C=C(/*)CCCCCCCCCCCCCCCCCCCCC(=O)O,14.07855526,905,internal
*OC(*)CCC#N,13.31406094,906,internal
*CCCCCCCNC(=O)CCCCCCCCCCCCCCCCCCC(=O)N*,21.54347658,907,internal
*CC(*)c1ccccc1COCCC(C)C,10.79545525,908,internal
*Oc1ccc(C2(c3ccc(OC(*)=O)cc3)CC3CCC2C3)cc1,20.59461102,909,internal
*CC(*)(CC(=O)OCC)C(=O)OCC,13.08823383,910,internal
*/C=C/CC*,19.29341066,911,internal
*CCCCCCCCCCCCCCOC(=O)CCCCC(=O)O*,21.38435354,912,internal
*CC(*)CCC(C)C,12.17429097,913,internal
*CC(*)C#N,20.43708909,914,internal
*Oc1cccc(NC(=O)CCCCCCCCCCC(=O)Nc2ccc(*)cc2)c1,21.51389258,915,internal
*CC(*)(CC(=O)OCCCc1ccccc1)C(=O)OCCCc1ccccc1,10.10003467,916,internal
*CC(*)(C)C(=O)Oc1ccc(C)cc1C,12.26970455,917,internal
*CC(*)CC1CCCCC1,9.943107453,918,internal
*CCCCCCCCCCCCCCNC(=O)CCCCCCCCC(=O)N*,18.81872143,919,internal
*CCCCCCCCCCCCOC(=O)CCCCCCC(=O)O*,19.58490022,920,internal
*CC(*)c1ccc(Cl)cc1C,13.55500415,921,internal
*CC(*)(C)C(=O)OCCS(=O)CC,12.05051013,922,internal
*CC(*)C(=O)OCCC(C)C,11.86917301,923,internal
*Sc1c(C)cc(*)cc1C,18.9131789,924,internal
*CC(*)C(=O)NC(C)C,13.50097132,925,internal
*Oc1ccc(C(C)(C)c2ccc(OC(=O)c3ccc(C(*)=O)cc3)cc2)cc1,25.54111019,926,internal
*CC(*)OCCCCCCCCCCCCCCCCCC,12.10790061,927,internal
*CC(*)CCCCCCCCCCCCC,11.57516404,928,internal
*CCCCCCCCCCCNC(=O)CCCCC(=O)N*,21.59948372,929,internal
*=C=C=C(CCCCOC(=O)Nc1ccccc1)C(=*)CCCCOC(=O)Nc1ccccc1,15.55466977,930,internal
*CC(*)c1cc(Cl)ccc1Cl,15.81204712,931,internal
*CC(*)(C#N)C(=O)OC,17.02409485,932,internal
*/C=C/CCC*,18.18601938,933,internal
*CCCCCCCCCCC(Cl)C(*)Cl,22.70085055,934,internal
*CC(*)(CC(=O)OC1CCCCC1)C(=O)OC1CCCCC1,10.04778986,935,internal
*/C=C/c1cc(OCCCCCCCC)c(*)cc1OC,17.48153992,936,internal
*CCc1c(Cl)c(Cl)c(*)c(Cl)c1Cl,22.58883992,937,internal
*CC(*)(C#N)C(=O)OCCCCCC,12.966416,938,internal
*Oc1ccc(NC(=O)CCCCCCCCCC(=O)Nc2ccc(*)cc2)cc1,27.22066116,939,internal
*CC(*)CCCCCCCC,11.50351128,940,internal
*CC(*)C(C)C,12.12922155,941,internal
*CC(*)c1ccc(COCCOCCCCCCCC)cc1,11.54920484,942,internal
*OC1CCCCC1*,14.6102827,943,internal
*CC(*)C(=O)Oc1ccc(OC)cc1,14.44836262,944,internal
*CCNC(=O)CCCCCCCCC(=O)N*,16.962466,945,internal
*C1C=CC(*)C1,18.92440401,946,internal
*CC(*)C(=O)OC(C)CC(C)C,11.11375504,947,internal
*CCCCCCCCCCC(=O)NCCCCCOCCCCCNC(=O)CCCCO*,19.75537697,948,internal
*CC(*)C(=O)OC12CC3CC(C)(CC(C)(C3)C1)C2,9.767195327,949,internal
*CCCCCCCCCCCCCCc1ccc(-c2c(-c3ccccc3)cc(-c3ccc(-c4cc(-c5ccccc5)c(-c5ccc(*)cc5)c(-c5ccccc5)c4-c4ccccc4)cc3)c(-c3ccccc3)c2-c2ccccc2)cc1,20.47027569,950,internal
*CC(*)CCCCCCCCCCCCCC,11.75279889,951,internal
*CCCCCCCCCCOCCCCCCOCCCCCCO*,21.78044662,952,internal
*C(=O)N(*)CCCCCCCCCCCCCCCCCC,12.57201307,953,internal
*CC(*)CCC,12.33123131,954,internal
*CC(*)(C)C(=O)OC(C)C(F)(F)F,13.75326334,955,internal
*CC/C=C(/*)CCCCCCCCCC,13.05800565,956,internal
*/C=C/c1cc(OCCCCCCCCCCCCCCCC)c(/C=C/c2ccc(*)cc2)cc1OCCCCCCCCCCCCCCCC,15.92222857,957,internal
*/C=C/c1cc(OCCCCCCCCCCCC)c(*)cc1OC,20.35612021,958,internal
*CC(*)(C)C(=O)OCc1ccccc1,12.3992761,959,internal
*CCCCCNC(=O)CCCCCCCCCCCC(=O)N*,21.69094086,960,internal
*CC(*)c1ccc(O)c(OC)c1,14.62592281,961,internal
*CC(*)C(=O)OCCCCCCCCCCCCCCCCCC,13.46584828,962,internal
*CC(*)OC(=O)CCCCCCCCCCCCCCCCC,12.48057398,963,internal
*c1ccc(-c2ccc(-c3ccc(C(*)(CC)C(F)(F)F)cc3)cc2)cc1,22.38019563,964,internal
*CCCCCCCCCCCCCCNC(=O)CCCCCCCCCCC(=O)N*,23.16076788,965,internal
*/C=C/c1ccc(*)c(-c2cc(OCCC(C)C)c(OCCC(C)C)cc2-c2ccc(OC)cc2)c1,17.48157569,966,internal
*CC(*)(CC(=O)Oc1ccccc1)C(=O)Oc1ccccc1,11.69552442,967,internal
*CC(*)c1ccc(COCCCCCCOc2ccc(-c3ccc(OC)cc3)cc2)cc1,13.64379867,968,internal
*Oc1ccc(S(=O)(=O)c2ccc(Oc3c(C)cc(C(C)(C)c4cc(C)c(*)c(C)c4)cc3C)cc2)cc1,13.70570836,969,internal
*c1c(-c2ccccc2)c(-c2ccccc2)c(*)c2cc(C3(c4ccc(C#Cc5ccccc5)c(C#Cc5ccccc5)c4)c4ccccc4-c4ccccc43)ccc12,11.54976157,970,internal
*CC(*)C(=O)N(C)c1ccccc1,11.67331343,971,internal
*CC(*)(C)C(=O)OC(F)(C(F)(F)F)C(F)(F)Cl,14.48982121,972,internal
*CC(*)C(=O)N(C)C,14.4722603,973,internal
*CC(*)OC(=O)CCCCCCCCCCCCCCC,12.0896889,974,internal
*CC(*)c1ccc(CCCCCCCCCCCCCC)cc1,12.56559059,975,internal
*CC(*)(C)C(=O)OCCCCCCCC,11.61104884,976,internal
*CC(*)C(=O)OCC,14.48303439,977,internal
*CC(*)C(=O)NCCCC,11.69729541,978,internal
*CCCCCCCCCCCCCCNC(=O)CCCCCCCCCCCCCCCCCCCCC(=O)N*,21.89554378,979,internal
*CC(*)n1c2ccccc2c2ccccc21,11.82300548,980,internal
*CC(*)(C)C(=O)OCCCCC,11.58525278,981,internal
*CC(CCl)(CCl)O*,14.62361719,982,internal
*CC(*)(C)C(=O)OCCCC,12.81294077,983,internal
*CC(*)(CC(=O)Oc1ccccc1C)C(=O)Oc1ccccc1C,11.34414762,984,internal
*CCCCCCCCCNC(=O)CCCCCCCC(=O)N*,22.95997032,985,internal
*CCCCCCCCCCCCCCCCCCCCC(*)Cl,22.5555845,986,internal
*CC(*)(C)C(=O)OC(C)CC,12.66511883,987,internal
*c1cccc(*)c1,20.5902314,988,internal
*CC(*)C(=O)OCCCCCC,11.92379481,989,internal
*CC(*)(C)C(=O)OCCN(C)C,12.3457196,990,internal
*CC(C)(C)O*,13.695157,991,internal
*CC(*)C(=O)OCCSC,15.7280871,992,internal
*CCCCCCCCNC(=O)CCCCCCCCCCCCCCCCC(=O)N*,21.13049646,993,internal
*c1nc(-c2ccccc2)nc(N(c2ccccc2)c2ncnc(N(*)c3ccccc3)n2)n1,15.96371163,994,internal
*c1cc(CCCCCCCCCCCC)c(*)cc1CCCCCCCCCCCC,11.74161872,995,internal
*CCCCCCCCCCCCCNC(=O)CCCCCCCCCCCC(=O)N*,22.20373128,996,internal
*Oc1ccc(C(C)(C)c2ccc(OC(=O)CN(CC(*)=O)c3ccc(/N=N/c4ccc([N+](=O)[O-])cc4)cc3)cc2)cc1,16.76101041,997,internal
*CC(*)c1cc(C)ccc1C,13.45177375,998,internal
*CC(*)C(=O)c1ccc(C)cc1,11.41539018,999,internal
*c1cc(CCCCCCCCCCCCCCCC)c(*)[nH]1,14.71408344,1000,internal
*CC(*)c1cccc(Cl)c1,14.9638119,1001,internal
*CC(*)C(=O)N(C(C)C)C(C)C,11.58798505,1002,internal
*CC(*)CCC(C)CC,11.37248496,1003,internal
*CC(*)CNc1ccc([N+](=O)[O-])cn1,12.89532483,1004,internal
*Cc1ccc(CNC(=O)CCCCCCCCCCCCCCCCC(=O)N*)cc1,19.70952259,1005,internal
*CCCCCCCCCCNC(=O)CCCCCCCCCCCCCCCCCCC(=O)N*,24.81577292,1006,internal
*CCCCCCCCCCCCCCCCCCCCCCOC(=O)CCCCC(=O)O*,19.43446517,1007,internal
*CCC([2H])C(*)([2H])C,19.33954208,1008,internal
*CC(*)(C#N)C(=O)OCC,15.74241811,1009,internal
*CCCCCCNC(=O)C(CCCCCCCCCCCCCCCC)C(=O)N*,13.96037752,1010,internal
*CCN(*)C(=O)CCCCCCCCCCCCCCCCC,12.96507874,1011,internal
*CC(*)OC(=O)CCCCCCCCCCC,11.53444859,1012,internal
*c1ccc(-c2ccc(C(*)(C)C)cc2)cc1,21.2582938,1013,internal
*CC(*)C(=O)NCCCCCCCCCCCCCCCCCC,12.90114502,1014,internal
*CCCCCCC(=O)NCCCCCCNC(=O)CCCCCCO*,21.61972619,1015,internal
*CC(*)C(=O)NCCCCCCCCCCCC,11.87004823,1016,internal
*CC(*)C(C)CC,10.88423334,1017,internal
*CCCCCCNC(=O)CCCCCCCCCCCCCCCCC(=O)N*,20.51606091,1018,internal
*CC(*)(C)C(=O)OC1CCCCC1C,10.922036,1019,internal
*/C=C/c1cc(OCC(CC)CCCC)c(*)cc1-c1ccc(F)c(C(F)(F)F)c1,22.21132757,1020,internal
*CCCCCCCCCCCCCCC(*)Cl,21.91642918,1021,internal
*CC(*)C(=O)Oc1ccc(Cl)cc1,14.07962276,1022,internal
*CCCCCCCCCCCCCCCCCCNC(=O)CCCCCCCCCCCCCCCCC(=O)N*,22.40951609,1023,internal
*CC(*)c1ccccc1C,11.81194142,1024,internal
*CCC/C=C(/*)c1ccc(Cl)cc1,16.28575806,1025,internal
*CCCCCCCCCCCCCCCCCCOCO*,20.46039767,1026,internal
*c1ccc(-c2sc(-c3cc(CCCCCCCCCCCC)c(*)s3)cc2CCCCCCCCCCCC)cc1,19.30135388,1027,internal
*CCCCCCCCCCNC(=O)CCCCCCCCC(=O)N*,22.1235356,1028,internal
*CCCCNC(=O)CCCCCCCCCCCCCCC(=O)N*,22.41096002,1029,internal
*CCCCCCCCCNC(=O)CCCCCCCCC(=O)NCCCCCCCCCNC(=O)C(=O)N*,18.37068887,1030,internal
*CCC(*)=O,22.19638383,1031,internal
*/C=C/CCCCCCCC*,19.34707652,1032,internal
*SC(*)(F)F,24.17920498,1033,internal
*CC(*)c1ccc(CCCCCCCCC)cc1,11.44773012,1034,internal
*CC(*)c1ccc(S(=O)(=O)O)cc1,14.50652497,1035,internal
*CC(*)(CC(=O)OCCC)C(=O)OCCC,11.16357076,1036,internal
*c1ccc(C(C)(C)c2ccc(-n3c(=O)c4cc5c(=O)n(*)c(=O)c5cc4c3=O)cc2)cc1,25.11101976,1037,internal
*/C=C/c1ccc(*)c(-c2cc(OCC(CC)CCCC)c(-c3ccccc3)cc2OCC(CC)CCCC)c1,13.74155321,1038,internal
*c1ccc(C2C(C(=O)OCC)C(*)C2C(=O)OCC)cc1,16.56532099,1039,internal
*CC(*)(Cl)C(=O)OCC,16.552184,1040,internal
*CCN(*)C(=O)CCCCCCCCCCCCCCC,12.67666102,1041,internal
*CC(*)C1CC=CCC1,12.70353444,1042,internal
*CC(*)Cl,21.12197193,1043,internal
*CCCCCC(=O)O*,18.83367597,1044,internal
*CCCC(=O)NCc1ccc(CNC(=O)CCCO*)cc1,20.18778178,1045,internal
*Oc1ccc(C2(c3ccc(OC(*)=O)cc3)CC(C)CC(C)(C)C2)cc1,17.75581966,1046,internal
