SMILES,Tc,id
*CC*,0.456184962,0
*CC(*)CC1CCCCC1,0.227466479,1
*CC(*)Cc1ccccc1,0.19439776116666665,2
*CC(*)CCCCCCCCCC,0.339239368,3
*CC(*)CCCCCCCCCCCCCCCC,0.374019263,4
*/C=C\CC*,0.266947942,5
*C=CCC*,0.314780299,6
*C(C)C(*)C,0.264498348,7
*/C=C/*,0.394,8
*C=CCCCCCCCC*,0.343357529,9
*CC(*)CCCCCCCCCCCCCCCCCCCC,0.397584909,10
*C=CCCCCCC*,0.302191029,11
*/C=C\CCCC*,0.263602776,12
*CC(*)CCCCCCCCCCCCC,0.34372007216666667,13
*C(CC)C(*)CC,0.250042719,14
*CC(*)CCCCCCCCCCC,0.32485002233333327,15
*CCC=C(*)CCCCCCC,0.278102134,16
*CCC=C(*)C(C)C,0.235767575,17
*/C=C\CCC*,0.244482147,18
*/C=C\*,0.573236329,19
*/C=C\CCCCC*,0.271936281,20
*C=CC1CCC(*)C1,0.309193929,21
*CCC=C(*)CCC,0.257522564,22
*C=CCCCCCCCCCC*,0.357300526,23
*C=CC(C)CCCCC*,0.264312063,24
*CC/C=C(\*)C(C)(C)C,0.230866797,25
*CC(*)c1ccccc1,0.203029804,26
*CC(*)c1ccccc1COC,0.2019937483333333,27
*CC(*)c1ccccc1COCCCC,0.2150228763333333,28
*CC(*)c1ccccc1C(=O)NC,0.1882909208333333,29
*CC(*)c1ccccc1C(=O)O,0.221643379,30
*CC(*)c1ccccc1F,0.1773628363333333,31
*CC(*)c1cccc(Cl)c1,0.141799826,32
*CC(*)c1cccc(F)c1,0.16396944716666667,33
*CC(*)c1ccc(C(C)C)cc1,0.245006224,34
*CC(*)c1ccc(C(C)CC)cc1,0.23187009,35
*CC(*)c1ccc(CCCCCCCCC)cc1,0.2767621825,36
*CC(*)c1ccc(CCCCCCCCCCCC)cc1,0.30311939450000003,37
*CC(*)c1ccc(CCCCCCCCCCCCCCCC)cc1,0.33902727349999995,38
*CC(*)c1ccc(-c2ccccc2)cc1,0.200955009,39
*CC(*)c1ccc(COCCOCC)cc1,0.249515883,40
*CC(*)c1ccc(C#N)cc1,0.174135805,41
*CC(*)c1ccc(Cl)cc1,0.150273069,42
*CC(*)c1ccc(Br)cc1,0.124850886,43
*CC(*)c1ccc(C(F)(F)C(F)(F)C(F)(F)C(F)(F)C(F)(F)C(F)(F)C(F)(F)F)cc1,0.116253947,44
*CC(*)c1ccc(C(C)=NO)cc1,0.262934975,45
*CC(*)c1ccc(C(C)(O)CCC)cc1,0.266747745,46
*CC(*)c1ccc(C(C)(O)CCCC)cc1,0.262999518,47
*CC(*)c1ccc(C(C)(O)CCCCC)cc1,0.27418578,48
*CC(*)c1ccc(C(O)CCN(C)C)cc1,0.268210349,49
*CC(*)c1ccc(C(O)CCN2CCCCC2)cc1,0.250363552,50
*CC(*)c1ccc(C(O)CCN2CCOCC2)cc1,0.232670764,51
*CC(*)c1ccc(COC)cc1,0.228853851,52
*CC(*)c1ccc(COCCO)cc1,0.25859742,53
*CC(*)c1ccc(COCCC)cc1,0.237335127,54
*CC(*)c1ccc(COCCCC)cc1,0.260603141,55
*CC(*)c1ccc(COCCCCO)cc1,0.272183986,56
*CC(*)c1ccc(COC(C)CC)cc1,0.247595241,57
*CC(*)c1ccc(COCCCCCC)cc1,0.261210733,58
*CC(*)c1ccc(COCCOCCCC)cc1,0.2507784,59
*CC(*)c1ccc(C(=O)N(C)C)cc1,0.247926371,60
*CC(*)c1ccc(C(=O)N(CC)CC)cc1,0.241507546,61
*CC(*)c1ccc(C(=O)N2CCCCC2)cc1,0.235723579,62
*CC(*)c1ccc(C(=O)CCN2CCCCC2)cc1,0.245284571,63
*CC(*)c1ccc(C(=O)N2CCOCC2)cc1,0.22605657,64
*CC(*)c1ccc(C(=O)OCC)cc1,0.235563807,65
*CC(*)c1ccc(C(=O)OCCC)cc1,0.24176446,66
*CC(*)c1ccc(C(=O)OC(C)C)cc1,0.250453544,67
*CC(*)c1ccc(C(=O)OCCCC)cc1,0.261827286,68
*CC(*)c1ccc(C(=O)OCC(C)C)cc1,0.237523806,69
*CC(*)c1ccc(C(=O)OCCCCCC)cc1,0.258101979,70
*CC(*)c1ccc(C(=O)CC)cc1,0.244573024,71
*CC(*)c1ccc(C(=O)CCC)cc1,0.245764324,72
*CC(*)c1ccc(C(=O)CCCC)cc1,0.263241449,73
*CC(*)c1ccc(C(=O)CCCCC)cc1,0.258123945,74
*CC(*)c1ccc(C(=O)CCCCCCC)cc1,0.26903501516666667,75
*CC(*)c1ccc(C(=O)Cc2ccccc2)cc1,0.219547247,76
*CC(*)c1ccc(C(=O)c2ccccc2)cc1,0.216592432,77
*CC(*)c1ccc(C(=O)c2ccc(C)cc2)cc1,0.242415832,78
*CC(*)c1ccc(F)cc1,0.163887726,79
*CC(*)c1ccc(I)cc1,0.097198673,80
*CC(*)c1ccc(N(C)C)cc1,0.270531824,81
*CC(*)c1ccc(OC)cc1,0.215501326,82
*CC(*)c1ccc(OCC)cc1,0.242464965,83
*CC(*)c1ccc(OCCC)cc1,0.243869844,84
*CC(*)c1ccc(OCCCC)cc1,0.246692673,85
*CC(*)c1ccc(OCCC(C)C)cc1,0.282457207,86
*CC(*)c1ccc(Oc2ccccc2)cc1,0.221253857,87
*CC(*)c1ccc(-c2ccc(-c3ccccc3)cc2)cc1,0.239465602,88
*CC(*)c1ccc(S(=O)(=O)OCCC)cc1,0.209057278,89
*CC(*)c1c(Cl)cccc1Cl,0.113806933,90
*CC(*)c1cc(Cl)ccc1Cl,0.11205556549999995,91
*CC(*)c1cc(F)ccc1F,0.14335815466666665,92
*CC(*)c1cc(Br)ccc1OC,0.1303430665,93
*CC(*)c1cc(Br)ccc1OCCC,0.1370758895,94
*CC(*)c1cc(Br)ccc1OCCCCC,0.158028467,95
*CC(*)c1cc(C)cc(C)c1,0.239838224,96
*CC(*)c1ccc(Cl)c(C)c1,0.15320610699999998,97
*CC(*)c1ccc(Cl)c(Cl)c1,0.11127888450000001,98
*CC(*)c1ccc(Cl)c(F)c1,0.12439841700000001,99
*CC(*)c1c(F)c(F)c(F)c(F)c1F,0.111121575,100
*C(F)(F)C(*)(F)c1ccccc1,0.209551814,101
*C(F)(F)C(*)(F)c1c(F)c(F)c(F)c(F)c1F,0.109340544,102
*CC(*)c1ccc(C(C)=O)cc1,0.23337562983333332,103
*CC(*)c1ccc(C(=O)CCN2CCOCC2)cc1,0.241083815,104
*CC(*)(C)c1ccc(C)cc1,0.206248478,105
*C(c1ccccc1)C(*)[N+](=O)[O-],0.16724356,106
*CC(*)c1ccc(C(=O)C(F)(F)F)cc1,0.154440392,107
*CC(*)c1ccc(C(=O)c2ccc(OC)cc2)cc1,0.245710563,108
*CC(*)c1ccc2ccccc2c1,0.189317179,109
*CC(*)c1ccncc1,0.194624132,110
*CC(*)c1cccc(C)n1,0.231875326,111
*CC(*)c1ccc(C)nc1,0.216347814,112
*CC(*)N1Cc2ccccc2N1,0.210041586,113
*CC(c1ccccn1)C(c1ccccc1)C(*)c1ccccn1,0.19889562,114
*CC(*)c1ccc(CCC)cc1,0.23874264099999998,115
*CC(*)c1ccc(COCC(CC)CCCC)cc1,0.264439455,116
*CC(*)c1ccc(C(F)(F)C(F)(F)C(F)(F)C(F)(F)C(F)(F)C(F)F)cc1,0.115569094,117
*C([2H])([2H])C(*)([2H])c1c([2H])c([2H])c([2H])c([2H])c1[2H],0.1989689355,118
*CC(*)O,0.431368951,119
*CC(*)OC,0.261936839,120
*CC(*)OCC,0.24435517499999998,121
*CC(*)OC(C)=O,0.258656205,122
*CC(*)CCCCCCCCCO,0.330609059,123
*CC(*)CCN(C(C)C)C(C)C,0.274221978,124
*CC(*)CCCN(C(C)C)C(C)C,0.27772076,125
*C=CC(C)C(*)C(=O)OC,0.242911397,126
*C#C/C(COS(=O)(=O)c1ccc(C)cc1)=C(/*)COS(=O)(=O)c1ccc(C)cc1,0.255175548,127
*CC(*)OC=O,0.235150652,128
*CC(*)OCc1ccccc1,0.205595119,129
*CC(*)OC(C)(C)C,0.226849329,130
*C(C)C(*)OCC(C)C,0.222144713,131
*CC(*)(C)OC,0.207223659,132
*CC(*)OCC(C)(C)C,0.218243316,133
*CC(*)OC(C)CC,0.235279019,134
*CC(*)OC(=O)C(F)(F)F,0.160012719,135
*/C=C/C(C*)OC,0.250969245,136
*C=CCC(C)(CC*)C(=O)OC,0.249826128,137
*CC(*)CCc1ccccc1C,0.237337805,138
*CC(*)CCc1ccc(C)cc1,0.23781263,139
*CC(*)OCCCCCCCCCCCC,0.325984117,140
*C(C)C(*)OCCCC,0.2476222,141
*C(C)C(*)OC(C)(C)C,0.203928088,142
*C(C)C(*)OCC,0.227848602,143
*C(C)C(*)OC(C)C,0.223844824,144
*C(C)C(*)OC,0.217127213,145
*C(C)C(*)OCCC,0.232191511,146
*CC(*)Cc1cc(C)ccc1C,0.219339206,147
*CC(*)Cc1ccc(C)c(C)c1,0.220624848,148
*CC(*)Cc1cc(C)cc(C)c1,0.227538068,149
*CC(*)Cc1cccc(C)c1,0.213029156,150
*CC(*)Cc1ccccc1C,0.211243073,151
*CC(*)Cc1ccc(C)cc1,0.20880675,152
*C(C)C(*)O,0.269690871,153
*CC(*)OC(=O)c1ccc(C(C)(C)C)cc1,0.245177434,154
*CC(*)C(=O)C(C)(C)C,0.222675631,155
*CC(*)C(=O)c1ccccc1O,0.225341707,156
*C=CC(C*)OC,0.240715701,157
*CCC=C(*)c1ccccc1,0.209330511,158
*C(O)C(*)O,0.503119958,159
*CC(*)OCC(CC)CCCC,0.250639578,160
*CC(*)SCCCC,0.231505378,161
*CC(*)OC1CCCCC1,0.209300741,162
*CC(*)SCC,0.212352519,163
*C(F)(F)C(*)(F)OC(F)(F)C(F)(F)C(F)(F)C(F)(F)F,0.09864473,164
*C(F)(F)C(*)(F)OC(F)(F)C(F)(F)F,0.104992442,165
*C(F)(F)C(*)(OC(F)(F)F)OC(F)(F)F,0.096025647,166
*C(OC(F)(F)F)C(*)(F)F,0.113432798,167
*C(F)C(*)(F)OC(F)(F)F,0.115882336,168
*C(F)(F)C(*)(F)OC(F)(F)F,0.11540703,169
*CC(*)OCC(C)(C)CC,0.235379261,170
*CC(*)SC,0.202535215,171
*CC(*)OCCC,0.240692237,172
*CC(*)(F)C(C)=O,0.210118729,173
*CC(*)C(=O)c1ccccc1,0.183250902,174
*CC(*)C(=O)c1ccc(Br)c(OC)c1,0.149327416,175
*CC(*)C(=O)c1ccc(Cl)cc1,0.143955688,176
*CC(*)C(=O)c1ccc(CC)cc1,0.231546443,177
*CC(*)C(=O)c1ccc(C(C)C)cc1,0.236631114,178
*CC(*)C(=O)c1ccc(OC)cc1,0.228482209,179
*CC(*)C(=O)c1ccc(C)c(C)c1,0.223876284,180
*CC(*)C(=O)c1ccc(CCC)cc1,0.233892305,181
*CC(*)OC(=O)c1ccccc1OC(C)=O,0.217738726,182
*CC(*)OC(=O)c1ccc(OC(C)=O)cc1,0.24818347,183
*CC(*)OC(=O)CCCC(=O)c1ccccc1,0.238763693,184
*CC(*)OC(=O)c1cccc(Br)c1,0.137957273,185
*CC(*)OC(=O)c1ccc(Br)cc1,0.139742427,186
*CC(*)OC(=O)c1ccccc1Cl,0.171958387,187
*CC(*)OC(=O)c1cccc(Cl)c1,0.153320971,188
*CC(*)OC(=O)c1ccc(Cl)cc1,0.15531743,189
*CC(*)OC(=O)C1CCCCC1,0.215272882,190
*CC(*)OC(=O)CC1CCCCC1,0.222720187,191
*CC(*)OC(=O)CCCC1CCCCC1,0.244722191,192
*CC(*)OC(=O)c1ccc(OCC)cc1,0.229699129,193
*CC(*)OC(=O)c1ccc(CC)cc1,0.231673795,194
*CC(*)OC(=O)C(F)(F)C(F)(F)C(F)(F)F,0.124821014,195
*CC(*)NC(=O)OC(C)(C)C,0.240864603,196
*CC(*)OC(=O)C(F)(F)C(F)(F)C(F)(F)C(F)(F)C(F)(F)C(F)(F)C(F)(F)C(F)(F)C(F)(F)F,0.117620774,197
*CC(*)OC(=O)C(F)(F)C(F)(F)C(F)(F)C(F)(F)C(F)(F)F,0.117573176,198
*CC(*)OC(=O)C(F)(F)C(F)(F)C(F)(F)C(F)(F)C(F)(F)C(F)(F)C(F)(F)F,0.118403797,199
*CC(*)OC(=O)C(F)(F)C(F)(F)F,0.134381971,200
*CC(*)OC(=O)C(F)(F)C(F)(F)C(F)(F)C(F)(F)F,0.117895156,201
*CC(*)OC(=O)c1ccncc1,0.194295907,202
*CC(*)OC(=O)c1ccc(C(C)C)cc1,0.241150434,203
*CC(*)OC(=O)C(C)(C(C)C)C(C)C,0.212645982,204
*CC(*)OC(=O)c1ccccc1OC,0.216310624,205
*CC(*)OC(=O)c1cccc(OC)c1,0.21828481,206
*CC(*)OC(=O)c1ccc(OC)cc1,0.222833617,207
*CC(*)OC(=O)c1ccccc1C,0.223566569,208
*CC(*)OC(=O)c1cccc(C)c1,0.210139794,209
*CC(*)OC(=O)c1ccc(C)cc1,0.205615125,210
*CC(*)OC(=O)CC(C)(C)c1ccccc1,0.205542847,211
*CC(*)OC(=O)C(C)(C)CCC,0.219638957,212
*CC(*)OC(=O)C(C)(C)C(C)(C)CC,0.20834975,213
*CC(*)OC(=O)C(C)(C)C(C)C(C)C,0.21225308,214
*CC(*)OC(=O)C(C)(C)CC(C)(C)C,0.214976534,215
*CC(*)OC(=O)c1cccnc1,0.195169036,216
*CC(*)OC(=O)c1cccc([N+](=O)[O-])c1,0.196771713,217
*CC(*)OC(=O)CCCCCCC,0.270802383,218
*CC(*)OC(F)(C(F)(F)F)C(F)(F)F,0.105366502,219
*CC(*)OC(=O)CCl,0.218868603,220
*CC(*)c1cccs1,0.19802327800000002,221
*CC(*)OCCCl,0.187521218,222
*CC(*)OCCOC,0.251788875,223
*CC(*)OCC(F)(F)F,0.150868966,224
*CC(*)(CC(=O)OCCCCCCC)C(=O)OCCCCCCC,0.268835353,225
*CC(*)OC(=O)C1CCCC1,0.23014149,226
*CC(*)OC(=O)C1(C)CCCCC1,0.199836391,227
*CC(*)P(=O)(c1ccccc1)c1ccccc1,0.152952702,228
*CC(*)P(=O)(OCC)N(C)C,0.207524248,229
*CC(*)P(=O)(Oc1ccccc1)N(C)C,0.193867563,230
*CC(*)c1nc(C)nc(C)n1,0.263398106,231
*CC(*)OC(=O)CCCCCCCCC,0.286467814,232
*CC(*)OC(=O)CCCCC,0.259631398,233
*CC(OC)C1C(=O)OC(=O)C1*,0.21637842,234
*CC(OC)C(C(=O)O)C(*)C(=O)O,0.302701509,235
*CCCC=C(*)c1ccc(OC)cc1,0.225130935,236
*CCCC=C(*)c1ccccc1,0.210673224,237
*CCCC=C(*)c1ccc(Cl)cc1,0.170800563,238
*CC(*)CNc1ccc([N+](=O)[O-])cc1,0.252535899,239
*CC(*)CNc1ccc([N+](=O)[O-])cc1C,0.245603324,240
*CC(*)CNc1ccc([N+](=O)[O-])c(C(F)(F)F)c1,0.206534587,241
*CC(*)CNc1ccc([N+](=O)[O-])cc1[N+](=O)[O-],0.236441097,242
*CC1CC(*)C(OC(=O)CCCCCCCCCCOc2ccc(-c3ccc(C#N)cc3)cc2)C1OC(=O)CCCCCCCCCCOc1ccc(-c2ccc(C#N)cc2)cc1,0.263259921,243
*CC1CC(*)C(OC(=O)CCCCCCCCCCOc2ccc(-c3ccc(C#N)cc3)cc2)C1,0.268797476,244
*CCC1CC(OC(=O)CCCCCCCCCCOc2ccc(-c3ccc(C#N)cc3)cc2)CC1*,0.2621942,245
*CC(*)N1CCNC1,0.239553034,246
*CC(*)OC(=O)c1ccc(C#N)cc1,0.188964216,247
*CC(*)OCC(C)(C)CC(C)C,0.254371124,248
*C(F)(F)C(*)(F)OC(F)C(F)F,0.143872872,249
*CC(*)C(=O)c1ccc(Br)cc1,0.12605159,250
*CC(*)OC(=O)CC1CCCC1,0.236625928,251
*CC(*)N1CCCC1=O,0.236040386,252
*CCC1CC2C(CC(*)C2OC(=O)CCCCCCCCCCOc2ccc(-c3ccc(C#N)cc3)cc2)C1OC(=O)CCCCCCCCCCOc1ccc(-c2ccc(C#N)cc2)cc1,0.248651693,253
*CC(*)C(=O)O,0.351557632,254
*CC(*)C(=O)OC,0.249473618,255
*CC(*)C(=O)OCCC,0.245170112,256
*CC(*)C(=O)OC(C)C,0.251403563,257
*CC(*)C(=O)OCC(C)C,0.241958713,258
*CC(*)C(=O)OC(C)(C)C,0.228960032,259
*CC(*)C(=O)OCCCCCC,0.2577962125,260
*CC(*)C(=O)OCCCCCCC,0.258296751,261
*CC(*)C(=O)OCCCCCCCC,0.283339543,262
*CC(*)C(=O)OCCCCCCCCCCCC,0.309141226,263
*CC(*)C(=O)OCCCCCCCCCCCCCC,0.3176061315,264
*CC(*)C(=O)OCCCCCCCCCCCCCCCCCCCCCC,0.3582584725,265
*CC(*)C(=O)OCC=C,0.263380595,266
*CC(*)C(=O)OC1CC2CCC1(C)C2(C)C,0.208176754,267
*CC(*)C(=O)OCC(F)(F)F,0.164710423,268
*CC(*)C(=O)OCC(F)(F)C(F)(F)F,0.143562058,269
*CC(*)C(=O)OC(C(F)(F)F)C(F)(F)F,0.132233355,270
*CC(*)C(=O)OC(F)(C(F)(F)F)C(F)(F)F,0.11367889449999996,271
*CC(*)C(=O)OC(F)(C(F)(F)F)C(F)(F)Cl,0.108082679,272
*CC(*)C(=O)OC(F)(C(F)(F)Cl)C(F)(F)Cl,0.102567279,273
*CC(*)C(=O)OCC(F)(F)C(F)C(F)(F)F,0.149880398,274
*CC(*)C(=O)OCC(F)(F)C(F)(F)C(F)(F)F,0.134586462,275
*CC(*)(C)C(=O)OCCC,0.217185653,276
*CC(*)(C)C(=O)OC(C)C,0.212297791,277
*CC(*)(C)C(=O)OCC(C)C,0.211663838,278
*CC(*)(C)C(=O)Oc1ccccc1,0.1883683325,279
*CC(*)(C)C(=O)OCc1ccccc1Cl,0.162038398,280
*CC(*)(C)C(=O)OCCO,0.250973925,281
*CC(*)C(N)=O,0.444629702,282
*CC(*)C(=O)N1CCCCC1,0.224880389,283
*CC(*)C(=O)N1CCOCC1,0.212195068,284
*CC(*)C(=O)Oc1ccccc1,0.2003456975,285
*CC(*)C(=O)Oc1ccccc1C(=O)OC,0.219785117,286
*CC(*)C(=O)Oc1ccccc1C(=O)OCC,0.218273906,287
*CC(*)C(=O)Oc1cccc(C(=O)OC)c1,0.234531676,288
*CC(*)C(=O)Oc1cccc(C(=O)OCC)c1,0.235991614,289
*CC(*)C(=O)Oc1ccc(C(=O)OC)cc1,0.246881391,290
*CC(*)C(=O)Oc1ccc(C(=O)OCC)cc1,0.254460099,291
*CC(*)C(=O)OCc1ccccc1,0.200792082,292
*CC(*)(C)C(=O)OCC(C)O,0.247322516,293
*CC(*)(C)C(=O)OCCO[N+](=O)[O-],0.219332193,294
*CC(*)(C)C(=O)Oc1ccc(C(=O)OC)cc1,0.243504441,295
*CC(*)(CC(=O)OC1CCCCC1)C(=O)OC1CCCCC1,0.17129052599999994,296
*CC(*)(CC(=O)OCCC1CCCCC1)C(=O)OCCC1CCCCC1,0.217195568,297
*CC(*)(CC(=O)OCCc1ccccc1)C(=O)OCCc1ccccc1,0.2008268215,298
*CC(*)(CC(=O)OCCCc1ccccc1)C(=O)OCCCc1ccccc1,0.2077907605,299
*C(*)C(=O)OCC,0.225814865,300
*C(*)C(=O)OC,0.222112653,301
*C(*)C(=O)OCCC,0.244933508,302
*CC(*)C(=O)OCCO,0.297878745,303
*CC(*)(CCC(C)C(=O)OC)C(=O)OC,0.238137173,304
*CC(*)C(=O)OC1CCCCCCCCCCC1,0.245455632,305
*CC(*)Cl,0.14086531200000002,306
*CC(*)(F)F,0.148188116,307
*CC(*)(Cl)Cl,0.096200541,308
*C(F)C(*)(F)F,0.14138687,309
*C(F)(F)C(*)(F)F,0.19501973,310
*CCC=C(*)Cl,0.156164169,311
*C(F)(F)C(*)(F)C(F)(F)F,0.082200976,312
*CC/C=C(\*)C,0.232021285,313
*CC/C=C(/*)Cl,0.170304562,314
*CC/C=C(\*)Cl,0.150572404,315
*CC(*)C=C,0.273513817,316
*CCC=C(*)C,0.231880959,317
*CCO*,0.228362211,318
*CC(C)O*,0.239033549,319
*CC(CCl)O*,0.164668029,320
*CCCCO*,0.280752907,321
*Oc1c(C)cc(*)cc1C,0.250026591,322
*Oc1c(OC)cc(*)cc1OC,0.240386045,323
*Oc1c(-c2ccccc2)cc(*)cc1-c1ccccc1,0.184951114,324
*C(=O)OCCOC(=O)c1ccc(*)o1,0.228261215,325
*CCOCCOC(=O)c1cccc(C(=O)O*)c1,0.215430956,326
*CCOc1ccc(C(=O)OCCOC(=O)c2ccc(O*)cc2)cc1,0.247366967,327
*CCCCOc1ccc(C(=O)OCCOC(=O)c2ccc(O*)cc2)cc1,0.250970317,328
*Oc1ccc(NC(=O)c2cccc(C(=O)Nc3ccc(*)cc3)c2)cc1,0.300233168,329
*Oc1ccc(S(=O)(=O)c2ccc(Oc3ccc(C(C)(C)c4ccc(*)cc4)cc3)cc2)cc1,0.207136282,330
*Oc1ccc(S(=O)(=O)c2ccc(Oc3ccc(Cc4ccc(*)cc4)cc3)cc2)cc1,0.211169803,331
*CC(O)COc1ccc(C(C)(C)c2ccc(O*)cc2)cc1,0.22967917,332
*CC1CC(*)OC(CCC)O1,0.253400518,333
*Oc1ccc(Oc2ccc(C(=O)c3ccc(*)cc3)cc2)cc1,0.28329363,334
*Oc1cccc(S(=O)(=O)c2ccc(*)cc2)c1,0.169806655,335
*Oc1ccc(S(=O)(=O)c2ccc(Oc3ccc(C(c4ccc(*)cc4)(C(F)(F)F)C(F)(F)F)cc3)cc2)cc1,0.162123893,336
*Oc1ccc(S(=O)(=O)c2ccc(Oc3c(C)cc(C(C)(C)c4cc(C)c(*)c(C)c4)cc3C)cc2)cc1,0.207453817,337
*Oc1ccc(S(=O)(=O)c2ccc(Oc3ccc(-c4ccc(*)cc4)cc3)cc2)cc1,0.234731231,338
*Oc1ccc(Oc2ccc(Oc3ccc(S(=O)(=O)c4ccc(*)cc4)cc3)cc2)cc1,0.229938844,339
*c1ccc(-c2nc3cc4nc(*)oc4cc3o2)cc1,,340
*CCOCC(=O)O*,0.238989416,341
*CCOCCOC(=O)c1ccc(-c2ccc(C(=O)O*)cc2)cc1,0.253846443,342
*Oc1ccc(S(=O)(=O)c2ccc(Oc3ccc(C(=O)c4cccc(C(=O)c5ccc(*)cc5)c4)cc3)cc2)cc1,0.213575422,343
*CCCCCCOC(=O)Nc1ccc(C)c(NC(=O)OCCCCCCOc2ccc(-c3ccc(O*)cc3)cc2)c1,0.272492356,344
*CCS*,0.222087645,345
*CCCSS*,0.150655425,346
*Sc1ccc(*)cc1,0.165856187,347
*Oc1ccc(Sc2ccc(OC(*)=O)cc2)cc1,0.215699363,348
*CCOC(=O)CCC(=O)O*,0.237840575,349
*CCCCOC(=O)CCC(=O)O*,0.239020305,350
*CCOC(=O)CCCCCCCCC(=O)O*,0.257154282,351
*CCCCCCOC(=O)CCCCCCCCC(=O)O*,0.281178878,352
*CCOC(=O)c1ccc(C(=O)O*)cc1,0.235166491,353
*CCOC(=O)c1cccc(C(=O)O*)c1,0.200585896,354
*CCCCOC(=O)c1ccc(C(=O)O*)cc1,0.25637618,355
*CCCCCCOC(=O)c1ccc(C(=O)O*)cc1,0.254809517,356
*Oc1ccc(C(C)(C)c2ccc(OC(=O)c3ccc(C(*)=O)cc3)cc2)cc1,0.27751155,357
*Oc1ccc(C(C)(C)c2ccc(OC(=O)c3cccc(C(*)=O)c3)cc2)cc1,0.244415588,358
*CCOC(=O)c1ccc2ccc(C(=O)O*)cc2c1,0.22543537,359
*CCOC(=O)c1ccc2cc(C(=O)O*)ccc2c1,0.225246348,360
*CCCCOC(=O)CCCCC(=O)O*,0.259346678,361
*Oc1ccc(C2(c3ccc(OC(=O)c4cccc(C(*)=O)c4)cc3)c3ccccc3-c3ccccc32)cc1,0.216708127,362
*CCOC(=O)c1cccc2c(C(=O)O*)cccc12,0.212331447,363
*CCOC(=O)c1ccc(C(=O)O*)c2ccccc12,0.211562934,364
*CCCCCC(=O)O*,0.249772695,365
*CCCOC(=O)c1ccc(C(=O)O*)cc1,0.241216197,366
*Oc1ccc(-c2ccc(OC(=O)CCCCCC(*)=O)cc2)cc1,0.265574997,367
*Oc1ccc(-c2ccc(OC(=O)CCCCCCC(*)=O)cc2)cc1,0.283829933,368
*Oc1ccc(-c2ccc(OC(=O)CCCCCCCC(*)=O)cc2)cc1,0.286484859,369
*Oc1ccc(-c2ccc(OC(=O)CCCCCCCCC(*)=O)cc2)cc1,0.290122557,370
*Oc1ccc(-c2ccc(OC(=O)CCCCCCCCCC(*)=O)cc2)cc1,0.275167556,371
*Oc1ccc(OC(=O)c2ccc(-c3ccc(C(*)=O)cc3)cc2)cc1C,0.362079429,372
*Oc1ccc(S(=O)(=O)c2ccc(OC(=O)c3ccc(C(*)=O)cc3)cc2)cc1,0.251101033,373
*Oc1ccc(-c2ccc(OC(=O)CCCCCCCCCCC(*)=O)cc2)cc1,0.274021583,374
*Oc1ccc(-c2ccc(OC(=O)CCCCCCCCCCCC(*)=O)cc2)cc1,0.299849025,375
*Oc1ccc(-c2ccc(OC(=O)CCCCCCCCCCCCC(*)=O)cc2)cc1,0.279614546,376
*CC1CCC(COC(=O)CCC(=O)O*)CC1,0.229884201,377
*OC(C)CC(*)=O,0.215459839,378
*OC(C)C(*)=O,0.210749746,379
*CC(C)(CCC)C(=O)O*,0.211231836,380
*Cc1ccc(-c2ccc(C(=O)O*)cc2)cc1,0.272842323,381
*CC1CCC(COC(=O)CCCCCCCCC(=O)O*)CC1,0.262542365,382
*CCCCCCCCCCOC(=O)c1ccc(C(=O)NCCNC(=O)c2ccc(C(=O)O*)cc2)cc1,0.259588395,383
*CCOC(=O)C1CCC(C(=O)O*)CC1,0.235244695,384
*CCOC(=O)c1ccc(-c2ccc(C(=O)O*)cc2)cc1,0.256386682,385
*CCCCCCOC(=O)CCCCCNC(=O)CCCCC(=O)NCCCCCC(=O)O*,0.274848798,386
*CCCCCCOC(=O)CCCCCCCC(=O)O*,0.283677138,387
*CCCCCCOC(=O)c1ccc(-c2ccc(C(=O)O*)cc2)cc1,0.280572663,388
*CC(C)(C)COC(=O)CCC(=O)O*,0.228303005,389
*Oc1ccc(C(C)(C)c2ccc(OC(=O)CCCCC(*)=O)cc2)cc1,0.248641039,390
*CCCCCCOC(=O)c1ccc2cc(C(=O)O*)ccc2c1,0.255211674,391
*CCCCCOC(=O)c1ccc2cc(C(=O)O*)ccc2c1,0.227057601,392
*CCCCOC(=O)c1ccc2cc(C(=O)O*)ccc2c1,0.224493248,393
*CCCOC(=O)c1ccc2cc(C(=O)O*)ccc2c1,0.242269675,394
*CCCCNC(=O)CCCCC(=O)N*,0.297035273,395
*CCCCCC(=O)N*,0.2964517595,396
*CCCCCCNC(=O)CCCCC(=O)N*,0.307882451,397
*CCCCCCNC(=O)CCCCCCCCC(=O)N*,0.308756347,398
*CCCCCCC(=O)N*,0.310631867,399
*CCCCCCCCC(=O)N*,0.307321668,400
*CCCCCCCCCC(=O)N*,0.30774671,401
*CCCCCCCCCCC(=O)N*,0.318229487,402
*CCCCCCCCCCCC(=O)N*,0.33290787549999995,403
*CCCCCCCCCCCCC(=O)N*,0.3356297165,404
*CCCCCCNC(=O)Cc1ccc(C(=O)N*)cc1,0.282521025,405
*NC(=O)c1cccc(C(=O)Nc2ccc(-c3ccc(*)cc3)cc2)c1,0.351335092,406
*CCCCCCNC(=O)c1cccc(C(=O)N*)c1,0.261246475,407
*CCCNC(=O)Cc1ccc(C(=O)N*)cc1,0.265458671,408
*NC1CC(C)(C)CC(C)(CNC(=O)CCCCC(*)=O)C1,0.236903048,409
*Cc1cccc(CNC(=O)CCCCC(=O)N*)c1,0.254557959,410
*NC(=O)c1ccc(C(=O)Nc2ccc(*)cc2)cc1,0.472805266,411
*NC(=O)c1ccc(C(=O)Nc2ccc(-c3ccc(*)cc3)cc2)cc1,0.576386159,412
*CCCCCCNC(=O)c1ccc(C(=O)N*)cc1,0.293312511,413
*CCCCCCCCCNC(=O)c1ccc(C(=O)N*)cc1,0.305511131,414
*c1ccc(NC(=O)CCCCC(=O)Nc2ccc(S(*)(=O)=O)cc2)cc1,0.241731039,415
*NC(CCC(=O)OC)C(*)=O,0.256652184,416
*C(=O)CCCCCCCCC(=O)N1CCN(*)CC1,0.32743928,417
*CCCC(=O)N*,0.294452199,418
*CCCCNC(=O)CCCCCCC(=O)N*,0.29340629799999995,419
*CCCCCCCCCCCCNC(=O)CCCCCCCCCCC(=O)N*,0.304591986,420
*CCCCCCNC(=O)c1ccc(-c2ccc(C(=O)N*)cc2)cc1,0.289397059,421
*CCCCCCNC(=O)c1ccc(C(C)(C)c2ccc(C(=O)N*)cc2)cc1,0.257140127,422
*CCCCCCCCCCC(=O)N(*)C,0.308782805,423
*CCCCCCNC(=O)CCCCC(=O)N(*)C,0.259093819,424
*CCCCCCN(C)C(=O)CCCCC(=O)N(*)C,0.281252179,425
*C(=O)C1CCCN1*,0.222937579,426
*NC(CCC(=O)OCc1ccccc1)C(*)=O,0.218660431,427
*NC(C)C(*)=O,0.252148669,428
*NC1CCC(CC2CCC(NC(=O)CCCCCCCCCCCCC(*)=O)CC2)CC1,0.31314051,429
*NC(CCC(=O)OCCCCC)C(*)=O,0.259084812,430
*NC(CCC(=O)OCCCCCC)C(*)=O,0.271224405,431
*NC(CCC(=O)OCC)C(*)=O,0.256531849,432
*NC(CCC(=O)OCCC)C(*)=O,0.251335537,433
*CCCCN(C)C(=O)c1ccc(C(=O)N(*)C)cc1,0.243271486,434
*CCCCCCNC(=O)c1ccc(C2(C)CC(C)(C)c3ccc(C(=O)N*)cc32)cc1,0.232150722,435
*CCCCOC(=O)NCCCCCCNC(=O)O*,0.309061654,436
*CCCCOC(=O)NCC(F)(F)C(F)(F)C(F)(F)C(F)(F)CNC(=O)O*,0.192064224,437
*CCCCCCOC(=O)Nc1ccc(Cc2ccc(NC(=O)O*)cc2)cc1,0.281163344,438
*Cc1cccc(COC(=O)Nc2ccc(Cc3ccc(NC(=O)O*)cc3)cc2)c1,0.252292339,439
*CCOC(=O)Nc1ccc(NC(=O)O*)cc1,0.296677392,440
*CCOC(=O)Nc1cccc(NC(=O)O*)c1,0.261495011,441
*CCCCCCOC(=O)Nc1ccc(NC(=O)O*)cc1,0.321009139,442
*CCOC(=O)Nc1ccc(-c2ccc(NC(=O)O*)cc2)cc1,0.321865027,443
*CCOC(=O)Nc1cccc2c(NC(=O)O*)cccc12,0.255175643,444
*CCCCCCNC(=O)N*,0.3267470045,445
*CCCCCCNC(=O)NCc1ccc(CNC(=O)N*)cc1,0.292985918,446
*NC(=O)NCCCCCCNC(=O)Nc1ccc(Cc2ccc(*)cc2)cc1,0.291631414,447
*NC(=O)Nc1ccc(Cc2ccc(*)cc2)cc1,0.347852967,448
*NC(=O)NCCCCCCNC(=O)NCCCCC(*)C(=O)OC,0.302361161,449
*c1ccc(Oc2ccc(-n3c(=O)c4cc5c(=O)n(*)c(=O)c5cc4c3=O)cc2)cc1,0.42519848,450
*c1ccc(Oc2ccc(Oc3ccc(-n4c(=O)c5cc6c(=O)n(*)c(=O)c6cc5c4=O)cc3)cc2)cc1,0.343936522,451
*C(=O)Oc1ccc(OC(=O)c2ccc3c(c2)C(=O)N(c2ccc(Oc4ccc(N5C(=O)c6ccc(*)cc6C5=O)cc4)cc2)C3=O)cc1,0.351158377,452
*c1ccc(Sc2ccc(-n3c(=O)c4cc5c(=O)n(*)c(=O)c5cc4c3=O)cc2)cc1,0.277607792,453
*CCCCCCCCCn1c(=O)c2cc3c(=O)n(*)c(=O)c3cc2c1=O,0.291014208,454
*c1ccc2c(c1)Cc1cc(-n3c(=O)c4cc5c(=O)n(*)c(=O)c5cc4c3=O)ccc1-2,,455
*c1ccc(Oc2ccc(N3C(=O)c4ccc(Oc5ccc6c(c5)C(=O)N(*)C6=O)cc4C3=O)cc2)cc1,0.318102166,456
*C(=O)Nc1ccc(NC(=O)c2ccc3c(c2)C(=O)N(c2ccc(S(=O)(=O)c4ccc(N5C(=O)c6ccc(*)cc6C5=O)cc4)cc2)C3=O)cc1,0.302433401,457
*c1ccc2c(c1)C(=O)N(c1ccc(Cc3ccc(N4C(=O)c5ccc(C(F)(F)C(F)(F)C(*)(F)F)cc5C4=O)cc3)cc1)C2=O,0.201372992,458
*c1ccc2c(c1)C(=O)N(c1ccc(Oc3ccc(N4C(=O)c5ccc(C(F)(F)C(F)(F)C(*)(F)F)cc5C4=O)cc3)cc1)C2=O,0.221414687,459
*C(=O)Nc1ccc(Oc2ccc(NC(=O)c3ccc4c(c3)C(=O)N(c3ccc(S(=O)(=O)c5ccc(N6C(=O)c7ccc(*)cc7C6=O)cc5)cc3)C4=O)cc2)cc1,0.288809096,460
*c1ccc(-c2ccc(-c3ccc(-n4c(=O)c5cc6c(=O)n(*)c(=O)c6cc5c4=O)cc3)cc2)cc1,,461
*c1ccc(Cc2ccc(-n3c(=O)c4cc5c(=O)n(*)c(=O)c5cc4c3=O)c(C)c2)cc1C,0.315176584,462
*c1ccc(-n2c(=O)c3cc4c(=O)n(*)c(=O)c4cc3c2=O)cc1,,463
*c1ccc(-c2ccc(-n3c(=O)c4cc5c(=O)n(*)c(=O)c5cc4c3=O)cc2)cc1,,464
*c1ccc(-c2ccc(-n3c(=O)c4cc5c(=O)n(*)c(=O)c5cc4c3=O)c(C)c2)cc1C,0.581158989,465
*c1ccc(-c2ccc(-n3c(=O)c4cc5c(=O)n(*)c(=O)c5cc4c3=O)c(OC)c2)cc1OC,0.515087068,466
*c1cccc(-n2c(=O)c3cc4c(=O)n(*)c(=O)c4cc3c2=O)c1,0.335322506,467
*c1ccc(-n2c(=O)c3cc4c(=O)n(*)c(=O)c4cc3c2=O)c(C)c1,0.618759937,468
*c1cccc(-n2c(=O)c3cc4c(=O)n(*)c(=O)c4cc3c2=O)c1C,0.347931798,469
*c1c(C)c(C)c(-n2c(=O)c3cc4c(=O)n(*)c(=O)c4cc3c2=O)c(C)c1C,0.514344047,470
*c1ccc(Oc2cccc(Oc3ccc(-n4c(=O)c5cc6c(=O)n(*)c(=O)c6cc5c4=O)cc3)c2)cc1,0.289920789,471
*c1ccc(Oc2ccc(-c3ccc(Oc4ccc(-n5c(=O)c6cc7c(=O)n(*)c(=O)c7cc6c5=O)cc4)cc3)cc2)cc1,0.419114901,472
*c1cccc(Oc2ccc(S(=O)(=O)c3ccc(Oc4cccc(-n5c(=O)c6cc7c(=O)n(*)c(=O)c7cc6c5=O)c4)cc3)cc2)c1,0.218423483,473
*c1ccc(Oc2ccc(C(c3ccc(Oc4ccc(-n5c(=O)c6cc7c(=O)n(*)c(=O)c7cc6c5=O)cc4)cc3)(C(F)(F)F)C(F)(F)F)cc2)cc1,0.219568135,474
*c1ccc(Oc2ccc(C(C)(C)c3ccc(Oc4ccc(-n5c(=O)c6cc7c(=O)n(*)c(=O)c7cc6c5=O)cc4)cc3)cc2)cc1,0.291997587,475
*c1ccc(Oc2ccc(N3C(=O)c4ccc(-c5ccc6c(c5)C(=O)N(*)C6=O)cc4C3=O)cc2)cc1,0.349285387,476
*c1ccc(Oc2ccc(N3C(=O)c4ccc(-c5cccc6c5C(=O)N(*)C6=O)cc4C3=O)cc2)cc1,0.246678175,477
*c1ccc(Sc2ccc(N3C(=O)c4ccc(-c5ccc6c(c5)C(=O)N(*)C6=O)cc4C3=O)cc2)cc1,0.266032562,478
*c1ccc(Cc2ccc(N3C(=O)c4ccc(-c5ccc6c(c5)C(=O)N(*)C6=O)cc4C3=O)cc2)cc1,0.310513378,479
*c1ccc2c(c1)Cc1cc(N3C(=O)c4ccc(-c5ccc6c(c5)C(=O)N(*)C6=O)cc4C3=O)ccc1-2,0.460950768,480
*c1ccc(-c2ccc(N3C(=O)c4ccc(-c5ccc6c(c5)C(=O)N(*)C6=O)cc4C3=O)cc2)cc1,0.509455585,481
*c1ccc(N2C(=O)c3ccc(-c4ccc5c(c4)C(=O)N(*)C5=O)cc3C2=O)cc1,0.481624413,482
*c1cccc(N2C(=O)c3ccc(-c4ccc5c(c4)C(=O)N(*)C5=O)cc3C2=O)c1,0.328084105,483
*c1ccc(C)c(N2C(=O)c3ccc(-c4ccc5c(c4)C(=O)N(*)C5=O)cc3C2=O)c1,0.275354427,484
*c1ccc(N2C(=O)c3ccc(-c4ccc5c(c4)C(=O)N(*)C5=O)cc3C2=O)c(C)c1,0.374689314,485
*c1cccc(N2C(=O)c3ccc(-c4ccc5c(c4)C(=O)N(*)C5=O)cc3C2=O)c1C,0.301425488,486
*c1ccc(-c2ccc(N3C(=O)c4ccc(-c5ccc6c(c5)C(=O)N(*)C6=O)cc4C3=O)c(C)c2)cc1C,0.46287727,487
*c1ccc(-c2ccc(N3C(=O)c4ccc(-c5ccc6c(c5)C(=O)N(*)C6=O)cc4C3=O)c(OC)c2)cc1OC,0.401240453,488
*c1ccc(-c2ccc(-c3ccc(N4C(=O)c5ccc(-c6ccc7c(c6)C(=O)N(*)C7=O)cc5C4=O)cc3)cc2)cc1,0.51076025,489
*c1cccc2c(N3C(=O)c4ccc(-c5ccc6c(c5)C(=O)N(*)C6=O)cc4C3=O)cccc12,0.315217824,490
*c1ccc(Cc2ccc(N3C(=O)c4ccc(-c5ccc6c(c5)C(=O)N(*)C6=O)cc4C3=O)c(C)c2)cc1C,0.279064652,491
*c1ccc(N2C(=O)c3ccc(-c4ccc5c(c4)C(=O)N(*)C5=O)cc3C2=O)nc1,0.482912726,492
*c1ccc(Oc2ccc(-c3ccc(Oc4ccc(N5C(=O)c6ccc(-c7ccc8c(c7)C(=O)N(*)C8=O)cc6C5=O)cc4)cc3)cc2)cc1,0.339042351,493
*c1ccc(Oc2ccc(C(C)(C)c3ccc(Oc4ccc(N5C(=O)c6ccc(-c7ccc8c(c7)C(=O)N(*)C8=O)cc6C5=O)cc4)cc3)cc2)cc1,0.317184763,494
*c1ccc(Oc2ccc(C(c3ccc(Oc4ccc(N5C(=O)c6ccc(-c7ccc8c(c7)C(=O)N(*)C8=O)cc6C5=O)cc4)cc3)(C(F)(F)F)C(F)(F)F)cc2)cc1,0.230715582,495
*c1cccc(Oc2ccc(S(=O)(=O)c3ccc(Oc4cccc(N5C(=O)c6ccc(-c7ccc8c(c7)C(=O)N(*)C8=O)cc6C5=O)c4)cc3)cc2)c1,0.227124785,496
*CCCCCCN1C(=O)c2ccc(Oc3ccc4c(c3)C(=O)N(*)C4=O)cc2C1=O,0.218711009,497
*c1ccc(N2C(=O)c3ccc(Oc4ccc5c(c4)C(=O)N(*)C5=O)cc3C2=O)cc1,0.341065511,498
*c1ccc(-c2ccc(N3C(=O)c4ccc(Oc5ccc6c(c5)C(=O)N(*)C6=O)cc4C3=O)cc2)cc1,0.314812658,499
*c1cccc(Oc2ccc(N3C(=O)c4ccc(Oc5ccc6c(c5)C(=O)N(*)C6=O)cc4C3=O)cc2)c1,0.248953031,500
*c1ccc(Oc2cccc(Oc3ccc(N4C(=O)c5ccc(Oc6ccc7c(c6)C(=O)N(*)C7=O)cc5C4=O)cc3)c2)cc1,0.239797409,501
*c1ccc(Oc2ccc(Oc3ccc(N4C(=O)c5ccc(Oc6ccc7c(c6)C(=O)N(*)C7=O)cc5C4=O)cc3)cc2)cc1,0.260809088,502
*c1cccc(Oc2ccc(N3C(=O)c4ccc(C(c5ccc6c(c5)C(=O)N(*)C6=O)(C(F)(F)F)C(F)(F)F)cc4C3=O)cc2)c1,0.170631828,503
*c1ccc(Oc2ccc(N3C(=O)c4ccc(C(c5ccc6c(c5)C(=O)N(*)C6=O)(C(F)(F)F)C(F)(F)F)cc4C3=O)cc2)cc1,0.205297018,504
*c1ccc(Oc2ccc(Oc3ccc(N4C(=O)c5ccc(C(c6ccc7c(c6)C(=O)N(*)C7=O)(C(F)(F)F)C(F)(F)F)cc5C4=O)cc3)cc2)cc1,0.20429123,505
*c1ccc2c(c1)C(=O)N(c1ccc(Oc3cccc(Oc4ccc(N5C(=O)c6ccc(C(*)(C(F)(F)F)C(F)(F)F)cc6C5=O)cc4)c3)cc1)C2=O,0.179360522,506
*c1ccc2c(c1)C(=O)N(c1cccc(Oc3cccc(Oc4cccc(N5C(=O)c6ccc(C(*)(C(F)(F)F)C(F)(F)F)cc6C5=O)c4)c3)c1)C2=O,0.163896306,507
*C(=O)c1ccc2c(c1)C(=O)N(c1cccc(C(=O)c3cccc(N4C(=O)c5ccc(*)cc5C4=O)c3)c1)C2=O,0.23166303,508
*C(=O)c1ccc2c(c1)C(=O)N(c1cccc(C(=O)Nc3cccc(N4C(=O)c5ccc(*)cc5C4=O)c3)c1)C2=O,0.248247801,509
*C(=O)c1ccc2c(c1)C(=O)N(c1cccc(C(=O)Nc3ccc(N4C(=O)c5ccc(*)cc5C4=O)cc3)c1)C2=O,0.282680928,510
*C(=O)c1ccc2c(c1)C(=O)N(c1ccc(C(=O)Nc3cccc(N4C(=O)c5ccc(*)cc5C4=O)c3)cc1)C2=O,0.299190121,511
*C(=O)c1ccc2c(c1)C(=O)N(c1cccc(C(=O)N(C)c3ccc(N4C(=O)c5ccc(*)cc5C4=O)cc3)c1)C2=O,0.253404651,512
*c1cccc(N2C(=O)c3ccc(C(=O)c4ccc5c(c4)C(=O)N(*)C5=O)cc3C2=O)c1,0.246673488,513
*C(=O)c1ccc2c(c1)C(=O)N(c1ccc(C)c(N3C(=O)c4ccc(*)cc4C3=O)c1)C2=O,0.229606072,514
*C(=O)c1ccc2c(c1)C(=O)N(c1ccc(N3C(=O)c4ccc(*)cc4C3=O)c(C)c1)C2=O,0.27875452,515
*C(=O)c1ccc2c(c1)C(=O)N(c1cccc(N3C(=O)c4ccc(*)cc4C3=O)c1C)C2=O,0.256559347,516
*C(=O)c1ccc2c(c1)C(=O)N(c1c(C)c(C)c(N3C(=O)c4ccc(*)cc4C3=O)c(C)c1C)C2=O,0.259917753,517
*C(=O)c1ccc2c(c1)C(=O)N(c1ccc(-c3ccc(N4C(=O)c5ccc(*)cc5C4=O)c(C)c3)cc1C)C2=O,0.3105729,518
*C(=O)c1ccc2c(c1)C(=O)N(c1ccc(-c3ccc(N4C(=O)c5ccc(*)cc5C4=O)c(OC)c3)cc1OC)C2=O,0.299180817,519
*C(=O)c1ccc2c(c1)C(=O)N(c1ccc(-c3ccc(-c4ccc(N5C(=O)c6ccc(*)cc6C5=O)cc4)cc3)cc1)C2=O,0.373595654,520
*C(=O)c1ccc2c(c1)C(=O)N(c1ccc3c(c1)Cc1cc(N4C(=O)c5ccc(*)cc5C4=O)ccc1-3)C2=O,0.3325687,521
*c1ccc(Oc2ccc(N3C(=O)c4ccc(C(=O)c5ccc6c(c5)C(=O)N(*)C6=O)cc4C3=O)cc2)cc1,0.287757726,522
*C(=O)c1ccc2c(c1)C(=O)N(c1ccc(Sc3ccc(N4C(=O)c5ccc(*)cc5C4=O)cc3)cc1)C2=O,0.237456292,523
*C(=O)c1ccc2c(c1)C(=O)N(c1ccc(Cc3ccc(N4C(=O)c5ccc(*)cc5C4=O)cc3)cc1)C2=O,0.272615302,524
*C(=O)c1ccc2c(c1)C(=O)N(c1ccc(Cc3ccc(N4C(=O)c5ccc(*)cc5C4=O)c(C)c3)cc1C)C2=O,0.253414349,525
*C(=O)c1ccc2c(c1)C(=O)N(c1ccc(N3C(=O)c4ccc(*)cc4C3=O)nc1)C2=O,0.293057796,526
*C(=O)c1ccc2c(c1)C(=O)N(c1ccc(-c3ccc(N4C(=O)c5ccc(*)cc5C4=O)cc3)cc1)C2=O,0.374004427,527
*c1ccc(N2C(=O)c3ccc(C(=O)c4ccc5c(c4)C(=O)N(*)C5=O)cc3C2=O)cc1,0.31707915,528
*C(=O)c1ccc2c(c1)C(=O)N(c1cccc(OCCOCCOc3cccc(N4C(=O)c5ccc(*)cc5C4=O)c3)c1)C2=O,0.232989048,529
*C(=O)c1ccc2c(c1)C(=O)N(c1ccc(Oc3ccc(-c4ccc(Oc5ccc(N6C(=O)c7ccc(*)cc7C6=O)cc5)cc4)cc3)cc1)C2=O,0.33194566,530
*c1ccc(Oc2ccc(C(C)(C)c3ccc(Oc4ccc(N5C(=O)c6ccc(C(=O)c7ccc8c(c7)C(=O)N(*)C8=O)cc6C5=O)cc4)cc3)cc2)cc1,0.278491279,531
*C(=O)c1ccc2c(c1)C(=O)N(c1ccc(Oc3ccc(C(c4ccc(Oc5ccc(N6C(=O)c7ccc(*)cc7C6=O)cc5)cc4)(C(F)(F)F)C(F)(F)F)cc3)cc1)C2=O,0.230541679,532
*c1cccc(S(=O)(=O)c2cccc(N3C(=O)c4ccc(Oc5ccc(S(=O)(=O)c6ccc(Oc7ccc8c(c7)C(=O)N(*)C8=O)cc6)cc5)cc4C3=O)c2)c1,0.196371018,533
*c1cccc(N2C(=O)c3ccc(Oc4ccc(C(C)(C)c5ccc(Oc6ccc7c(c6)C(=O)N(*)C7=O)cc5)cc4)cc3C2=O)c1,0.234647472,534
*c1cccc(N2C(=O)c3ccc(Oc4ccc(S(=O)(=O)c5ccc(Oc6ccc7c(c6)C(=O)N(*)C7=O)cc5)cc4)cc3C2=O)c1,0.222521804,535
*c1ccc(Oc2ccc(N3C(=O)c4ccc(Oc5ccc(S(=O)(=O)c6ccc(Oc7ccc8c(c7)C(=O)N(*)C8=O)cc6)cc5)cc4C3=O)cc2)cc1,0.247598756,536
*c1ccc2c(c1)C(=O)N(c1ccc(Cc3ccc(N4C(=O)c5ccc(C(*)(C(F)(F)F)C(F)(F)F)cc5C4=O)cc3)cc1)C2=O,0.197639356,537
*c1ccc2c(c1)C(=O)N(c1ccc(C(C)(C)c3ccc(N4C(=O)c5ccc(C(*)(C(F)(F)F)C(F)(F)F)cc5C4=O)cc3)cc1)C2=O,0.188288469,538
*C(=O)NCCNC(=O)c1ccc(N2C(=O)c3ccc(*)cc3C2=O)cc1,0.262578056,539
*C(=O)NCCCCCCNC(=O)c1ccc(N2C(=O)c3ccc(*)cc3C2=O)cc1,0.30396234,540
*C(=O)Nc1ccc(Cc2ccc(NC(=O)c3ccc(N4C(=O)c5ccc(*)cc5C4=O)cc3)cc2)cc1,0.335151924,541
*C(=O)NC1CCC(CC2CCC(NC(=O)c3ccc(N4C(=O)c5ccc(*)cc5C4=O)cc3)CC2)CC1,0.308291763,542
*c1cccc(N2C(=O)c3ccc(Oc4ccc5c(c4)C(=O)N(*)C5=O)cc3C2=O)c1,0.256393833,543
*c1ccc(Cc2ccc(N3C(=O)c4ccc(Oc5ccc6c(c5)C(=O)N(*)C6=O)cc4C3=O)cc2)cc1,0.279008786,544
*c1ccc(Oc2ccc(N3C(=O)c4ccc(Oc5ccc(C(c6ccc(Oc7ccc8c(c7)C(=O)N(*)C8=O)cc6)(C(F)(F)F)C(F)(F)F)cc5)cc4C3=O)cc2)cc1,0.220106642,545
*c1cccc(Oc2ccc(N3C(=O)c4ccc(-c5ccc6c(c5)C(=O)N(*)C6=O)cc4C3=O)cc2)c1,0.281444426,546
*C(=O)Nc1ccccc1NC(=O)c1ccc(N2C(=O)c3ccc(*)cc3C2=O)cc1,0.229940242,547
*C(=O)Nc1cccc(NC(=O)/C=C/c2cccc(N3C(=O)c4ccc(*)cc4C3=O)c2)c1,0.283388677,548
*C(=O)Nc1cccc(/C=C/C(=O)/C=C/c2cccc(NC(=O)c3ccc(N4C(=O)c5ccc(*)cc5C4=O)cc3)c2)c1,0.288072027,549
*c1ccc2c(c1)C(=O)N(c1ccc(Oc3ccc(N4C(=O)c5ccc(C(C)(C)CCCCC(*)(C)C)cc5C4=O)cc3)cc1)C2=O,0.234181621,550
*c1ccc(Oc2cccc3c(Oc4ccc(-n5c(=O)c6cc7c(=O)n(*)c(=O)c7cc6c5=O)cc4)cccc23)cc1,0.317593927,551
*c1ccc(Oc2cccc3c(Oc4ccc(N5C(=O)c6ccc(Oc7ccc8c(c7)C(=O)N(*)C8=O)cc6C5=O)cc4)cccc23)cc1,0.272013483,552
*C(=O)c1ccc2c(c1)C(=O)N(c1ccc(Oc3cccc4c(Oc5ccc(N6C(=O)c7ccc(*)cc7C6=O)cc5)cccc34)cc1)C2=O,0.253248203,553
*c1ccc2c(c1)C(=O)N(c1ccc(Oc3ccc(C(c4ccc(Oc5ccc(N6C(=O)c7ccc(C(*)(C(F)(F)F)C(F)(F)F)cc7C6=O)cc5)cc4)(C(F)(F)F)C(F)(F)F)cc3)cc1)C2=O,0.178824304,554
*c1ccc(N2C(=O)c3ccc(C(c4ccc5c(c4)C(=O)N(*)C5=O)(C(F)(F)F)C(F)(F)F)cc3C2=O)cc1,0.195860266,555
*c1ccc2c(c1)C(=O)N(c1ccc(C(c3ccc(N4C(=O)c5ccc(C(*)(C(F)(F)F)C(F)(F)F)cc5C4=O)cc3)(C(F)(F)F)C(F)(F)F)cc1)C2=O,0.150988967,556
*c1ccc2c(c1)C(=O)N(c1c(C)cc(C)c(N3C(=O)c4ccc(C(*)(C(F)(F)F)C(F)(F)F)cc4C3=O)c1C)C2=O,0.150371313,557
*c1ccc2c(c1)C(=O)N(c1c(C)c(C)c(N3C(=O)c4ccc(C(*)(C(F)(F)F)C(F)(F)F)cc4C3=O)c(C)c1C)C2=O,0.16438311,558
*c1ccc(Oc2cc3ccccc3cc2Oc2ccc(N3C(=O)c4ccc(-c5ccc6c(c5)C(=O)N(*)C6=O)cc4C3=O)cc2)cc1,0.254618417,559
*c1ccc(Oc2cc3ccccc3cc2Oc2ccc(N3C(=O)c4ccc(Oc5ccc6c(c5)C(=O)N(*)C6=O)cc4C3=O)cc2)cc1,0.23259708,560
*C(=O)c1ccc2c(c1)C(=O)N(c1ccc(Oc3cc4ccccc4cc3Oc3ccc(N4C(=O)c5ccc(*)cc5C4=O)cc3)cc1)C2=O,0.240362753,561
*c1ccc(Oc2cc3ccccc3cc2Oc2ccc(N3C(=O)c4ccc(S(=O)(=O)c5ccc6c(c5)C(=O)N(*)C6=O)cc4C3=O)cc2)cc1,0.204011822,562
*c1ccc(C(c2ccccc2)(c2ccc(-n3c(=O)c4cc5c(=O)n(*)c(=O)c5cc4c3=O)cc2)C(F)(F)F)cc1,0.242359788,563
*CC1(C)CC(*)(C)C(=O)OC1=O,0.185992809,564
*CCCCCCOC(=O)O*,0.272889143,565
*CC(F)(F)C(F)(F)C(F)(F)C(F)(F)COC(=O)O*,0.145276489,566
*Oc1ccc(C(C)(C)c2ccc(OC(*)=O)cc2)cc1,0.239631003,567
*Oc1ccc(C(C)(CCC)c2ccc(OC(*)=O)cc2)cc1,0.244337041,568
*Oc1ccc(C(C)(C)c2ccc(OC(*)=O)c(C)c2)cc1C,0.235991215,569
*Oc1c(Cl)cc(C(C)(C)c2cc(Cl)c(OC(*)=O)c(Cl)c2)cc1Cl,0.135267254,570
*Oc1c(Br)cc(C(C)(C)c2cc(Br)c(OC(*)=O)c(Br)c2)cc1Br,0.116199931,571
*Oc1ccc(C(C)(c2ccccc2)c2ccc(OC(*)=O)cc2)cc1,0.234250441,572
*Oc1ccc(C(CCC)(CCC)c2ccc(OC(*)=O)cc2)cc1,0.229886318,573
*Oc1ccc(C2(c3ccc(OC(*)=O)cc3)CCCC2)cc1,0.233473598,574
*Oc1ccc(C2(c3ccc(OC(*)=O)cc3)CCCCC2)cc1,0.218561417,575
*Oc1ccc(C2(c3ccc(OC(*)=O)c(C)c3)CCCCC2)cc1C,0.233405574,576
*Oc1ccc(C2(c3ccc(OC(*)=O)cc3)c3ccccc3-c3ccccc32)cc1,0.207936405,577
*Oc1ccc(C(c2ccccc2)(c2ccccc2)c2ccc(OC(*)=O)cc2)cc1,0.211523164,578
*Oc1ccc(C(c2ccc(OC(*)=O)cc2)(C(F)(F)F)C(F)(F)F)cc1,0.16903023,579
*Oc1ccc(C(C#N)(c2ccccc2)c2ccc(OC(*)=O)cc2)cc1,0.214219488,580
*Oc1c(C)cc(C(C)(C)c2cc(C)c(OC(*)=O)c(C)c2)cc1C,0.212399138,581
*Oc1ccc(C(C)(C)c2ccc(C(C)(C)c3ccc(OC(*)=O)c(C)c3)cc2)cc1C,0.234165789,582
*Oc1cccc(CCCCCCCCCCc2cccc(OC(*)=O)c2)c1,0.235809342,583
*Oc1ccc(C(C)(C)c2ccc(OC(*)=O)c(C(C)C)c2)cc1C(C)C,0.230822589,584
*Oc1ccc(C(=O)CCCCCCCCC(=O)c2ccc(OC(*)=O)cc2)cc1,0.270982629,585
*Oc1ccc(S(=O)(=O)c2ccc(OC(*)=O)cc2)cc1,0.224611569,586
*Cc1ccc(COC(=O)O*)cc1,0.250103805,587
*Oc1ccc(C(=C(Cl)Cl)c2ccc(OC(*)=O)cc2)cc1,0.199949495,588
*Oc1ccc(OC(=O)Oc2ccc(-c3ccc(OC(*)=O)cc3)cc2)cc1,0.329371007,589
*Oc1ccc2ccc(OC(=O)Oc3ccc(OC(*)=O)cc3)cc2c1,0.263470354,590
*Oc1cccc2c(OC(=O)Oc3ccc(OC(*)=O)cc3)cccc12,0.241562638,591
*c1ccc(-c2nc3cc(-c4ccc5nc(-c6ccccc6)c(*)nc5c4)ccc3nc2-c2ccccc2)cc1,0.25797031,592
*c1ccc(-c2nc3cc(-c4ccc5nc(*)c(-c6ccccc6)nc5c4)ccc3nc2-c2ccccc2)cc1,0.300076156,593
*c1cccc(-c2nc3cc(-c4ccc5nc(*)c(-c6ccccc6)nc5c4)ccc3nc2-c2ccccc2)c1,0.231952429,594
*c1ccc(-c2nc3cc(-c4ccc5nc(*)c(-c6ccc7ccccc7c6)nc5c4)ccc3nc2-c2ccc3ccccc3c2)cc1,0.274147926,595
*c1cccc(-c2nc3cc(-c4ccc5nc(*)c(-c6ccc7ccccc7c6)nc5c4)ccc3nc2-c2ccc3ccccc3c2)c1,0.244614479,596
*N=P(*)(OCC(F)(F)F)OCC(F)(F)F,0.138820064,597
*Oc1ccc(C(=O)c2ccc(*)cc2)cc1,0.276789879,598
*CCCCCCS(*)(=O)=O,0.239977769,599
*OS(=O)(=O)c1ccc(*)cc1,0.186803621,600
*c1ccc(*)cc1,,601
*CCc1ccc(*)c(C)c1,0.255021494,602
*CCc1cc(C)c(*)cc1C,0.262219285,603
*CCc1ccc(*)c(Cl)c1,0.178005409,604
*c1ccc(C(Cl)(Cl)C(*)Cl)cc1,0.119776758,605
*C1CCC(*)C1,0.284922378,606
*C1C2CC(C)C(C2)C1*,0.171048226,607
*C1CC2CC1C(*)C2CCCC,0.241394354,608
*C1CC2CC1C(*)C2CCCCCC,0.261321169,609
*CC(*)(C)c1ccc2ccccc2c1,0.186141125,610
*CCC(c1ccccc1)C(*)c1ccccc1,0.202492274,611
*/C(Cl)=C(/*)c1ccccc1,0.185906754,612
*/C=C(/*)c1ccc(C#C)cc1,0.298685003,613
*/C=C(/*)c1cccc(C#C)c1,0.274746743,614
*/C=C/C(C(=O)OCc1ccc(Cl)cc1)C(*)C(=O)OCc1ccc(Cl)cc1,0.171830845,615
*/C=C(/*)c1ccc(-c2ccc(C#C)cc2)cc1,0.264801989,616
*CC(*)C(=O)OCC(C)O,0.280976264,617
*CC(*)(CC(=O)OCCCCCCCC)C(=O)OCCCCCCCC,0.275383563,618
*CC(*)(CC(=O)OCCCCCCCCC)C(=O)OCCCCCCCCC,0.27657995,619
*CC(*)C(=O)n1c2ccccc2c2ccccc21,0.185889246,620
*CC(*)C(=O)OC(OCC)C(F)(F)F,0.183494514,621
*CC(*)(C)C(=O)OC(OCC)C(F)(F)F,0.158540956,622
*CC(*)(CC(=O)Oc1ccc(OCCCCCCC)cc1)C(=O)Oc1ccc(OCCCCCCC)cc1,0.278660635,623
*CC(*)(C)C(=O)Oc1c(C)cccc1C,0.211223838,624
*CC(*)(C)C(=O)OCCCCCCN(C)c1ccc(/N=N/c2ccc(S(C)(=O)=O)cc2)cc1,0.239801416,625
*C([2H])([2H])C(*)(C(=O)OC([2H])([2H])[2H])C([2H])([2H])[2H],0.200554319,626
*C(*)C(=O)OC(C)C,0.218613254,627
*CC(*)(C)C(=O)Oc1c(C(C)C)cccc1C(C)C,0.201358713,628
*CC(*)(C)C(=O)OCC(=O)c1ccccc1,0.206062145,629
*CC(*)(C)C(=O)OCc1ccc(Cl)c(Cl)c1,0.142399015,630
*CC(*)(C)C(=O)OCc1cccc(Cl)c1,0.156695253,631
*CC(*)(C)C(=O)OCc1ccc(Cl)cc1,0.167641229,632
*CC(*)(C)C(=O)OCc1cccc(Cl)c1Cl,0.14256689,633
*CC(*)(C)C(=O)OCc1ccc(Cl)cc1Cl,0.134920498,634
*CC(*)(C)C(=O)OCc1cc(Cl)ccc1Cl,0.138323775,635
*CC(*)(C)C(=O)OCc1c(Cl)cccc1Cl,0.140187539,636
*CC(*)(C)C(=O)OCc1cc(Cl)cc(Cl)c1,0.129715026,637
*/C=C(/*)C(C)(C)C,0.284244599,638
*C1C(*)C2CC1C1C=CCC12,0.161458476,639
*/C(C)=C(/*)C(C)C,0.320934176,640
*OC1C(CO)OC(*)C(O)C1O,0.321583167,641
*Oc1cc(C)c(*)c(C)c1Br,0.179808547,642
*CCC(C)CO*,0.231649902,643
*Oc1ccc2[nH]c(-c3ccc4c(c3)-c3cc(-c5nc6cc(*)ccc6[nH]5)ccc3S4(=O)=O)nc2c1,0.242108846,644
*C1Oc2ccccc2C1*,0.154427579,645
*Oc1ccc2[nH]c(-c3ccc4sc5ccc(-c6nc7cc(*)ccc7[nH]6)cc5c4c3)nc2c1,0.241468326,646
*OC(F)(F)C(F)(F)C(*)(F)F,0.112134181,647
*c1ccc(Oc2ccc(C(=O)c3ccc(Oc4ccc(C5(*)OC(=O)c6ccccc65)cc4)cc3)cc2)cc1,0.249754092,648
*Oc1cccc(Oc2cccc(*)c2)c1C#N,0.192496388,649
*C(=O)Oc1ccc(C(C)(C)c2ccc(OC(=O)c3ccc4c(c3)C(=O)n3c-4nc4ccc(Oc5ccc6c(c5)nc5n6C(=O)c6ccc(*)cc6-5)cc43)cc2)cc1,0.251191461,650
*Oc1ccc(NC(=O)c2ccc(C(c3ccc(C(=O)O)c(C(=O)Nc4cc(*)ccc4N)c3)(C(F)(F)F)C(F)(F)F)cc2C(=O)O)c(N)c1,0.228404459,651
*c1ccc2c(c1)-c1nc3cc(Oc4ccc5c(c4)nc4n5C(=O)c5cc(C(*)(C(F)(F)F)C(F)(F)F)ccc5-4)ccc3n1C2=O,0.183522496,652
*Oc1ccc(S(=O)(=O)c2ccc(Oc3ccc(C(C)(C)c4ccc(*)cc4)cc3[N+](=O)[O-])cc2)cc1,0.20299693,653
*Oc1ccc(S(=O)(=O)c2ccc(Oc3ccc(C(C)(C)c4ccc(*)cc4)cc3)c([N+](=O)[O-])c2)cc1[N+](=O)[O-],0.200486029,654
*Oc1ccc(S(=O)(=O)c2ccc(Oc3c(C)cc(C(c4cc(C)c(*)c(C)c4)(C(F)(F)F)C(F)(F)F)cc3C)cc2)cc1,0.154355563,655
*CC(=C)COCC(=C)COC(=O)O*,0.245695552,656
*OC1C(COC(C)=O)OC(*)C(OC(C)=O)C1OC(C)=O,0.20138397,657
*Oc1ccc(SC(=O)Sc2ccc(*)cc2)cc1,0.187987361,658
*Oc1ccc(SC(=O)Oc2ccc(C(C)(C)c3ccc(OC(=O)Sc4ccc(*)cc4)cc3)cc2)cc1,0.202245531,659
*Oc1ccc(NC(=O)c2cc(C(c3ccc(C(=O)O)c(C(=O)Nc4ccc(Oc5ccc(C(c6ccc(*)cc6)(C(F)(F)F)C(F)(F)F)cc5)cc4)c3)(C(F)(F)F)C(F)(F)F)ccc2C(=O)O)cc1,0.189394728,660
*OC1C(CO)OC(*)C(N)C1O,0.348907876,661
*Oc1ccc(S(=O)(=O)c2ccc(Oc3ccc(C(=O)c4cc(Br)cc(C(=O)c5ccc(*)cc5)c4)cc3)cc2)cc1,0.179353601,662
*Oc1ccc(S(=O)(=O)c2ccc(Oc3ccc(C(=O)c4cc(I)cc(C(=O)c5ccc(*)cc5)c4)cc3)cc2)cc1,0.179849923,663
*Oc1ccc(S(=O)(=O)c2ccc(Oc3ccc(C(=O)c4cc(C(=O)c5ccc(*)cc5)cc(C(C)(C)C)c4)cc3)cc2)cc1,0.21459288,664
*Oc1ccc(C(c2ccc(Oc3ccc(C(=O)c4cccc(C(=O)c5ccc(*)cc5)c4)cc3)cc2)(C(F)(F)F)C(F)(F)F)cc1,0.179786563,665
*Oc1ccc(C(=O)Nc2cccc(C(O)Cc3ccc(NC(=O)c4ccc(*)cc4)cc3)c2)cc1,0.286060508,666
*Oc1cc(C(C)(C)C)c(Oc2ccc(C(=O)Nc3ccc(C(C)(C)c4ccc(NC(=O)c5ccc(*)cc5)cc4)cc3)cc2)cc1C(C)(C)C,0.283670086,667
*Oc1cc(C(C)(C)C)c(Oc2ccc(C(=O)Nc3ccc(C(C)(C)c4ccc(NC(=O)c5ccc(*)cc5)c(C)c4)cc3C)cc2)cc1C(C)(C)C,0.270258521,668
*Oc1cc(C(C)(C)C)c(Oc2ccc(C(=O)Nc3c(C)cc(C(C)(C)c4cc(C)c(NC(=O)c5ccc(*)cc5)c(C)c4)cc3C)cc2)cc1C(C)(C)C,0.26981997,669
*Oc1cc(C(C)(C)C)c(Oc2ccc(C(=O)Nc3c(C)cc(Cc4cc(C)c(NC(=O)c5ccc(*)cc5)c(C(C)C)c4)cc3C(C)C)cc2)cc1C(C)(C)C,0.244338127,670
*Oc1cc(C(C)(C)C)c(Oc2ccc(C(=O)Nc3ccc(C(c4ccc(NC(=O)c5ccc(*)cc5)cc4)(C(F)(F)F)C(F)(F)F)cc3)cc2)cc1C(C)(C)C,0.215611584,671
*Oc1ccc(Oc2ccc(C(=O)c3ccc(C(=O)c4ccc(*)cc4)c4ccccc34)cc2)cc1,0.231751558,672
*Oc1ccc(S(=O)(=O)c2ccc(Oc3ccc(C(C)(C)c4ccc(*)c(C(O)(C(F)(F)F)C(F)(F)F)c4)cc3C(O)(C(F)(F)F)C(F)(F)F)cc2)cc1,0.165410873,673
*Oc1ccc(S(=O)(=O)c2ccc(Oc3ccc(C(C)(C)c4ccc(*)c(C(OC)(C(F)(F)F)C(F)(F)F)c4)cc3C(OC)(C(F)(F)F)C(F)(F)F)cc2)cc1,0.13816211,674
*Oc1ccc(S(=O)(=O)c2ccc(Oc3c(C)cc(C(C)(C)c4cc(C)c(*)c(C)c4)cc3C)cc2C(O)(C(F)(F)F)C(F)(F)F)c(C(O)(C(F)(F)F)C(F)(F)F)c1,0.152623848,675
*Oc1ccc2c(c1)nc1n2C(=O)c2ccc(-c3ccc4c(c3)C(=O)n3c-4nc4ccc(*)cc43)cc2-1,0.269836747,676
*Oc1ccc2c(c1)nc1c3cc4c(=O)n5c6cc(*)ccc6nc5c4cc3c(=O)n21,0.289671931,677
*c1ccc2c(c1)-c1nc3cc(Oc4ccc5nc6n(c5c4)C(=O)c4cc(C(*)(C(F)(F)F)C(F)(F)F)ccc4-6)ccc3n1C2=O,0.176963476,678
*c1ccc(*)s1,0.597038429,679
*c1ccc2c(c1)-c1cc(-c3nc4cc(-c5ccc6[nH]c(*)nc6c5)ccc4[nH]3)ccc1S2(=O)=O,0.266970833,680
*Cc1ccc2[nH]c(-c3ccc4c(c3)-c3cc(-c5nc6cc(*)ccc6[nH]5)ccc3S4(=O)=O)nc2c1,0.233716186,681
*c1ccc2sc3ccc(-c4nc5cc(-c6ccc7[nH]c(*)nc7c6)ccc5[nH]4)cc3c2c1,0.263202779,682
*Cc1ccc2[nH]c(-c3ccc4sc5ccc(-c6nc7cc(*)ccc7[nH]6)cc5c4c3)nc2c1,0.230983773,683
*c1cc(CCCC)c(*)s1,0.320117807,684
*Oc1ccc(C(C)(c2ccccc2)c2ccc(OC(=O)c3cccc(C(*)=O)c3)cc2)cc1,0.225378547,685
*Oc1ccc(C(c2ccccc2)(c2ccccc2)c2ccc(OC(=O)c3cccc(C(*)=O)c3)cc2)cc1,0.211413189,686
*Oc1ccc(C(C)(C)c2ccc(OC(=O)c3ccc(C(=O)c4ccc(C(*)=O)cc4)cc3)cc2)cc1,0.257727428,687
*CCCCCCCCOC(=O)c1cccc(C(=O)O*)c1,0.236431842,688
*c1cc(Br)c(OC(=O)c2ccc(C(=O)Oc3c(Br)cc(C4(*)OC(=O)c5ccccc54)cc3Br)cc2)c(Br)c1,0.155531081,689
*CCCCCCS(=O)(=O)c1ccc(/N=N/c2ccc(N(C)CCCCCC(=O)O*)cc2)cc1,0.249228862,690
*CCCS(=O)(=O)c1ccc(/N=N/c2ccc(N(CCCC)CC(=O)O*)cc2)cc1,0.225556948,691
*Oc1ccc(OC(=O)c2cc(OCCCCCCCCCCCC)c(C(*)=O)cc2OCCCCCCCCCCCC)cc1,0.305736886,692
*Oc1ccc2c(c1)C1(CC2(C)C)CC(C)(C)c2ccc(OC(=O)c3ccc(C(*)=O)cc3)cc21,0.202420703,693
*Oc1ccc2c(c1)C1(CC2(C)C)CC(C)(C)c2ccc(OC(=O)c3cccc(C(*)=O)c3)cc21,0.197787592,694
*CCOC(=O)NCC1(C)CC(NC(=O)O*)CC(C)(C)C1,0.237542815,695
*Oc1ccc(C(C)(C)c2ccc(OC(=O)c3ccccc3/C=C/c3ccc(/C=C/c4ccccc4C(*)=O)cc3)cc2)cc1,0.217293555,696
*Oc1ccc(C(C)(C)c2ccc(OC(=O)c3ccccc3/C=C/c3ccc(/C=C/c4ccccc4C(*)=O)cc3)c(C)c2)cc1C,0.219509175,697
*Oc1ccc(S(=O)(=O)c2ccc(OC(=O)c3ccccc3/C=C/c3ccc(/C=C/c4ccccc4C(*)=O)cc3)cc2)cc1,0.201310165,698
*c1ccc(OC(=O)c2ccccc2/C=C/c2ccc(/C=C/c3ccccc3C(=O)Oc3ccc(C4(*)OC(=O)c5ccccc54)cc3)cc2)cc1,0.217641609,699
*Oc1cccc2c(OC(=O)c3ccccc3/C=C/c3ccc(/C=C/c4ccccc4C(*)=O)cc3)cccc12,0.220093628,700
*Oc1cccc2ccc(OC(=O)c3ccccc3/C=C/c3ccc(/C=C/c4ccccc4C(*)=O)cc3)cc12,0.204757868,701
*Oc1ccc2ccc(OC(=O)c3ccccc3/C=C/c3ccc(/C=C/c4ccccc4C(*)=O)cc3)cc2c1,0.227296374,702
*Oc1cccc(OC(=O)c2ccccc2/C=C/c2ccc(/C=C/c3ccccc3C(*)=O)cc2)c1,0.198989787,703
*Oc1ccccc1OC(=O)c1ccccc1/C=C/c1ccc(/C=C/c2ccccc2C(*)=O)cc1,0.222108797,704
*Oc1ccc(OC(=O)c2ccccc2/C=C/c2ccc(/C=C/c3ccccc3C(*)=O)cc2)cc1,0.235313014,705
*CCCCCCCCCCCCNC(=O)CCCCCCCCCCCCCCCCCCC(=O)N*,0.349800281,706
*Nc1ccc(NC(=O)c2cc(C(*)=O)c(C(=O)OCC)cc2C(=O)OCC)cc1,0.301681661,707
*Nc1cccc(C(O)Cc2ccc(NC(=O)c3ccc(C(*)=O)cc3)cc2)c1,0.295623458,708
*c1ccc2c(c1)-c1nc3cc(-c4ccc5nc6n(c5c4)C(=O)c4cc(C(*)(C(F)(F)F)C(F)(F)F)ccc4-6)ccc3n1C2=O,0.18416099,709
*CC(C)CNC(=O)O*,0.257436252,710
*c1ccc(Oc2cccc(Oc3ccc(N4C(=O)c5ccc(-c6ccc7c(c6)C(=O)N(*)C7=O)cc5C4=O)cc3)c2)cc1,0.282900087,711
*c1cccc(N2C(=O)c3ccc(C(c4ccc5c(c4)C(=O)N(*)C5=O)(C(F)(F)F)C(F)(F)F)cc3C2=O)c1,0.17288835,712
*c1ccc2c(c1)C(=O)N(c1cccc(S(=O)(=O)c3cccc(N4C(=O)c5ccc(C(*)(C(F)(F)F)C(F)(F)F)cc5C4=O)c3)c1)C2=O,0.150446539,713
*c1ccc(S(=O)(=O)c2ccc(-n3c(=O)c4cc5c(=O)n(*)c(=O)c5cc4c3=O)cc2)cc1,0.29081044,714
*c1cccc(Oc2ccc(-n3c(=O)c4cc5c(=O)n(*)c(=O)c5cc4c3=O)cc2)c1,0.262134449,715
*c1ccc(-c2ccc(N3C(=O)c4ccc(-c5ccc6c(c5)C(=O)N(*)C6=O)cc4C3=O)cc2C(F)(F)F)c(C(F)(F)F)c1,0.281094364,716
*C(=O)Oc1ccc(C(C)(C)c2ccc(OC(=O)c3ccc4c(c3)C(=O)N(c3ccc(-c5ccc(N6C(=O)c7ccc(*)cc7C6=O)c(C)c5)cc3C)C4=O)cc2)cc1,0.295505091,717
*C(=O)Oc1ccc(C(C)(C)c2ccc(OC(=O)c3ccc4c(c3)C(=O)N(c3ccc(Oc5ccc(N6C(=O)c7ccc(*)cc7C6=O)cc5)cc3)C4=O)cc2)cc1,0.279921661,718
*C(=O)Oc1ccc(C(C)(C)c2ccc(OC(=O)c3ccc4c(c3)C(=O)N(c3ccc(-c5ccc(N6C(=O)c7ccc(*)cc7C6=O)cc5)cc3)C4=O)cc2)cc1,0.29891003,719
*c1ccc2c(c1)C(=O)N(c1ccc3c(c1)-c1cc(N4C(=O)c5ccc(C(*)(C(F)(F)F)C(F)(F)F)cc5C4=O)ccc1C3)C2=O,0.174130825,720
*C(=O)Nc1ccc(NC(=O)c2ccc(N3C(=O)c4ccc(*)cc4C3=O)cc2)cc1,0.439609719,721
*c1ccc(Oc2ccc(C(c3ccc(Oc4ccc(N5C(=O)c6ccc(Oc7ccc8c(c7)C(=O)N(*)C8=O)cc6C5=O)cc4)cc3)(C(F)(F)F)C(F)(F)F)cc2)cc1,0.211511474,722
*c1cccc(Oc2cccc(Oc3cccc(-n4c(=O)c5cc6c(=O)n(*)c(=O)c6cc5c4=O)c3)c2)c1,0.22483537,723
*c1ccc(Oc2ccc(S(=O)(=O)c3ccc(Oc4ccc(N5C(=O)c6ccc(C(=O)c7ccc8c(c7)C(=O)N(*)C8=O)cc6C5=O)cc4)cc3)cc2)cc1,0.244102731,724
*c1ccc(Oc2ccc(S(=O)(=O)c3ccc(Oc4ccc(N5C(=O)c6ccc(Oc7ccc8c(c7)C(=O)N(*)C8=O)cc6C5=O)cc4)cc3)cc2)cc1,0.250512619,725
*c1ccc(Oc2cccc(Oc3ccc(N4C(=O)c5ccc(C(=O)c6ccc7c(c6)C(=O)N(*)C7=O)cc5C4=O)cc3)c2)cc1,0.243353052,726
*c1ccc(Oc2ccc(S(=O)(=O)c3ccc(Oc4ccc(-n5c(=O)c6cc7c(=O)n(*)c(=O)c7cc6c5=O)cc4)cc3)cc2)cc1,0.257046515,727
*c1ccc(-c2ccc(-n3c(=O)c4cc5c(=O)n(*)c(=O)c5cc4c3=O)cc2C(F)(F)F)c(C(F)(F)F)c1,0.382911128,728
*c1ccc(S(=O)(=O)c2ccc(N3C(=O)c4ccc(-c5ccc6c(c5)C(=O)N(*)C6=O)cc4C3=O)cc2)cc1,0.280663141,729
*C(=O)c1ccc2c(c1)C(=O)N(c1ccc(C3(c4ccc(N5C(=O)c6ccc(*)cc6C5=O)cc4)c4ccccc4-c4ccccc43)cc1)C2=O,0.227667352,730
*CCCCCCN1C(=O)c2ccc(C(c3ccc4c(c3)C(=O)N(*)C4=O)(C(F)(F)F)C(F)(F)F)cc2C1=O,0.16334633,731
*c1ccc2c(c1)C(=O)N(c1c(C)cc(Cc3cc(C)c(N4C(=O)c5ccc(C(*)(C(F)(F)F)C(F)(F)F)cc5C4=O)c(C)c3)cc1C)C2=O,0.164469188,732
*c1ccc2c(c1)C(=O)N(c1c(CC)cc(Cc3cc(CC)c(N4C(=O)c5ccc(C(*)(C(F)(F)F)C(F)(F)F)cc5C4=O)c(CC)c3)cc1CC)C2=O,0.1778175,733
*c1ccc2c(c1)C(=O)N(c1c(C(C)C)cc(Cc3cc(C(C)C)c(N4C(=O)c5ccc(C(*)(C(F)(F)F)C(F)(F)F)cc5C4=O)c(C(C)C)c3)cc1C(C)C)C2=O,0.16484689,734
*c1ccc2c(c1)C(=O)N(c1cc(N3C(=O)c4ccc(C(*)(C(F)(F)F)C(F)(F)F)cc4C3=O)ccc1C)C2=O,0.153779126,735
*c1ccc(S(=O)(=O)c2ccc(N3C(=O)c4ccc(C(c5ccc6c(c5)C(=O)N(*)C6=O)(C(F)(F)F)C(F)(F)F)cc4C3=O)cc2)cc1,0.166991738,736
*c1ccc(S(=O)(=O)c2ccc(N3C(=O)c4ccc(C(=O)c5ccc6c(c5)C(=O)N(*)C6=O)cc4C3=O)cc2)cc1,0.255148124,737
*c1ccc(-c2ccc(-n3c(=O)c4cc5c(=O)n(*)c(=O)c5cc4c3=O)cc2OC(F)(F)F)c(OC(F)(F)F)c1,0.342393297,738
*C1CCC(N2C(=O)c3ccc(-c4ccc5c(c4)C(=O)N(*)C5=O)cc3C2=O)CC1,0.322479304,739
*c1cc(C(c2ccc(O)c(-n3c(=O)c4cc5c(=O)n(*)c(=O)c5cc4c3=O)c2)(C(F)(F)F)C(F)(F)F)ccc1O,0.188839787,740
*c1ccc2c(c1)C(=O)N(c1ccc(C(c3ccc(C)c(N4C(=O)c5ccc(C(*)(C(F)(F)F)C(F)(F)F)cc5C4=O)c3)(C(F)(F)F)C(F)(F)F)cc1C)C2=O,0.125282992,741
*c1ccc2c(c1)C(=O)N(c1ccc(Oc3ccc(-c4ccc(Oc5ccc(N6C(=O)c7ccc(C(*)(C(F)(F)F)C(F)(F)F)cc7C6=O)cc5)cc4)cc3)cc1)C2=O,0.192517661,742
*c1ccc(Oc2ccc(S(=O)(=O)c3ccc(Oc4ccc(N5C(=O)c6ccc(C(c7ccc8c(c7)C(=O)N(*)C8=O)(C(F)(F)F)C(F)(F)F)cc6C5=O)cc4)cc3)cc2)cc1,0.207221278,743
*c1ccc2c(c1)C(=O)N(c1cccc(Oc3ccc(S(=O)(=O)c4ccc(Oc5cccc(N6C(=O)c7ccc(C(*)(C(F)(F)F)C(F)(F)F)cc7C6=O)c5)cc4)cc3)c1)C2=O,0.163208541,744
*c1ccc(C(C)(C)c2ccc(N3C(=O)c4ccc(Oc5ccc6c(c5)C(=O)N(*)C6=O)cc4C3=O)cc2)cc1,0.27785637,745
*c1cccc(N2C(=O)c3ccc(Oc4ccc5c(c4)C4(CC(C)(C)c6ccc(Oc7ccc8c(c7)C(=O)N(*)C8=O)cc64)CC5(C)C)cc3C2=O)c1,0.195425517,746
*c1ccc(S(=O)(=O)c2ccc(N3C(=O)c4ccc(Oc5ccc6c(c5)C(=O)N(*)C6=O)cc4C3=O)cc2)cc1,0.249871544,747
*c1ccc2c(c1)C(=O)N(c1ccc(Oc3ccc(N4C(=O)c5ccc(C(C)(C)CCCCCCCCC(*)(C)C)cc5C4=O)cc3)cc1)C2=O,0.254763626,748
*C(=O)Nc1cccc(NC(=O)c2ccc(N3C(=O)c4ccc(*)cc4C3=O)cc2)c1,0.316497691,749
*C(=O)c1ccc2c(c1)C(=O)N(c1ccc(C(=O)Nc3ccc(N4C(=O)c5ccc(*)cc5C4=O)cc3)cc1)C2=O,0.331274593,750
*c1cccc(Oc2ccc(N3C(=O)c4ccc(C(=O)c5ccc6c(c5)C(=O)N(*)C6=O)cc4C3=O)cc2)c1,0.264017299,751
*c1ccc(-c2sc(-c3ccc(-n4c(=O)c5cc6c(=O)n(*)c(=O)c6cc5c4=O)cc3)c(-c3ccccc3)c2-c2ccccc2)cc1,0.352891485,752
*c1ccc(C(c2ccc(N3C(=O)c4cc5c(cc4C3=O)C(C(F)(F)F)(C(F)(F)F)c3cc4c(cc3O5)C(=O)N(*)C4=O)cc2)(C(F)(F)F)C(F)(F)F)cc1,0.206835687,753
*c1ccc2c(c1)C(=O)N(c1cc(C(c3ccc(O)c(N4C(=O)c5ccc(C(*)(C(F)(F)F)C(F)(F)F)cc5C4=O)c3)(C(F)(F)F)C(F)(F)F)ccc1O)C2=O,0.132113785,754
*c1ccc(Oc2c(C)cc(Cc3cc(C)c(Oc4ccc(-n5c(=O)c6cc7c(=O)n(*)c(=O)c7cc6c5=O)cc4)c(C)c3)cc2C)cc1,0.252482603,755
*c1ccc(Oc2c(C)cc(Cc3cc(C)c(Oc4ccc(N5C(=O)c6ccc(-c7ccc8c(c7)C(=O)N(*)C8=O)cc6C5=O)cc4)c(C)c3)cc2C)cc1,0.256003141,756
*C(=O)c1ccc2c(c1)C(=O)N(c1ccc(Oc3c(C)cc(Cc4cc(C)c(Oc5ccc(N6C(=O)c7ccc(*)cc7C6=O)cc5)c(C)c4)cc3C)cc1)C2=O,0.236433639,757
*c1ccc2c(c1)C(=O)N(c1ccc(Oc3c(C)cc(Cc4cc(C)c(Oc5ccc(N6C(=O)c7ccc(C(*)(C(F)(F)F)C(F)(F)F)cc7C6=O)cc5)c(C)c4)cc3C)cc1)C2=O,0.187678976,758
*c1c(C)cc(C(c2cc(C)c(N3C(=O)c4ccc(-c5ccc6c(c5)C(=O)N(*)C6=O)cc4C3=O)c(C)c2)c2cccc3ccccc23)cc1C,0.236427007,759
*C(=O)c1ccc2c(c1)C(=O)N(c1c(C)cc(C(c3cc(C)c(N4C(=O)c5ccc(*)cc5C4=O)c(C)c3)c3cccc4ccccc34)cc1C)C2=O,0.210939398,760
*c1ccc2c(c1)C(=O)N(c1c(C)cc(C(c3cc(C)c(N4C(=O)c5ccc(C(*)(C(F)(F)F)C(F)(F)F)cc5C4=O)c(C)c3)c3cccc4ccccc34)cc1C)C2=O,0.161522154,761
*c1ccc(Oc2c(C)cc(C(c3cc(C)c(Oc4ccc(-n5c(=O)c6cc7c(=O)n(*)c(=O)c7cc6c5=O)cc4)c(C)c3)c3cccc4ccccc34)cc2C)cc1,0.245595378,762
*c1ccc(Oc2c(C)cc(C(c3cc(C)c(Oc4ccc(N5C(=O)c6ccc(-c7ccc8c(c7)C(=O)N(*)C8=O)cc6C5=O)cc4)c(C)c3)c3cccc4ccccc34)cc2C)cc1,0.261279179,763
*c1ccc2c(c1)C(=O)N(c1ccc(Oc3c(C)cc(C(c4cc(C)c(Oc5ccc(N6C(=O)c7ccc(C(*)(C(F)(F)F)C(F)(F)F)cc7C6=O)cc5)c(C)c4)c4cccc5ccccc45)cc3C)cc1)C2=O,0.184969637,764
*/C=C/C1CC(*)C2C(=O)N(CCCCC)C(=O)C12,0.236932175,765
*/C=C/C1CC(*)C2C(=O)N(CCCCCC)C(=O)C12,0.232246101,766
*c1cccc(P(=O)(c2cccc(-n3c(=O)c4cc5c(=O)n(*)c(=O)c5cc4c3=O)c2)c2cc(C(F)(F)F)cc(C(F)(F)F)c2)c1,0.163382142,767
*c1cccc(P(=O)(c2ccc(C(F)(F)F)cc2)c2cccc(-n3c(=O)c4cc5c(=O)n(*)c(=O)c5cc4c3=O)c2)c1,0.18075284,768
*c1cccc(P(=O)(c2ccccc2)c2cccc(-n3c(=O)c4cc5c(=O)n(*)c(=O)c5cc4c3=O)c2)c1,0.201453995,769
*Oc1c(C)cc(C(C)(C)c2cc(C)c(ON3C(=O)c4ccc(Oc5ccc(C6(c7ccc(Oc8ccc9c(c8)C(=O)N(*)C9=O)cc7)CCC(C(C)(C)C)CC6)cc5)cc4C3=O)c(C)c2)cc1C,0.22463605,770
*c1ccc(Oc2ccc(C(c3ccc(Oc4ccc(N5C(=O)c6ccc(Oc7ccc(C8(c9ccc(Oc%10ccc%11c(c%10)C(=O)N(*)C%11=O)cc9)CCC(C(C)(C)C)CC8)cc7)cc6C5=O)cc4)cc3)(C(F)(F)F)C(F)(F)F)cc2)cc1,0.210880706,771
*c1ccc(Oc2ccc(Oc3ccc(N4C(=O)c5ccc(Oc6ccc(C7(c8ccc(Oc9ccc%10c(c9)C(=O)N(*)C%10=O)cc8)CCC(C(C)(C)C)CC7)cc6)cc5C4=O)cc3)c(C(C)(C)C)c2)cc1,0.275312596,772
*c1ccc(Oc2ccc(C3(c4ccc(Oc5ccc(N6C(=O)c7ccc(Oc8ccc(C9(c%10ccc(Oc%11ccc%12c(c%11)C(=O)N(*)C%12=O)cc%10)CCC(C(C)(C)C)CC9)cc8)cc7C6=O)cc5)cc4)CC4CC3C3CCCC43)cc2)cc1,0.235289626,773
*C(=O)Nc1cccc(C#Cc2cccc(N3C(=O)c4ccc(*)cc4C3=O)c2)c1,0.254775725,774
*c1ccc(Oc2ccc(NC(=O)CN3C(=O)c4ccc(C(c5ccc6c(c5)C(=O)N(CC(=O)Nc5ccc(Oc7ccc(-c8nnc(*)o8)cc7)cc5)C6=O)(C(F)(F)F)C(F)(F)F)cc4C3=O)cc2)cc1,0.215864818,775
*c1ccc(Oc2c(C)cc(C(C)(C)c3cc(C)c(Oc4ccc(N5C(=O)c6ccc(Oc7ccc(C8(c9ccc(Oc%10ccc%11c(c%10)C(=O)N(*)C%11=O)cc9)CCC(c9ccccc9)CC8)cc7)cc6C5=O)cc4)c(C)c3)cc2C)cc1,0.242419906,776
*c1ccc(Oc2ccc(Oc3ccc(N4C(=O)c5ccc(Oc6ccc(C7(c8ccc(Oc9ccc%10c(c9)C(=O)N(*)C%10=O)cc8)CCC(c8ccccc8)CC7)cc6)cc5C4=O)cc3)c(C(C)(C)C)c2)cc1,0.258275143,777
*c1ccc(Oc2ccc(-c3ccc(Oc4ccc(N5C(=O)c6ccc(Oc7ccc(C8(c9ccc(Oc%10ccc%11c(c%10)C(=O)N(*)C%11=O)cc9)CCC(c9ccccc9)CC8)cc7)cc6C5=O)cc4)cc3C)c(C)c2)cc1,0.262426433,778
*c1ccc(Oc2ccc(N3C(=O)c4ccc(Oc5ccc(C6(c7ccc(Oc8ccc9c(c8)C(=O)N(*)C9=O)cc7)CCC(c7ccccc7)CC6)cc5)cc4C3=O)cc2)cc1,0.234347519,779
*c1ccc(Oc2ccccc2Oc2ccc(-n3c(=O)c4cc5c(=O)n(*)c(=O)c5cc4c3=O)cc2)cc1,0.27636764,780
*c1ccc(Oc2ccc(Oc3ccc(-n4c(=O)c5cc6c(=O)n(*)c(=O)c6cc5c4=O)cc3)cc2C(C)(C)C)cc1,0.299962523,781
*c1ccc(Oc2ccc(Oc3ccc(-n4c(=O)c5cc6c(=O)n(*)c(=O)c6cc5c4=O)cc3)cc2-c2ccccc2)cc1,0.30983122,782
*c1ccc(Oc2cc(C(C)(C)C)ccc2Oc2ccc(-n3c(=O)c4cc5c(=O)n(*)c(=O)c5cc4c3=O)cc2)cc1,0.278141719,783
*c1ccc(Oc2ccc(Oc3ccc(N4C(=O)c5ccc(-c6ccc7c(c6)C(=O)N(*)C7=O)cc5C4=O)cc3)cc2)cc1,0.295398373,784
*c1ccc(Oc2ccccc2Oc2ccc(N3C(=O)c4ccc(-c5ccc6c(c5)C(=O)N(*)C6=O)cc4C3=O)cc2)cc1,0.29151673,785
*c1ccc(Oc2ccc(Oc3ccc(N4C(=O)c5ccc(-c6ccc7c(c6)C(=O)N(*)C7=O)cc5C4=O)cc3)c(C(C)(C)C)c2)cc1,0.30392846,786
*c1ccc(Oc2ccc(Oc3ccc(N4C(=O)c5ccc(-c6ccc7c(c6)C(=O)N(*)C7=O)cc5C4=O)cc3)c(-c3ccccc3)c2)cc1,0.316411554,787
*c1ccc(Oc2cc(C(C)(C)C)ccc2Oc2ccc(N3C(=O)c4ccc(-c5ccc6c(c5)C(=O)N(*)C6=O)cc4C3=O)cc2)cc1,0.288457547,788
*c1ccc(Oc2ccc(-c3ccc(Oc4ccc(N5C(=O)c6ccc(Oc7cccc(Oc8ccc9c(c8)C(=O)N(*)C9=O)c7)cc6C5=O)cc4)cc3)cc2)cc1,0.28734094,789
*c1ccc(Oc2ccc(C3(c4ccc(Oc5ccc(N6C(=O)c7ccc(Oc8ccc(C9(c%10ccc(Oc%11ccc%12c(c%11)C(=O)N(*)C%12=O)cc%10)CCC(c%10ccccc%10)CC9)cc8)cc7C6=O)cc5)cc4)CC4CC3C3CCCC43)cc2)cc1,0.22907507,790
*C(=O)c1ccc2c(c1)C(=O)N(c1cc(C(c3ccc(O)c(N4C(=O)c5ccc(*)cc5C4=O)c3)(C(F)(F)F)C(F)(F)F)ccc1O)C2=O,0.189395669,791
*c1ccc(Oc2ccc(-c3ccc(Oc4ccc(N5C(=O)c6ccc(Oc7ccc(C8(c9ccc(Oc%10ccc%11c(c%10)C(=O)N(*)C%11=O)cc9)CCCCCCCCCCC8)cc7)cc6C5=O)cc4)cc3C)c(C)c2)cc1,0.271126559,792
*c1ccc(Cc2ccc(N3C(=O)c4ccc(Oc5ccc(C6(c7ccc(Oc8ccc9c(c8)C(=O)N(*)C9=O)cc7)CCCCCCCCCCC6)cc5)cc4C3=O)cc2)cc1,0.234616466,793
*c1ccc(Oc2ccc(Oc3ccc(N4C(=O)c5ccc(Oc6ccc(C7(c8ccc(Oc9ccc%10c(c9)C(=O)N(*)C%10=O)cc8)CCCCCCCCCCC7)cc6)cc5C4=O)cc3)c(C(C)(C)C)c2)cc1,0.253157391,794
*c1ccc(Oc2ccc(C3(c4ccc(Oc5ccc(N6C(=O)c7ccc(Oc8ccc(C9(c%10ccc(Oc%11ccc%12c(c%11)C(=O)N(*)C%12=O)cc%10)CCCCCCCCCCC9)cc8)cc7C6=O)cc5)cc4)CCC(C(C)(C)C)CC3)cc2)cc1,0.254842041,795
*c1ccc(Oc2ccc(C3(c4ccc(Oc5ccc(N6C(=O)c7ccc(Oc8ccc(C9(c%10ccc(Oc%11ccc%12c(c%11)C(=O)N(*)C%12=O)cc%10)CCCCCCCCCCC9)cc8)cc7C6=O)cc5)cc4)C4CC5CC(C4)CC3C5)cc2)cc1,0.2382015,796
*c1ccc2c(c1)C(=O)N(c1ccc(Oc3ccc4ccc(Oc5ccc(N6C(=O)c7ccc(C(*)(C(F)(F)F)C(F)(F)F)cc7C6=O)cc5)cc4c3)cc1)C2=O,0.182668971,797
*c1ccc(Oc2ccc3ccc(Oc4ccc(-n5c(=O)c6cc7c(=O)n(*)c(=O)c7cc6c5=O)cc4)cc3c2)cc1,0.289863471,798
*c1cccc(P(=O)(c2cccc(-n3c(=O)c4c(-c5cc(C(F)(F)F)cc(C(F)(F)F)c5)c5c(=O)n(*)c(=O)c5c(-c5cc(C(F)(F)F)cc(C(F)(F)F)c5)c4c3=O)c2)c2cc(C(F)(F)F)cc(C(F)(F)F)c2)c1,0.122779381,799
*c1cccc(P(=O)(c2ccc(C(F)(F)F)cc2)c2cccc(-n3c(=O)c4c(-c5cc(C(F)(F)F)cc(C(F)(F)F)c5)c5c(=O)n(*)c(=O)c5c(-c5cc(C(F)(F)F)cc(C(F)(F)F)c5)c4c3=O)c2)c1,0.130279594,800
*c1cccc(P(=O)(c2ccccc2)c2cccc(-n3c(=O)c4c(-c5cc(C(F)(F)F)cc(C(F)(F)F)c5)c5c(=O)n(*)c(=O)c5c(-c5cc(C(F)(F)F)cc(C(F)(F)F)c5)c4c3=O)c2)c1,0.131716821,801
*c1cccc(P(=O)(c2cccc(-n3c(=O)c4c(-c5ccc(C(F)(F)F)cc5)c5c(=O)n(*)c(=O)c5c(-c5ccc(C(F)(F)F)cc5)c4c3=O)c2)c2cc(C(F)(F)F)cc(C(F)(F)F)c2)c1,0.141923307,802
*c1cccc(P(=O)(c2ccc(C(F)(F)F)cc2)c2cccc(-n3c(=O)c4c(-c5ccc(C(F)(F)F)cc5)c5c(=O)n(*)c(=O)c5c(-c5ccc(C(F)(F)F)cc5)c4c3=O)c2)c1,0.149548685,803
*c1cccc(P(=O)(c2ccccc2)c2cccc(-n3c(=O)c4c(-c5ccc(C(F)(F)F)cc5)c5c(=O)n(*)c(=O)c5c(-c5ccc(C(F)(F)F)cc5)c4c3=O)c2)c1,0.150823834,804
*c1cccc(P(=O)(c2cccc(-n3c(=O)c4c(-c5ccccc5)c5c(=O)n(*)c(=O)c5c(-c5ccccc5)c4c3=O)c2)c2cc(C(F)(F)F)cc(C(F)(F)F)c2)c1,0.14675416,805
*c1cccc(P(=O)(c2ccc(C(F)(F)F)cc2)c2cccc(-n3c(=O)c4c(-c5ccccc5)c5c(=O)n(*)c(=O)c5c(-c5ccccc5)c4c3=O)c2)c1,0.168077953,806
*c1cccc(P(=O)(c2ccccc2)c2cccc(-n3c(=O)c4c(-c5ccccc5)c5c(=O)n(*)c(=O)c5c(-c5ccccc5)c4c3=O)c2)c1,0.177458779,807
*c1ccc(Oc2ccc(N3C(=O)c4cccc(Oc5cccc6c5C(=O)N(*)C6=O)c4C3=O)cc2)cc1,0.222053496,808
*c1ccc(Oc2ccc(N3C(=O)c4ccc(Oc5cccc6c5C(=O)N(*)C6=O)cc4C3=O)cc2)cc1,0.249143763,809
*c1ccc(Oc2ccc(Oc3ccc(N4C(=O)c5cccc(Oc6cccc7c6C(=O)N(*)C7=O)c5C4=O)cc3)cc2)cc1,0.228924168,810
*c1ccc(Oc2ccc(Oc3ccc(N4C(=O)c5ccc(Oc6cccc7c6C(=O)N(*)C7=O)cc5C4=O)cc3)cc2)cc1,0.255200829,811
*c1ccc(Oc2ccc(N3C(=O)C4CCC5C(=O)N(*)C(=O)C5C4C3=O)cc2)cc1,0.263432532,812
*c1ccc(Cc2ccc(N3C(=O)C4CCC5C(=O)N(*)C(=O)C5C4C3=O)c(C)c2)cc1C,0.238258763,813
*c1ccc(Oc2ccc(Oc3ccc(N4C(=O)C5CCC6C(=O)N(*)C(=O)C6C5C4=O)cc3)cc2)cc1,0.274145489,814
*c1ccc(Oc2ccc(C(C)(C)c3ccc(Oc4ccc(N5C(=O)C6CCC7C(=O)N(*)C(=O)C7C6C5=O)cc4)cc3)cc2)cc1,0.252650625,815
*C(=O)c1ccc2c(c1)C(=O)N(c1c(C)cc(Cc3cc(C)c(N4C(=O)c5ccc(*)cc5C4=O)c(C)c3)cc1C)C2=O,0.220094916,816
*C(=O)c1ccc2c(c1)C(=O)N(c1c(CC)cc(Cc3cc(CC)c(N4C(=O)c5ccc(*)cc5C4=O)c(CC)c3)cc1CC)C2=O,0.222803856,817
*C(=O)c1ccc2c(c1)C(=O)N(c1c(C(C)C)cc(Cc3cc(C(C)C)c(N4C(=O)c5ccc(*)cc5C4=O)c(C(C)C)c3)cc1C(C)C)C2=O,0.204282612,818
*c1ccc(Oc2ccc(Oc3ccc(N4C(=O)c5ccc(Oc6ccccc6Oc6ccc7c(c6)C(=O)N(*)C7=O)cc5C4=O)cc3C(F)(F)F)cc2)c(C(F)(F)F)c1,0.203445263,819
*c1ccc(Oc2ccccc2Oc2ccc(N3C(=O)c4ccc(Oc5ccccc5Oc5ccc6c(c5)C(=O)N(*)C6=O)cc4C3=O)cc2C(F)(F)F)c(C(F)(F)F)c1,0.175622309,820
*c1ccc(Oc2c(C)cc(-c3cc(C)c(Oc4ccc(N5C(=O)c6ccc(Oc7ccccc7Oc7ccc8c(c7)C(=O)N(*)C8=O)cc6C5=O)cc4C(F)(F)F)c(C)c3)cc2C)c(C(F)(F)F)c1,0.215085171,821
*c1ccc(Oc2ccc(C(c3ccc(Oc4ccc(N5C(=O)c6ccc(Oc7ccccc7Oc7ccc8c(c7)C(=O)N(*)C8=O)cc6C5=O)cc4C(F)(F)F)cc3)(C(F)(F)F)C(F)(F)F)cc2)c(C(F)(F)F)c1,0.172393313,822
*c1ccc(Oc2ccc(C3(c4ccc(Oc5ccc(N6C(=O)c7ccc(Oc8ccccc8Oc8ccc9c(c8)C(=O)N(*)C9=O)cc7C6=O)cc5C(F)(F)F)cc4)c4ccccc4-c4ccccc43)cc2)c(C(F)(F)F)c1,0.188157219,823
*c1ccc(N2C(=O)c3ccc(Oc4ccc(C(C)(C)c5cccc(Oc6ccc7c(c6)C(=O)N(*)C7=O)c5)cc4)cc3C2=O)cc1,0.254037201,824
*CCCCCCCCCCN1C(=O)C2C3C=CC(C4C(=O)N(*)C(=O)C34)C2C1=O,0.255867446,825
*C1CCC(CC2CCC(N3C(=O)C4C5C=CC(C6C(=O)N(*)C(=O)C56)C4C3=O)CC2)CC1,0.232731371,826
*C1CCC(CC2CCC(N3C(=O)C4C5C=CC(C6C(=O)N(*)C(=O)C56)C4C3=O)C(C)C2)CC1C,0.2249129,827
*c1cc(C(c2ccc(O)c(N3C(=O)c4ccc(Oc5ccc6c(c5)C(=O)N(*)C6=O)cc4C3=O)c2)(C(F)(F)F)C(F)(F)F)ccc1O,0.190410767,828
*c1ccc(C(C)(C)c2ccc(C(C)(C)c3ccc(N4C(=O)c5ccc(Oc6ccc7c(c6)C(=O)N(*)C7=O)cc5C4=O)cc3)cc2)cc1,0.25056238,829
*c1ccc(Sc2ccc(Sc3ccc(Sc4ccc(-n5c(=O)c6cc7c(=O)n(*)c(=O)c7cc6c5=O)cc4)cc3)cc2)cc1,0.209987039,830
*c1ccc(Sc2ccc3c(c2)Sc2ccc(Sc4ccc(-n5c(=O)c6cc7c(=O)n(*)c(=O)c7cc6c5=O)cc4)cc2S3)cc1,0.199953659,831
*C(=O)Oc1ccc(OC(=O)c2ccc3c(c2)C(=O)N(C2CCC(N4C(=O)c5ccc(*)cc5C4=O)CC2)C3=O)cc1,0.321091285,832
*C(=O)Oc1ccc(OC(=O)c2ccc3c(c2)C(=O)N(c2ccc(-c4ccc(N5C(=O)c6ccc(*)cc6C5=O)cc4C(F)(F)F)c(C(F)(F)F)c2)C3=O)cc1,0.282111699,833
*c1ccc(C(=O)Oc2ccc(-n3c(=O)c4cc5c(=O)n(*)c(=O)c5cc4c3=O)cc2)cc1,0.402981581,834
*c1ccc(C(=O)Oc2ccc(N3C(=O)c4ccc(-c5ccc6c(c5)C(=O)N(*)C6=O)cc4C3=O)cc2)cc1,0.370940579,835
*C(=O)Oc1ccc(OC(=O)c2ccc3c(c2)C(=O)N(c2ccc(C(=O)Oc4ccc(N5C(=O)c6ccc(*)cc6C5=O)cc4)cc2)C3=O)cc1,0.322281096,836
*c1ccc(C(=O)Nc2ccc(-n3c(=O)c4cc5c(=O)n(*)c(=O)c5cc4c3=O)cc2)cc1,0.501051728,837
*C(=O)Oc1ccc(OC(=O)c2ccc3c(c2)C(=O)N(c2ccc(C(=O)Nc4ccc(N5C(=O)c6ccc(*)cc6C5=O)cc4)cc2)C3=O)cc1,0.32622674,838
*c1cc(C(c2ccc(O)c(N3C(=O)c4ccc(-c5ccc6c(c5)C(=O)N(*)C6=O)cc4C3=O)c2)(C(F)(F)F)C(F)(F)F)ccc1O,0.203289189,839
*c1ccc2c(c1)C(=O)N(c1ccc(-c3ccc(Oc4ccc5c(c4)C(C)(c4ccc(Oc6ccc(-c7ccc(N8C(=O)c9ccc(C(*)(C(F)(F)F)C(F)(F)F)cc9C8=O)cc7)cc6C(F)(F)F)cc4)CC5(C)C)c(C(F)(F)F)c3)cc1)C2=O,0.18898492,840
*c1ccc(-c2ccc(Oc3ccc(C4(C)CC(C)(C)c5ccc(Oc6ccc(-c7ccc(N8C(=O)c9ccc(Oc%10ccc%11c(c%10)C(=O)N(*)C%11=O)cc9C8=O)cc7)cc6C(F)(F)F)cc54)cc3)c(C(F)(F)F)c2)cc1,0.236371549,841
*c1cccc(N2C(=O)c3ccc(-c4cccc5c4C(=O)N(*)C5=O)cc3C2=O)c1,0.220725294,842
*c1ccc(-c2ccc(N3C(=O)c4ccc(-c5cccc6c5C(=O)N(*)C6=O)cc4C3=O)c(C)c2)cc1C,0.252551567,843
*c1ccc(-c2ccc(N3C(=O)c4ccc(-c5cccc6c5C(=O)N(*)C6=O)cc4C3=O)cc2C)c(C)c1,0.246966336,844
*c1ccc(-c2ccc(N3C(=O)c4ccc(-c5cccc6c5C(=O)N(*)C6=O)cc4C3=O)cc2C(F)(F)F)c(C(F)(F)F)c1,0.181127226,845
*c1ccc(Oc2cccc(N3C(=O)c4ccc(-c5cccc6c5C(=O)N(*)C6=O)cc4C3=O)c2)cc1,0.21550438,846
*c1ccc(Oc2ccc(Oc3ccc(N4C(=O)c5ccc(-c6cccc7c6C(=O)N(*)C7=O)cc5C4=O)cc3)cc2)cc1,0.253562737,847
*c1ccc(Oc2cccc(Oc3ccc(N4C(=O)c5ccc(-c6cccc7c6C(=O)N(*)C7=O)cc5C4=O)cc3)c2)cc1,0.215328534,848
*c1cccc(Oc2cccc(Oc3cccc(N4C(=O)c5ccc(-c6cccc7c6C(=O)N(*)C7=O)cc5C4=O)c3)c2)c1,0.194879024,849
*c1ccc(-c2ccc(N3C(=O)c4cc5c(cc4C3=O)C(C(F)(F)F)(C(F)(F)F)c3cc4c(cc3O5)C(=O)N(*)C4=O)cc2C(F)(F)F)c(C(F)(F)F)c1,0.334859311,850
*c1ccc(-c2ccc(N3C(=O)c4cc5c(cc4C3=O)C(C(F)(F)F)(C(F)(F)F)c3cc4c(cc3O5)C(=O)N(*)C4=O)cc2OC(F)(F)F)c(OC(F)(F)F)c1,0.314708286,851
*C(=O)Nc1ccc(C2(c3ccc(NC(=O)c4ccc5c(c4)C(=O)N(c4ccc(Sc6ccc(Oc7ccc(Sc8ccc(N9C(=O)c%10ccc(*)cc%10C9=O)cc8)cc7)cc6)cc4)C5=O)cc3)c3ccccc3-c3ccccc32)cc1,0.233545227,852
*c1ccc(Sc2ccc(Oc3ccc(Sc4ccc(N5C(=O)c6ccc(Oc7ccc(C(C)(C)c8ccc(Oc9ccc%10c(c9)C(=O)N(*)C%10=O)cc8)cc7)cc6C5=O)cc4)cc3)cc2)cc1,0.219421614,853
*c1ccc2c(c1)C(=O)N(c1ccc(Sc3ccc(Oc4ccc(Sc5ccc(N6C(=O)c7ccc(C(*)(C(F)(F)F)C(F)(F)F)cc7C6=O)cc5)cc4)cc3)cc1)C2=O,0.17007229,854
*OC(C)COC(*)=O,0.216197061,855
*Oc1ccc2c(c1)C1(CC2(C)C)CC(C)(C)c2ccc(OC(*)=O)cc21,0.198892107,856
*Oc1ccc(C(C)(C)c2ccc(OC(*)=O)c(CC)c2)cc1CC,0.235507852,857
*Oc1ccc(C(C)(CCC#N)c2ccc(OC(*)=O)cc2)cc1,0.239792442,858
*Oc1ccc(C(C)(CCC#N)c2ccc(OC(*)=O)c(C)c2)cc1C,0.219626724,859
*Oc1ccc(C(CCC)(CCC)c2ccc(OC(*)=O)c(C)c2)cc1C,0.239908747,860
*Oc1ccc(C(CCCC)(CCCC)c2ccc(OC(*)=O)cc2)cc1,0.236778552,861
*CCCCCCCCCSC(=O)S*,0.228700961,862
*CCCCCCCCCCCCSC(=O)S*,0.246707796,863
*Sc1ccc(Cc2ccc(SC(*)=O)cc2)cc1,0.180050455,864
*Oc1ccc(C(C)(C)c2ccc(OC(=O)SCCCSC(*)=O)cc2)cc1,0.187002547,865
*Oc1ccc(C(C)(C)c2ccc(OC(=O)SCCCCCCSC(*)=O)cc2)cc1,0.197531069,866
*Oc1ccc(C(C)(C)c2ccc(OC(=O)Sc3ccc(C(C)(C)c4ccc(SC(*)=O)cc4)cc3)cc2)cc1,0.182529356,867
*C1CCC(*)N1,0.263630423,868
*Nc1ccc(*)cc1,0.383186404,869
*c1ccc(Cc2ccc(N(*)Cc3ccccc3)cc2)cc1,0.238998014,870
*Cc1cc(C(C)(C)c2ccc3c(c2)CN(C)CO3)cc(CN(*)C)c1O,0.206550984,871
*c1ccc(C(c2ccc(-c3nc4cc(-c5ccc6nc(*)[nH]c6c5)ccc4[nH]3)cc2)(C(F)(F)F)C(F)(F)F)cc1,0.239875739,872
*c1ccc(C(c2ccc(-c3nc4ccc(-c5ccc6nc(*)[nH]c6c5)cc4[nH]3)cc2)(C(F)(F)F)C(F)(F)F)cc1,0.248861231,873
*c1cccc(S(=O)(=O)NCCCCCCNS(*)(=O)=O)c1,0.20809775,874
*c1ccc(S(*)(=O)=O)cc1,0.199092642,875
*Cc1cc(*)c(O)cc1C,0.226688307,876
*c1ccc(-c2ccc3c(c2)C(CCCCCCC#N)(CCCCCCC#N)c2cc(*)ccc2-3)cc1,0.487,877
*CCCCCNC(=O)CCCCC(=O)N*,0.327,878
*CCCCCCCCCCCCCCCCCCNC(=O)NCCCCCCNC(=O)N*,0.383,879
*CC(*)C(=O)Oc1ccccc1C,0.1735,880
*CCCCCCSSCCCCSS*,0.192,881
*/C(F)=C(\F)C(F)(C(*)(F)F)C(F)(F)F,0.102,882
*CC(*)(C)C(=O)NC(=O)Oc1c(Br)cc(S(=O)(=O)c2cc(Br)c(O)c(Br)c2)cc1Br,0.109,883
*CCCCCCCCCOC(=O)c1ccc(C(=O)NCCCCCNC(=O)c2ccc(C(=O)O*)cc2)cc1,0.315,884
*c1ccc(-c2ccc(C(*)(c3ccccc3)C(F)(F)F)cc2)cc1,0.233,885
*CC(*)C(=O)OCCSCCCC#N,0.18,886
*CCCCCCNC(=O)CC/C=C/CCC(=O)N*,0.278,887
*CCCCCCCCCCC(=O)NCCCCCCNC(=O)CCCCO*,0.3565,888
*CC(*)(CC(=O)OCCCCC)C(=O)OCCCCC,0.215,889
*CCCCCCCCNC(=O)CCCCCCCCCCCCCCCCCCCCC(=O)N*,0.425,890
*/C=C/c1cc(OCC(CC)CCCC)c(*)cc1-c1ccc(N(c2ccc(OC)cc2)c2ccc(OC)cc2)cc1,0.242,891
*CCCCCCCCCCCCCCCCCCCCOC(=O)CCCCCCCC(=O)O*,0.507,892
*CC(*)C(=O)Oc1ccc(C)cc1,0.193,893
*CCCCCCCCCCCCCCCCCCCCCC(=O)N*,0.4325,894
*CCCCCCCCCCCCCCCCOC(=O)NCCCCCCNC(=O)O*,0.348,895
*CC(*)(C)C(=O)OC1CCC(C(C)(C)C)CC1,0.153,896
*c1cc(CCCCCCCCCCCCCCCCCCCCCC)c(*)s1,0.39725,897
*CC(*)(C)C(=O)Oc1c(Cl)c(Cl)c(Cl)c(Cl)c1Cl,0.0829999999999999,898
*CCCCCCCCCCCCOC(=O)CCCCCCCCCCCCC(=O)O*,0.294,899
*CC(*)(CF)C(=O)OC,0.1365,900
*CC(*)C(=O)OCC(CC)CC,0.2095,901
*CCCC(*)(C)C(=O)O,0.1985,902
*c1cc2cccccc-2c1*,0.163,903
*CC(*)(C)C(=O)OCCOCC,0.212,904
*CC(*)(C)C(=O)OCCN(CC)CC,0.2375,905
*c1cc(/C=N/c2cccc(C)c2)cc(*)c1O,0.192,906
*CC(*)C(=O)OC1CC(C)CC(C)(C)C1,0.2205,907
*CC(C)(C)CS(=O)(=O)CC(C)(C)COC(=O)O*,0.186,908
*CCCCCCNC(=O)C(CCCCCCCCCCCCCC)C(=O)N*,0.319,909
*CCCCCCCCCCCCCCCCCCCCOC(=O)CCCCC(=O)O*,0.3545,910
*CCCCCCCCCCOCCCCCCCCCCOCCCCCCO*,0.269,911
*CCCCCCCCCCOC(=O)CCC(=O)O*,0.285,912
*CC(*)C(=O)OCCCCCCSCC#N,0.2175,913
*C1C(=O)OC(=O)C1*,0.1425,914
*CC(*)(C)C(=O)OC(C(F)(F)F)(C(F)(F)F)C(F)(F)F,0.0465,915
*C1C(=O)N(c2ccccc2C(=O)OC)C(=O)C1*,0.143,916
*CCCCCCNC(=O)C(CCCCCCCCCCCCC)C(=O)N*,0.2925,917
*CCCCCCCCCCOCCCCCCCCCCOCCCCCO*,0.38525,918
*c1ccc(-c2ccc3c(c2)C(CCCCCC)(CCCCCC)c2cc(*)ccc2-3)cc1,0.376,919
*CC(*)(C)C(=O)OCc1ccco1,0.172,920
*CC/C=C(/*)CCC,0.2233333333333333,921
*CCCCCCCCCCC(=O)NCCc1ccc(CCNC(=O)CCCCCCCCCCS*)cc1,0.296,922
*CCCCCCCCCCNC(=O)CC/C=C/CCC(=O)N*,0.3125,923
*/C=C/c1ccc(*)c2ccc(CCCCCC)cc12,0.339,924
*CCCCCCCCCOC(=O)CCCCCCCC(=O)O*,0.294,925
*c1ccc2c(c1)SC1=Nc3cc(-c4ccc5c(c4)N=C4Sc6cc(*)ccc6N=C4N5)ccc3NC1=N2,0.506,926
*CC(*)C(=O)OCC(CC)CCCC,0.2309999999999999,927
*CC(*)CC(C)C(F)(F)F,0.148,928
*CCCCCCCCC(=O)NCCCCCOCCCCCNC(=O)CCCO*,0.289,929
*CCCCCCCCCCNC(=O)CCCCCCCCCCCCCCC(=O)N*,0.368,930
*CC(*)(CF)C(=O)OCC,0.1684999999999999,931
*CCCCCCCCCCOC(=O)CCCC(=O)O*,0.263,932
*CC(*)C(=O)OCCSCCC#N,0.1875,933
*CC(*)(C)C(=O)OCCc1ccccc1,0.168,934
*CC(*)C(=O)NC(C)CC,0.2259999999999999,935
*CCCCSSCCCCO*,0.199,936
*CC(*)(C)C(=O)OCCN(CC)S(=O)(=O)C(F)(F)C(F)(F)C(F)(F)C(F)(F)C(F)(F)C(F)(F)C(F)(F)C(F)(F)F,0.1095,937
*CC(*)(C#N)C(=O)OCCCC,0.179,938
*c1nc2cc3sc(-c4cc(OCCCCCCCCCCCC)c(*)cc4OCCCCCCCCCCCC)nc3cc2s1,0.3647499999999999,939
*CC(*)(C)C(=O)OCCCCCCCCCCCCCCCCCC,0.317,940
*Oc1cc(CCC)cc(OC(=O)c2cccc(C(*)=O)c2)c1,0.234,941
*CCCN*,0.354,942
*c1nc(C)nc(N(CCCCCCN(*)c2ccccc2)c2ccccc2)n1,0.21,943
*c1sc(*)c(OCCCCCCCCCCCCCCCCCCCC)c1C,0.3747499999999999,944
*CCNC(=O)CCCCCCCCCCCCCCC(=O)N*,0.412,945
*CC(*)C(=O)OCCCCCC(=O)Oc1ccc(-c2ccc(C#N)cc2)cc1,0.2299999999999999,946
*CCCCCCCNC(=O)C(CCCCCCCCCCCC)C(=O)N*,0.3455,947
*/C=C/c1sc(*)c(OCCCCCCCCCCCC)c1OCCCCCCCCCCCC,0.365,948
*CC(*)C(=O)Oc1cccc2ccccc12,0.1644999999999999,949
*CCCCCCCCCCCCCCCCCCCCOC(=O)CCCCS(=O)(=O)CCCCC(=O)O*,0.322,950
*CCCCCCCCCCCCCCS*,0.34125,951
*CC(*)(C)C(=O)Oc1cccc(C)c1,0.151,952
*CC(*)(CC(=O)Oc1ccc(C)cc1)C(=O)Oc1ccc(C)cc1,0.182,953
*CCCCCCCCCCOC(=O)CCCCCCC(=O)O*,0.3445,954
*/C=C/c1ccc(*)c(-c2cc(-c3ccccc3)c(OCC(CC)CCCC)cc2OCC(CC)CCCC)c1,0.256,955
*c1c(-c2ccccc2)c(-c2ccccc2)c(*)c2cc(C(c3ccc(C#Cc4ccccc4)c(C#Cc4ccccc4)c3)(C(F)(F)F)C(F)(F)F)ccc12,0.103,956
*CCCCCCCCCNC(=O)CCCCCCCCC(=O)N*,0.3485,957
*CCCCCCCCCCO*,0.353,958
*c1ccc2c(c1)C(CCCCCC)(CCCCCC)c1cc(-c3cc(CCCCCC)c(*)cc3CCCCCC)ccc1-2,0.46,959
*CCCCCCCCCCSCCCCCCS*,0.3305,960
*/C=C/CCCCC*,0.3143333333333333,961
*/C=C/c1ccc(*)c(-c2cc(OCC(CC)CCCC)c(OCC(CC)CCCC)cc2-c2ccccc2)c1,0.196,962
*CCCCCNC(=O)CCCCCCCCOCCCCCCCCC(=O)NCCCCCO*,0.267,963
*/C=C/CCCCCCCCCC(CCCCCCCCC*)COCCOCCOCCOCCOCCCCCCCCCCCCCC,0.332,964
*CCCCNC(=O)CC/C=C/CCC(=O)N*,0.258,965
*CCCCCCCCCCCCCCCCCCCCC(*)COCCOCCOCCOCCOCCCCCCCCCCCCCC,0.38425,966
*CCCCNC(=O)CCCCCCCCCC(=O)N*,0.3229999999999999,967
*CCC(C)CCC(=O)O*,0.253,968
*/C=C/c1cc(CCCCCCCCCCCC)c(*)s1,0.368,969
*c1ccc(-c2ccc(C3(*)CCCCC3)cc2)cc1,0.252,970
*CC(*)(F)C(=O)OCCC(F)(F)C(F)(F)C(F)(F)C(F)(F)C(F)(F)C(F)(F)C(F)(F)C(F)(F)C(F)(F)C(F)(F)F,0.121,971
*CCCCCCCCCCCCCCCCCCNC(=O)NCCCCCCCCCCNC(=O)N*,0.39,972
*CCCCCNC(=O)CCCCCCCC(=O)N*,0.301,973
*c1cc(CCCCCCCCCCCCCCCCCCC)c(*)s1,0.34,974
*CC(*)(C)C(=O)OCc1cccc([N+](=O)[O-])c1,0.158,975
*CCCCCCCCCCCCCCOC(=O)CCCCCCC(=O)O*,0.3165,976
*CCC(Cl)C(*)Cl,0.1795,977
*CCCCCCCCCCNC(=O)NCCCCCCCCNC(=O)N*,0.366,978
*CCCCCCCNC(=O)CCCCCCCCCC(=O)N*,0.4065,979
*CCCCCCCCCCOC(=O)CCCCSCCCCC(=O)O*,0.27,980
*CCCCCCCCCCCCNC(=O)CCCCCCCCCCCCC(=O)N*,0.3994999999999999,981
*CCCCCCCCCCOc1ccc(OC(=O)c2ccc(OCCCCCCOc3ccc(C(=O)Oc4ccc(O*)cc4)cc3)cc2)cc1,0.344,982
*CCCCCNC(=O)CCCCCCCCCCCCC(=O)N*,0.3415,983
*CCCCCCCCCCCCCCCCOC(=O)NCCCCCCCCCCNC(=O)O*,0.275,984
*CCCCCCNC(=O)C(CCCCCCCCCCCCCCC)C(=O)N*,0.3369999999999999,985
*CCCCSSCCCCOCO*,0.196,986
*/C=C/C(C*)CCC,0.218,987
*CCCCCCCCC(=O)NCCCCCCNC(=O)CCCCO*,0.3185,988
*CCCCCNC(=O)CCCCCCCCCCCCCCCCCCC(=O)N*,0.3495,989
*CC(*)(CC(=O)Oc1cccc(C)c1)C(=O)Oc1cccc(C)c1,0.165,990
*CCCCCC(*)CCCCCCCCCC,0.406,991
*c1cc(CCCCCCCCCCCCC)c(*)s1,0.40475,992
*/C=C/CCCCCC*,0.33,993
*CCCCCCCCCC#CC#CCCCCCCCCCOC(=O)CCCCCCCCC(=O)O*,0.307,994
*c1ccc(-c2sc(-c3cc(SCCCCCCCCCCCC)c(*)s3)cc2SCCCCCCCCCCCC)cc1,0.349,995
*/C=C/c1ccc(*)c(-c2cc(OCCC(C)C)c(OCCC(C)C)cc2-c2ccc(C(F)(F)F)cc2)c1,0.184,996
*c1cc(OCCCCCCCCCCCC)c(*)cc1O,0.309,997
*c1ccc(-c2nnc(-c3cccc(-c4nnc(*)n4-c4ccccc4)c3)n2-c2ccccc2)cc1,0.389,998
*CCCCCCCCCCCCNC(=O)NCCCCCCNC(=O)N*,0.3545,999
*c1cc(OCCCCCCCCCC)c(*)cc1OCCCCCCCCCC,0.256,1000
*CC(*)OC(=O)CCCCCCCCCCCCCCCCCCCCC,0.371,1001
*CC(*)C(=O)OC(C)CCC(CC)CCCC,0.212,1002
*c1sc(*)c2c1OCC(CCCCCCCCCCCCCCCC)O2,0.44475,1003
*CCCCCCOC(=O)OCCCCCCOC(=O)OCCCCCCOc1ccc(-c2ccc(O*)cc2)cc1,0.329,1004
*CC(*)C(=O)OCCSCC,0.2175,1005
*c1ccc2c(c1)C(CCCCCC)(CCCCCC)c1cc(-c3cc(CCCCCCCCCC)c(*)cc3CCCCCCCCCC)ccc1-2,0.216,1006
*CC(*)(C)C(=O)OCC[N+](=O)[O-],0.1895,1007
*CCCCCCCCCCCCNC(=O)CCCCCCCCCCCCCCC(=O)N*,0.396,1008
*CCCCCCCNC(=O)CCCCC(=O)N*,0.323,1009
*CC(*)(C)C(=O)OCC(F)(F)C(F)(F)C(F)(F)C(F)(F)C(F)(F)C(F)(F)C(F)(F)F,0.0735,1010
*Oc1c(C)cc(*)cc1-c1ccccc1,0.1935,1011
*CCCCCCN(C)C(=O)CCCCCCCCCCCCCCCCC(=O)N(*)C,0.3525,1012
*Oc1ccc(Oc2ccc(C(=O)c3ccccc3-c3ccccc3C(=O)c3ccc(*)cc3)cc2)cc1,0.2205,1013
*CC(*)(C)C(=O)Oc1ccc(C)cc1,0.1545,1014
*CC(*)(C)C(=O)OC1CCCC(C)C1,0.1545,1015
*OC(*)C(Cl)(Cl)Cl,0.066,1016
*CC(*)(C)C(=O)OCC(F)(F)C(F)(F)C(F)(F)C(F)F,0.095,1017
*CCCCCCCCCCNC(=O)C(CCCCCCCCCCCC)C(=O)N*,0.35,1018
*CC(*)(Cl)C(=O)OCCCC,0.178,1019
*CC(*)(C)C(=O)OCCCCCCOc1ccc(-c2ccc(OC)cc2)cc1,0.2175,1020
*CC(*)(CC(=O)OCCCCCC)C(=O)OCCCCCC,0.2319999999999999,1021
*CCOC(=O)CCCCSCCCCC(=O)O*,0.212,1022
*CC(*)(C)C(=O)OCCN(CC)c1ccc(/N=N/c2ccc([N+](=O)[O-])cc2)cc1,0.19,1023
*CCCCSS*,0.175,1024
*CC(*)(Cl)C(=O)OC(C)C,0.1465,1025
*CCCCCCCCCCSSCCCCCCSS*,0.2295,1026
*CC(*)(C)C(=O)OCC(CC)CCCC,0.1935,1027
*CC(*)(C)C(=O)OCCCCn1c2ccccc2c2ccccc21,0.1694999999999999,1028
*Cc1ccc(*)cc1,0.267,1029
*CC(*)(C)C(N)=O,0.145,1030
*c1ccc2c(c1)C(CCCCCC)(CCCCCC)c1cc(-c3cc(OCc4ccccc4)c(*)cc3OCc3ccccc3)ccc1-2,0.184,1031
*CC(*)(C)C(=O)NC(=O)OC(C)COc1c(Br)cc(S(=O)(=O)c2cc(Br)c(OCC(C)O)c(Br)c2)cc1Br,0.15,1032
*Cc1ccc(CNC(=O)CCCCCCCCCCCCCCCCCCCCC(=O)N*)cc1,0.359,1033
*CCCCCCCCCCNC(=O)CCCCCCCCCCCCC(=O)N*,0.342,1034
*CCN*,0.351,1035
*CCCCCCNC(=O)CCCCCCC(=O)N*,0.345,1036
*CCc1ccc(*)o1,0.2784999999999999,1037
*CC(*)n1cc2ccccc2n1,0.2075,1038
*CCCOC(=O)CCCCCCCCCCCCCCCCC(=O)O*,0.364,1039
*CCCCCCCCCCOCO*,0.297,1040
*CCCCCCCCCCOC(=O)CCCCCCCC(=O)O*,0.3325,1041
*CC(*)(C)C(=O)OCCCCCCCCCCCCCC,0.3115,1042
*c1sc(*)c(OCCCCCCCCCCCCCC)c1C,0.43675,1043
*CCCCCCCCCCOC(=O)CCCCCNC(=O)CCCCC(=O)NCCCCCC(=O)O*,0.2955,1044
*c1cc(-c2sc(-c3cc(CCCCCCCCCCCCCC)c(*)s3)cc2CCCCCCCCCCCCCC)c2cccccc1-2,0.316,1045
*CCCCCCCCCCCCCCCC[N+](C)(C)CCCCCC[N+](*)(C)C,0.408,1046
*/C=C(/*)C#CCCCCCCCCCCCCCCCCCCCCC(=O)O,0.4105,1047
*c1ccc2c(c1)C(=O)N(c1cc(OCCN(CC)c3ccc(/N=N/c4ccc([N+](=O)[O-])cc4)cc3)cc(N3C(=O)c4ccc(C(*)(C(F)(F)F)C(F)(F)F)cc4C3=O)c1)C2=O,0.154,1048
*CC(*)(C)C(=O)OCC(F)(F)C(F)(F)C(F)(F)C(F)(F)C(F)(F)C(F)F,0.113,1049
*ON(C(F)(F)F)C(F)(F)C(*)(F)F,0.0905,1050
*CCOCCOCCOC(=O)CCCCCCCC(=O)O*,0.267,1051
*CCCCCCCCNC(=O)CCCCCCCCC(=O)NCCCCCCCCNC(=O)C(=O)N*,0.3315,1052
*CCCCCCCCCCCCOC(=O)CC/C=C/CCC(=O)O*,0.274,1053
*c1sc(*)c(OCCCCCCCCCCCC)c1C,0.37875,1054
*CC(*)(C)C(=O)OC(C(F)(F)F)C(F)(F)F,0.0755,1055
*CC(*)C(=O)OC(C)CCCCCC,0.245,1056
*OC(=O)CCCCCC(*)=O,0.237,1057
*/C=C/C1CCC(*)C1,0.2603333333333333,1058
*c1ccc(NC(=O)Nc2ccc(NC(=O)Nc3ccc(-c4nc(-c5ccc([N+](=O)[O-])cc5)[nH]c4*)cc3)cc2)cc1,0.269,1059
*CCCCCCCCCCCNC(=O)CCCCCCCCCCCCCCCCCCC(=O)N*,0.37175,1060
*CCCCCNC(=O)CCCCCCOCCCCCCC(=O)NCCCCCO*,0.285,1061
*c1ccc(-c2ccc3c(c2)C(CCCCCCBr)(CCCCCCBr)c2cc(*)ccc2-3)cc1,0.236,1062
*CCc1ccc(CCNC(=O)CCCCCCCCCCCCCCCC(=O)N*)cc1,0.3515,1063
*CCCCCCCCCCC(=O)NCCCCCC(=O)N*,0.296,1064
*CCCCCCCCCCCCCCCCCCCCOC(=O)CC(=O)O*,0.318,1065
*CC(*)(C)C(=O)OCC(C)(C)C1OCC(C)(C)CO1,0.1619999999999999,1066
*CCCCCCCCC(=O)NCCCCCCNC(=O)CCCCCCCCO*,0.3575,1067
*CC(*)(C)C(=O)OCC1CCCO1,0.172,1068
*/C=C/c1ccc(*)c(-c2c(OCC(CC)CCCC)ccc3cc(-c4ccccc4)ccc23)c1,0.212,1069
*C(*)C,0.2033333333333333,1070
*CCCCCNC(=O)CCCCCCCCCCCCCCCCC(=O)N*,0.4165,1071
*CCCCCCCCC(=O)NCCCCCOCCCCCNC(=O)CCCCO*,0.287,1072
*Oc1ccc(OC(=O)CCCCCCCCC(*)=O)cc1,0.257,1073
*CCCCCCCCOC(=O)c1ccc(C(=O)NCCCCCCNC(=O)c2ccc(C(=O)O*)cc2)cc1,0.261,1074
*CCCCCCCCCCC(=O)NCCCCCOCCCCCNC(=O)CCCO*,0.303,1075
*CC(*)C(=O)OCC(C)CC,0.221,1076
*CC1CCC(COC(=O)CCCCCCCCCCC(=O)O*)CC1,0.279,1077
*CC(*)(C)C(=O)Oc1ccccc1C,0.1905,1078
*CCCCCCNC(=O)C(CCCCCCCCCCCCCCCCC)C(=O)N*,0.3505,1079
*CC(*)C(=O)Oc1cccc(C)c1,0.2055,1080
*/C=C/CCCCCCC(Cl)CCCCCC*,0.3405,1081
*CCCCCCCCCCCCCCCCCCCCC(*)COCCOCCOCCOCCOCCCCCC,0.39925,1082
*CC(*)(C)C(=O)OC(F)(C(F)(F)F)C(F)(F)F,0.069,1083
*CC(*)CCCC(C)C,0.2573333333333333,1084
*CCCCCCCCCCCCCCNC(=O)NCCCCCCNC(=O)N*,0.4,1085
*CCCCCCCCCCCCCCCCCCCCOC(=O)CCCCCC(=O)O*,0.406,1086
*C1C(=O)N(c2ccccc2)C(=O)C1*,0.143,1087
*CCCCCCCCNC(=O)CCCCCCCCCCCCCCC(=O)N*,0.355,1088
*CCCCCCCCCCCCCCC(=O)O*,0.3595,1089
*CC(*)(Cl)C(=O)OC1CCCCC1,0.1365,1090
*CCc1ccc(CCNC(=O)CCCCCCCCCCCCCCCCCCCCC(=O)N*)cc1,0.3195,1091
*CCCCCCCCCCCCCCCCCCCCCCOC(=O)Cc1ccccc1CC(=O)O*,0.367,1092
*CCCCCCCCCCCCCCNC(=O)NCCCCCCCCCCNC(=O)N*,0.344,1093
*CCCCCCCCOC(=O)CCCCCNC(=O)CCCCC(=O)NCCCCCC(=O)O*,0.293,1094
*CC(*)(C)C(=O)OCC1(C)COCOC1,0.1305,1095
*CCCCCCCCCCCCCCCCCCCCOC(=O)CCCCSCCCCC(=O)O*,0.322,1096
*CCCCCCCCNC(=O)C(CCCCCCCCCCCC)C(=O)N*,0.331,1097
*CC/C=C(/*)C(C)(C)C,0.20825,1098
*c1cc(*)c(O)c(/C=N/c2ccc(Cl)cc2)c1,0.141,1099
*CCOCCOC(=O)CCCCCCCCCCCCCCCCC(=O)O*,0.3485,1100
*C1C(=O)N(c2ccc(C)cc2)C(=O)C1*,0.1405,1101
*CCCCCCCCCCCCNC(=O)C(=O)N*,0.309,1102
*CCCCCCCCCCCCCCCCCCCCOC(=O)CCCCCCCCC(=O)O*,0.276,1103
*CCCCCCCCCCCCCCCCOC(=O)CCCCCCCCCCCCC(=O)O*,0.297,1104
*CC(*)C(=O)OCCCCCCOc1ccc(C(=O)Oc2ccc(C#N)cc2)cc1,0.2245,1105
*CC(CCCCCCCCCCCCCCCC)C1C(=O)N(CCCCCCCCCCCC)C(=O)C1*,0.335,1106
*CCCCCCCCCCOC(=O)c1ccc(C(=O)NCCCCCNC(=O)c2ccc(C(=O)O*)cc2)cc1,0.307,1107
*CC(*)(C)C(=O)OCCF,0.1679999999999999,1108
*CC(*)C(=O)N(CCCC)CCCC,0.211,1109
*/C=C/c1cc(OCC2CC3CC2C2CCCC32)c(*)cc1OCC1CC2CC1C1CCCC21,0.24,1110
*CO*,0.246,1111
*CC(*)(C)C(=O)OCC1(C)COC(C)(C)OC1,0.1525,1112
*c1ccc(N2C(=O)c3ccc(C(=O)c4ccc5c(c4)C(=O)N(c4ccc(-c6nc7cc(-c8ccc9nc(-c%10ccccc%10)c(*)nc9c8)ccc7nc6-c6ccccc6)cc4)C5=O)cc3C2=O)cc1,0.224,1113
*CC(*)C(=O)OCCCSCCC#N,0.219,1114
*CCCCCCSCCS*,0.234,1115
*CC(*)C(=O)OC(CCC(CC)CCCC)CC(C)C,0.2319999999999999,1116
*CCCCCC(*)CCCCCCCCCCCC,0.381,1117
*c1ccc(-c2ccc(C(*)(C)C(F)(F)F)cc2)cc1,0.194,1118
*CC(*)C(=O)OCCSCC#N,0.183,1119
*CC(*)(C)C(=O)OC12CC3CC(C)(CC(C)(C3)C1)C2,0.122,1120
*CCCCC(C)CC(=O)N*,0.254,1121
*CCCCCCCCCCC(=O)NCc1ccc(CNC(=O)CCCCCCCCCCS*)cc1,0.285,1122
*c1ccc(-c2ccc(C(*)(c3ccc(F)cc3)C(F)(F)F)cc2)cc1,0.185,1123
*c1cc(CCCCCCCCCCCCCCCCC)c(*)s1,0.396,1124
*CCCCCCCCCCCSCCCCCCS*,0.3145,1125
*CC(*)C(=O)OCCCSC,0.211,1126
*CC(*)(C)C(=O)OC1CC2CCC1(C)C2(C)C,0.143,1127
*CCc1ccc(CCNC(=O)CCCCCCCCCCCCCCCCC(=O)N*)cc1,0.368,1128
*CCCCCCCCCCCCCCCCOC(=O)CC/C=C/CCC(=O)O*,0.304,1129
*CCN(*)C(=O)CCCCCCCCCCCCCC,0.309,1130
*CCOCCOC(=O)CCCCCCCCC(=O)O*,0.229,1131
*CC(*)(C)C(=O)OCCCCCCCCCC,0.259,1132
*CC(*)(C)C(=O)OC12CC3CC(CC(C3)C1)C2,0.1245,1133
*c1ccc(Oc2cccc(Oc3ccc(N4C(=O)c5cccc(Oc6cccc(Oc7cccc8c7C(=O)N(*)C8=O)c6)c5C4=O)cc3)c2)cc1,0.165,1134
*Oc1cccc(OC(=O)c2ccc(C(C)(C)c3ccc(C(*)=O)cc3)cc2)c1,0.222,1135
*CCCCCCCCNC(=O)CCCCCCCCCCCCC(=O)N*,0.381,1136
*c1ccc(-c2cc(-c3ccc(OCCCCCC)cc3)cc(-c3ccc(-c4ccc5c(c4)C(CCCCCC)(CCCCCC)c4cc(*)ccc4-5)cc3)c2-c2ccc(OCCCCCC)cc2)cc1,0.29,1137
*CC(*)C(=O)Oc1ccccc1C(C)(C)C,0.175,1138
*c1cc(*)c(O)c(/C=N/c2ccc(N3CCOCC3)cc2)c1,0.266,1139
*c1sc(*)c(OCCCCCCCCCCCCCCCC)c1C,0.388,1140
*CCCCCCCCCCCCOC(=O)CCCCCNC(=O)CCCCC(=O)NCCCCCC(=O)O*,0.306,1141
*CCCCCCCCCCCCCCCCCCCCOC(=O)CCC(C)CC(=O)O*,0.362,1142
*c1ccc2c(c1)C(CCCCCC)(CCCCCC)c1cc(-c3cc(OCCCCCCCC)c(*)cc3OCCCCCCCC)ccc1-2,0.291,1143
*CCCCCCNC(=O)CCCCCCCCCCCCCCC(=O)N*,0.367,1144
*CCCCCCCCCCCCCCCCCCCCc1nnc(*)o1,0.398,1145
*CCCCCCCCCCC(=O)NCCCCCCNC(=O)CCCO*,0.3245,1146
*CC(*)(C)C(=O)OC1CC(C)CC(C)(C)C1,0.146,1147
*CCCCCCOCO*,0.278,1148
*CCCCCCCCCCNC(=O)CCCCCCC(=O)N*,0.422,1149
*CC(*)(C)C(=O)Oc1ccc(C(C)(C)C)cc1,0.181,1150
*CCCO*,0.296,1151
*CCCCCCCCC(=O)NCCCCCCNC(=O)CCCO*,0.286,1152
*CC(*)C(=O)OCCC(C)OC,0.212,1153
*CCCCCCOC(=O)CCCCSCCCCC(=O)O*,0.224,1154
*CC(*)C(=O)NC(C)(C)C,0.199,1155
*CCCCOC(=O)CCCCCCCCCCCCCCCCCCCCCCCCCCCCCCCCCCC(=O)O*,0.49475,1156
*CCCCCCCCCCOC(=O)CCCCCCCCCCCCCCCCC(=O)O*,0.3415,1157
*CCCCCCCCCCCCCCCCCCCCOC(=O)C(=O)O*,0.3545,1158
*CC(*)(Cl)C(=O)OC(C)CC,0.174,1159
*CC(*)C(=O)Oc1ccccc1Cl,0.166,1160
*CCCCCCCCCCCCCCCCCCNC(=O)CCc1ccc(CCC(=O)N*)cc1,0.3755,1161
*CCCCCCCCCCCCCCNC(=O)CCCCCCCCCCCCCCCCC(=O)N*,0.4341428571428571,1162
*CCCCCCCCNC(=O)CCCCC(=O)N*,0.291,1163
*CC(*)C(=O)OCCCCCCCCC,0.281,1164
*/C=C/c1cc(CCCCCCCCCCC)c(/C=C/c2ccc(*)cc2)cc1CCCCCCCCCCC,0.368,1165
*c1cc(O)c(O)cc1*,0.183,1166
*c1ccc(-c2nc3ccc(Oc4ccc5nc(*)c(-c6ccccc6)c(-c6ccccc6)c5c4)cc3c(-c3ccccc3)c2-c2ccccc2)cc1,0.27,1167
*CC(O*)c1ccccc1,0.181,1168
*CC(*)C(=O)NCCCCCCCCCCCCCCCC,0.3105,1169
*Nc1ccc(*)cc1OCCCCCCCCCCCCCCCC,0.3671666666666667,1170
*CCCCCCCCCNC(=O)CCCCCCCCCC(=O)N*,0.312,1171
*CC/C=C(/*)CCCCCCC,0.269,1172
*CCCCCCCCCOC(=O)c1ccc(C(=O)NCCCCCCNC(=O)c2ccc(C(=O)O*)cc2)cc1,0.259,1173
*/C=C/c1cc(CCCCCCCCCCCC)c(/C=C/c2ccc(*)cc2)cc1CCCCCCCCCCCC,0.315,1174
*CCCCCCCCCCCCCCCCCCCCOC(=O)CCCCCCC(=O)O*,0.3379999999999999,1175
*CCCCCCCCCCCCNC(=O)CCCCC(=O)N*,0.3745,1176
*CCCCCCCCCCCCCCCCC(=O)N*,0.379,1177
*CC(*)C(=O)OCC(C)CCC,0.217,1178
*CC(*)(C)C(=O)OCCC(C)(C)C,0.1895,1179
*CC(*)C(=O)NCCCCCC(=O)O,0.2495,1180
*Oc1ccc(C(C)(C)c2ccc(Oc3ccc(C(=O)Nc4ccc(-c5ccc(NC(=O)c6ccc(*)cc6)cc5C(F)(F)F)c(C(F)(F)F)c4)cc3)cc2)cc1,0.2685,1181
*c1cc(/C=N/c2ccc(C)cc2)c(*)c(OC)c1,0.215,1182
*CCCC1CC(=O)N(*)C(=O)C1,0.23,1183
*CCC(C(=O)OCC)C(*)C(=O)OCC,0.2075,1184
*CCCCCCCCCCCNC(=O)CCCCCCCCCCC(=O)N*,0.389,1185
*CC(*)(C)C(=O)OC(C)C(C)(C)C,0.1674999999999999,1186
*CCCCCCCCCCOC(=O)CCCCCCCCC(=O)O*,0.281,1187
*CCCCCCCCCCNC(=O)CCCCCCCCCCCCCCCCCCCCC(=O)N*,0.38825,1188
*CCCCCCCCCCCCO*,0.4307499999999999,1189
*CCCCCCNC(=O)CCCCCCCCCCCCC(=O)N*,0.355,1190
*CC(*)(C)C(=O)OCCNC(C)(C)C,0.184,1191
*CC(*)(C)C(=O)OC(F)(F)C(F)(F)C(F)(F)C(F)(F)C(F)(F)C(F)(F)C(F)(F)C(F)(F)F,0.084,1192
*CCCCCCCCCCCCNC(=O)CCCCCCCCCCCCCCCCCCCCC(=O)N*,0.3944285714285714,1193
*CCCCCCCCOC(=O)CCCCCNC(=O)c1ccc(C(=O)NCCCCCC(=O)O*)cc1,0.276,1194
*CCCCCCCCCCCCCCCCCCCCCCOC(=O)CC(CC(=O)O*)c1ccccc1,0.354,1195
*c1cc(CCCCCCCCCCCCCCC)c(*)s1,0.3742499999999999,1196
*CC(*)C(=O)OCCCSCC,0.2155,1197
*CC(*)(C)C(=O)OCCCCCCCCCCCCCCCC,0.26,1198
*CC(*)(C)C(=O)OCCC(C)CC(C)(C)C,0.198,1199
*CCCCCCCCCCCCCCC(=O)N*,0.389,1200
*CC(*)C(=O)OCCN(CC)c1ccc(/N=N/c2ccc([N+](=O)[O-])cc2)cc1,0.2135,1201
*CCCCCCCCSSCCCCSS*,0.192,1202
*/C=C/CCCCCCCCCC(Cl)CCCCCCCCC*,0.3419999999999999,1203
*CCCCCOC(=O)CCCCSCCCCC(=O)O*,0.202,1204
*CC(*)C(=O)NCCCCCCCCCCCCCC,0.3746666666666667,1205
*CC(*)C(=O)Oc1ccc(C(C)(C)C)cc1,0.2245,1206
*CCCCCCCCCCCNC(=O)CCCCCCCCC(=O)NCCCCCCCCCCCNC(=O)C(=O)N*,0.3195,1207
*CCCCCCCCCCCCCCCCCCCCOC(=O)COCC(=O)O*,0.3249999999999999,1208
*c1cc(CCCCCCCCCCCCCC)c(*)s1,0.4182499999999999,1209
*CCCOC(=O)C1CCC(C(=O)O*)CC1,0.222,1210
*CCCCCCCCCCCCCCCCCCNC(=O)CCCCCCCCCCC(=O)N*,0.4337499999999999,1211
*c1[nH]c(*)c(CC(=O)OCCCCCCCCCCCC)c1CC(=O)OCCCCCCCCCCCC,0.2794999999999999,1212
*CCCCCCCNC(=O)CCCCCCCCC(=O)N*,0.3235,1213
*CCCCCCCCCCOCCCCCCCCCCOCCCCO*,0.329,1214
*CCCCCCCCCNC(=O)C(CCCCCCCCCCCC)C(=O)N*,0.347,1215
*CCCCCCNC(=O)CCCCCC(=O)N*,0.278,1216
*c1ccc2c(c1)C(CCCCCC)(CCCCCC)c1cc(-c3cc(CCCCCCCC)c(*)cc3CCCCCCCC)ccc1-2,0.349,1217
*CC(*)(C)C(=O)OC1CCC(C)CC1,0.1709999999999999,1218
*CCCCCCCCCCCCCCCCCCCCOC(=O)CCC(=O)O*,0.362,1219
*CCCCCCCCCCCCCCCCOC(=O)CCCCCCCCC(=O)O*,0.442,1220
*CCCNC(=O)CCCCCCCCCCCCCCCCCCC(=O)N*,0.407,1221
*CC(*)(C)C(=O)OCC(C)(C)C,0.1555,1222
*CC(*)(Cl)C(=O)OCCC,0.173,1223
*Oc1ccc(-c2ccc(-c3cc(-c4ccccc4)c(-c4ccc(-c5ccc(OC(=O)c6ccc(C(*)=O)cc6-c6ccccc6)cc5)cc4)c(-c4ccccc4)c3-c3ccccc3)cc2)cc1,0.315,1224
*CCc1ccc(*)s1,0.288,1225
*CCCCCCCCCCNC(=O)CCCCCCCCC(=O)NCCCCCCCCCCNC(=O)C(=O)N*,0.4125,1226
*Nc1ccc(*)cc1CCCCCCCCCCCCCCC,0.314,1227
*CCCCCCCCCCCCCCCCCCCCCCOC(=O)CCC(=O)O*,0.387,1228
*CCCCCCCCNC(=O)CCCCCCCC(=O)N*,0.308,1229
*CCCCCCCCNC(=O)CCCCCCCCCCC(=O)N*,0.3463333333333334,1230
*CCNC(=O)CCCCCCCCCCCCCCCCC(=O)N*,0.359,1231
*CC(*)(C)C(=O)OCCCl,0.1325,1232
*c1cc(CCCCCCCCCCCCCCCCCC)c(*)s1,0.36525,1233
*CCCCCCCCCCCCNC(=O)CCCCCCCCC(=O)N*,0.374,1234
*/C=C/CCCCCCCCCC(CCCCCCCCC*)COCCOCCOCCOCCOCCCCCC,0.31,1235
*CCCCSCCS*,0.226,1236
*CCCCCCCCCCCCCCCCCCCCOC(=O)CCCC(=O)O*,0.302,1237
*CC(*)C(=O)OC(C)CCCCC,0.2405,1238
*/C=C/c1cc(OCCCCCC)c(*)cc1OC,0.524,1239
*CC(*)(C)C(=O)Oc1ccc2ccccc2c1,0.1639999999999999,1240
*CCCCCC(*)CCCCCCCCCCCCCC,0.403,1241
*c1ccc2ccc3c(*)cc(C#CC=C)c4ccc1c2c34,0.429,1242
*CCCCNC(=O)CCCCCCCCCCC(=O)N*,0.332,1243
*CC(*)C(=O)OCC(F)(F)C(F)(F)OC(F)(F)C(F)(F)C(F)(F)C(F)(F)F,0.086,1244
*CC(*)C(=O)NCCCCCCCC/C=C/CCCCCCCC,0.3065,1245
*CC(*)C(=O)OCCCCSC,0.2005,1246
*CCCCCCCCCCCCOC(=O)CCCCC(=O)O*,0.292,1247
*CCCCCCCCCCNC(=O)CCCCCCCCCCCC(=O)N*,0.3685,1248
*/C=C(/*)CCCCCCCCCCCCCCCCCCCCC(=O)O,0.403,1249
*OC(*)CCC#N,0.1704999999999999,1250
*CCCCCCCNC(=O)CCCCCCCCCCCCCCCCCCC(=O)N*,0.4137499999999999,1251
*CCCCCCCNC(=O)CCCCCC(=O)N*,0.334,1252
*CCCCCCCCCCCCCCOC(=O)CCCCC(=O)O*,0.3555,1253
*CC(*)CCC(C)C,0.216,1254
*Oc1cccc(NC(=O)CCCCCCCCCCC(=O)Nc2ccc(*)cc2)c1,0.319,1255
*CC(*)(C)C(=O)Oc1ccc(C)cc1C,0.157,1256
*CCCCCCCCCCCCCCNC(=O)CCCCCCCCC(=O)N*,0.3944999999999999,1257
*CCCCCCCCCCCCOC(=O)CCCCCCC(=O)O*,0.284,1258
*CC(*)C(=O)OCCC(C)C,0.224,1259
*Sc1c(C)cc(*)cc1C,0.145,1260
*CC(*)(C#N)C(=O)OC,0.161,1261
*CCCCCCCCCCC(Cl)C(*)Cl,0.316,1262
*/C=C/c1cc(OCCCCCCCC)c(*)cc1OC,0.31,1263
*CC(*)(C#N)C(=O)OCCCCCC,0.217,1264
*CC(*)(C)C(=O)OCC(F)(F)C(F)(F)C(F)(F)C(F)(F)C(F)(F)C(F)(F)C(F)(F)C(F)F,0.09,1265
*Oc1ccc(NC(=O)CCCCCCCCCC(=O)Nc2ccc(*)cc2)cc1,0.3745,1266
*CCCCCCCCc1nnc(*)o1,0.324,1267
*CCCCCCCCCCCCOC(=O)CCCCCCCCCCC(=O)O*,0.297,1268
*CCCCCCCCCCCCCCCC(=O)O*,0.3954,1269
*OC1CCCCC1*,0.1694999999999999,1270
*CC(*)C(=O)NCCCCCCCCCCCCCCCCCCCCCC,0.3665,1271
*CCNC(=O)CCCCCCCCC(=O)N*,0.302,1272
*C1C=CC(*)C1,0.2784999999999999,1273
*CCCCCCCCCCCCCCCCCCOC(=O)c1ccc(C(=O)O*)cc1,0.304,1274
*CC(*)C(=O)OC(C)CC(C)C,0.207,1275
*CCCCCCN(C)C(=O)CCCCCCCCCCCCCCC(=O)N(*)C,0.33,1276
*CCCCCCCCCCC(=O)NCCCCCOCCCCCNC(=O)CCCCO*,0.3349999999999999,1277
*CC(*)C(=O)OC12CC3CC(C)(CC(C)(C3)C1)C2,0.1635,1278
*CCCCCCCCCCOCCCCCCOCCCCCCO*,0.36175,1279
*C(=O)N(*)CCCCCCCCCCCCCCCCCC,0.408,1280
*CC/C=C(/*)C(C)C,0.21,1281
*CC(*)(C)C(=O)OC(C)C(F)(F)F,0.1139999999999999,1282
*/C=C/c1cc(OCCCCCCCCCCCCCCCC)c(/C=C/c2ccc(*)cc2)cc1OCCCCCCCCCCCCCCCC,0.3329999999999999,1283
*/C=C/c1cc(OCCCCCCCCCCCC)c(*)cc1OC,0.251,1284
*CCCCCCCCCNC(=O)CCCCCCCCCCCC(=O)N*,0.348,1285
*CCCCCNC(=O)CCCCCCCCCCCC(=O)N*,0.3545,1286
*CC(*)OC(=O)CCCCCCCCCCCCCCCCC,0.305,1287
*c1ccc(-c2ccc(-c3ccc(C(*)(CC)C(F)(F)F)cc3)cc2)cc1,0.236,1288
*CCCCCCCCCCCCCCNC(=O)CCCCCCCCCCC(=O)N*,0.346,1289
*/C=C/c1ccc(*)c(-c2cc(OCCC(C)C)c(OCCC(C)C)cc2-c2ccc(OC)cc2)c1,0.308,1290
*CC(*)C(=O)N(C)c1ccccc1,0.1775,1291
*CC(*)(C)C(=O)OC(F)(C(F)(F)F)C(F)(F)Cl,0.069,1292
*CCCCCCCCCCOC(=O)CCCCS(=O)(=O)CCCCC(=O)O*,0.278,1293
*CC(*)OC(=O)CCCCCCCCCCCCCCC,0.319,1294
*CC(*)C(=O)NCCCC,0.252,1295
*CCC(=O)OC(=O)CCc1ccc(*)o1,0.216,1296
*CCCCCCCCCCCCCCNC(=O)CCCCCCCCCCCCCCCCCCCCC(=O)N*,0.3915714285714285,1297
*CC(*)(C)C(=O)OCCCCC,0.1895,1298
*CC(CCl)(CCl)O*,0.1159999999999999,1299
*CC(*)(CC(=O)Oc1ccccc1C)C(=O)Oc1ccccc1C,0.1635,1300
*C(=O)NCCCCCCCCCCNC(=O)c1ccc(*)o1,0.217,1301
*CCCCCCCCCNC(=O)CCCCCCCC(=O)N*,0.361,1302
*CCCCCCCCCCCCCCCCCCCCC(*)Cl,0.468,1303
*CCCCCCCCCCSCCCCS*,0.282,1304
*c1cc(CCCCCCCCCCCCCCCC)c(*)s1,0.381,1305
*/C=C/c1sc(/C=C/c2cc(CCCCCCCCCCCC)c(*)s2)cc1CCCCCCCCCCCC,0.291,1306
*CC(C)(C)O*,0.1995,1307
*CC(*)C(=O)OCCSC,0.181,1308
*CCCCCCNC(=O)C(CCCCCCCCCCCCCCCCCC)C(=O)N*,0.354,1309
*CCCCCCCCNC(=O)CCCCCCCCCCCCCCCCC(=O)N*,0.3725,1310
*c1nc(-c2ccccc2)nc(N(c2ccccc2)c2ncnc(N(*)c3ccccc3)n2)n1,0.185,1311
*CC(*)CCCCCCCCCCCCCCCCCC,0.381,1312
*c1cc(CCCCCCCCCCCC)c(*)cc1CCCCCCCCCCCC,0.356,1313
*CCCCCCCCCCCCCCOC(=O)CC/C=C/CCC(=O)O*,0.318,1314
*CCCCCCCCCCCCCNC(=O)CCCCCCCCCCCC(=O)N*,0.3835,1315
*CCCCCCCCCCCCCCCCOC(=O)C/C=C/CC(=O)O*,0.315,1316
*Oc1ccc(C(C)(C)c2ccc(OC(=O)CN(CC(*)=O)c3ccc(/N=N/c4ccc([N+](=O)[O-])cc4)cc3)cc2)cc1,0.244,1317
*CCCCCCCCCCCSCCCCCCCCCCS*,0.352,1318
*CCCCCCCCCCNC(=O)CCCCCCCCCCCCCCCCC(=O)N*,0.381,1319
*c1cc(CCCCCCCCCCCCCCCC)c(*)[nH]1,0.4075,1320
*CC1CCC(COC(=O)NCCSCCCCCCSCCNC(=O)O*)CC1,0.24,1321
*CCCCCCCCCCOC(=O)CCCCCCCCCCC(=O)O*,0.319,1322
*CC(*)C(=O)N(C(C)C)C(C)C,0.1865,1323
*Cc1ccc(CNC(=O)CCCCCCCCCCCCCCCCC(=O)N*)cc1,0.3299999999999999,1324
*CCCCCCCCCCNC(=O)CCCCCCCCCCCCCCCCCCC(=O)N*,0.3873333333333333,1325
*CCCCCCCCCCOC(=O)NCCCCCCCCCCNC(=O)O*,0.316,1326
*C(*)CC,0.206,1327
*CCCCCCCCCCCCCCCCCCCCCCOC(=O)CCCCC(=O)O*,0.376,1328
*CCCCCCSCCCCCS*,0.241,1329
*CC(*)(C#N)C(=O)OCC,0.1805,1330
*CCCCCCNC(=O)C(CCCCCCCCCCCCCCCC)C(=O)N*,0.3235,1331
*CCN(*)C(=O)CCCCCCCCCCCCCCCCC,0.4005,1332
*c1ccc(-c2ccc(C(*)(C)C)cc2)cc1,0.247,1333
*CC(*)C(=O)NCCCCCCCCCCCCCCCCCC,0.383,1334
*CCOCCOC(=O)C(CCCCCCCCC)C(=O)O*,0.224,1335
*CCCCCCC(=O)NCCCCCCNC(=O)CCCCCCO*,0.3215,1336
*CC(*)C(=O)NCCCCCCCCCCCC,0.3435,1337
*CCCCCCNC(=O)CCCCCCCCCCCCCCCCC(=O)N*,0.3955,1338
*CC(*)(C)C(=O)OC1CCCCC1C,0.153,1339
*/C=C/c1cc(OCC(CC)CCCC)c(*)cc1-c1ccc(F)c(C(F)(F)F)c1,0.185,1340
*CCCCCCCCCCCCCCC(*)Cl,0.3735,1341
*CC(*)C(=O)Oc1ccc(Cl)cc1,0.158,1342
*CCCCCCCCCCCCCCCCCCNC(=O)CCCCCCCCCCCCCCCCC(=O)N*,0.4533333333333333,1343
*/C=C/C(C)CCCCC*,0.2486666666666666,1344
*CCC/C=C(/*)c1ccc(Cl)cc1,0.184,1345
*CCCCCCCCCCCCCCCCCCOCO*,0.406,1346
*c1ccc(-c2sc(-c3cc(CCCCCCCCCCCC)c(*)s3)cc2CCCCCCCCCCCC)cc1,0.413,1347
*CCCCCCCCCCNC(=O)CCCCCCCCC(=O)N*,0.408,1348
*CCCCNC(=O)CCCCCCCCCCCCCCC(=O)N*,0.3735,1349
*CCCCCCCCCNC(=O)CCCCCCCCC(=O)NCCCCCCCCCNC(=O)C(=O)N*,0.312,1350
*/C=C/CCCCCCCC*,0.3688333333333332,1351
*SC(*)(F)F,0.114,1352
*CCCCCCCCCOCO*,0.277,1353
*/C=C/c1ccc(*)c(-c2cc(OCC(CC)CCCC)c(-c3ccccc3)cc2OCC(CC)CCCC)c1,0.237,1354
*CC(*)(Cl)C(=O)OCC,0.1985,1355
*CCCCCCN(CC)C(=O)CCCCCCCCCCCCCCCCC(=O)N(*)CC,0.333,1356
*CCN(*)C(=O)CCCCCCCCCCCCCCC,0.3359999999999999,1357
*CCCC(=O)NCc1ccc(CNC(=O)CCCO*)cc1,0.259,1358
