SMILES,Density,Source
*c1ccc(-c2ccc3c(c2)C(CCCCCCC#N)(CCCCCCC#N)c2cc(*)ccc2-3)cc1,0.901122805,internal
*CC(*)c1ccc(C(=O)O)c(C(=O)O)c1,1.184354013,internal
*CC(*)C(=O)Oc1ccccc1C,1.061864136,internal
*CC(*)C(=O)Oc1ccccc1,1.109388621,internal
*CC(C)S(*)(=O)=O,1.293314518,internal
*CC(*)c1cc(C(C)C)ccc1C(C)C,0.830463672,internal
*CCCCCC(*)CCCCCC,0.797183169,internal
*CC(*)CCCCCCC,0.7966448,internal
*CC(*)CCCN(CC(C)C)CC(C)C,0.817146131,internal
*c1ccc(-c2ccc(C(*)(c3ccccc3)C(F)(F)F)cc2)cc1,1.06572076,internal
*CC(*)C(=O)OCCSCCCC#N,1.085387972,internal
*CC(*)CCCCC,0.771934125,internal
*CC(*)(C)C(=O)OC1CCCCC1,0.91386168,internal
*Oc1ccc(S(=O)(=O)c2ccc(Oc3c(C)cc(Cc4cc(C)c(*)c(C)c4)cc3C)cc2)cc1,1.073138282,internal
*CC(*)(C)C(=O)OC(C)(C)C,0.826660163,internal
*CC1CCC(*)C1,0.892956655,internal
*Oc1ccc(S(=O)(=O)c2ccc(Oc3ccc(C(C)(c4ccccc4)c4ccc(*)cc4)cc3)cc2)cc1,1.144330703,internal
*CCCCCCCCCCC(=O)NCCCCCCNC(=O)CCCCO*,0.939635943,internal
*/C=C/c1ccc(*)cc1,1.006135387,internal
*CC(*)(CC(=O)OCCCCC)C(=O)OCCCCC,0.955743343,internal
*CCCCCCCCNC(=O)CCCCCCCCCCCCCCCCCCCCC(=O)N*,0.889143617,internal
*/C=C/c1cc(OCC(CC)CCCC)c(*)cc1-c1ccc(N(c2ccc(OC)cc2)c2ccc(OC)cc2)cc1,0.969832402,internal
*C1Cc2ccccc2C1*,0.889251685,internal
*CCCCCCCCCCCCCCCCCCCCOC(=O)CCCCCCCC(=O)O*,0.89522718,internal
*CC(*)(CC(=O)OCCc1ccccc1)C(=O)OCCc1ccccc1,1.092735648,internal
*CC(*)C(=O)Oc1ccc(C)cc1,1.051609028,internal
*CCCCCCCCCCCCCCCCCCCCCC(=O)N*,0.866351429,internal
*CC(*)(C)C(=O)OC1CCC(C(C)(C)C)CC1,0.856410503,internal
*c1cc(CCCCCCCCCCCCCCCCCCCCCC)c(*)s1,0.883511374,internal
*C1CCCCC1S(*)(=O)=O,1.174206042,internal
*CCN(CCOC(=O)NCCCCCCNC(=O)O*)c1ccc(/N=N/c2ccc([N+](=O)[O-])cc2)c(C)c1,1.1275851,internal
*CC(*)(C)C(=O)Oc1c(Cl)c(Cl)c(Cl)c(Cl)c1Cl,1.354866985,internal
*CCCCCCCCCCCCOC(=O)CCCCCCCCCCCCC(=O)O*,0.910678639,internal
*CC(*)(CF)C(=O)OC,1.048000594,internal
*CC(*)CCCC,0.776895965,internal
*CC(*)C(=O)OCC(CC)CC,0.91413913,internal
*CCCC(*)(C)C(=O)O,0.996128545,internal
*c1ccc(NC(=O)Nc2ccc(NC(=O)Nc3ccc(-c4nc(C#N)c(C#N)nc4*)cc3)cc2)cc1,1.154810331,internal
*c1cc2cccccc-2c1*,0.814226421,internal
*CC(*)(C)C(=O)OCCOCC,1.013471369,internal
*CC(*)(C)C(=O)OCCN(CC)CC,0.960101927,internal
*CC(*)c1ccc(C(=O)OCCN(C)C)cc1,1.0222365,internal
*CC(*)C(=O)OCc1ccc(C#N)cc1,1.094513754,internal
*c1cc(/C=N/c2cccc(C)c2)cc(*)c1O,0.99179579,internal
*CC(*)C(=O)OC1CC(C)CC(C)(C)C1,0.909612952,internal
*CC(C)(C)CS(=O)(=O)CC(C)(C)COC(=O)O*,1.089194614,internal
*CCCCCCCCCCCCCCCCCCCCOC(=O)CCCCC(=O)O*,0.899322314,internal
*CCc1ccc(*)c2ccccc12,1.050887217,internal
*CC(*)C(=O)OCCCCCCSCC#N,1.039476536,internal
*C1C(=O)OC(=O)C1*,1.365901109,internal
*CC(*)(C)C(=O)OC(C(F)(F)F)(C(F)(F)F)C(F)(F)F,1.240147043,internal
*C1C(=O)N(c2ccccc2C(=O)OC)C(=O)C1*,1.070408699,internal
*CC(*)c1cc(C)ccc1F,0.955409279,internal
*CC(*)O,1.081206735,internal
*CC(*)c1ccccc1COC(C)C,0.933317386,internal
*CCc1ccc(-c2ccc(*)cc2)cc1,1.042562737,internal
*CCCCCCNC(=O)C(CCCCCCCCCCCCC)C(=O)N*,0.899716416,internal
*c1ccc(-c2ccc3c(c2)C(CCCCCC)(CCCCCC)c2cc(*)ccc2-3)cc1,0.786503256,internal
*CC(*)(C)C(=O)OCc1ccco1,1.081813241,internal
*CCCCCCCCCCC(=O)NCCc1ccc(CCNC(=O)CCCCCCCCCCS*)cc1,0.962511767,internal
*CCCCCCCCCCNC(=O)CC/C=C/CCC(=O)N*,0.952363037,internal
*/C=C/c1ccc(*)c2ccc(CCCCCC)cc12,0.946624284,internal
*CC(*)c1ccccc1COCCCC,0.940569983,internal
*CCCCCCCCCOC(=O)CCCCCCCC(=O)O*,0.941870155,internal
*c1ccc2c(c1)SC1=Nc3cc(-c4ccc5c(c4)N=C4Sc6cc(*)ccc6N=C4N5)ccc3NC1=N2,1.086875784,internal
*CC(*)C(=O)OCC(CC)CCCC,0.893389668,internal
*CC(*)CC(C)C(F)(F)F,1.093859396,internal
*CCCCCCCCC(=O)NCCCCCOCCCCCNC(=O)CCCO*,0.958044519,internal
*CCCCCCCC(*)C,0.806729205,internal
*CCCCCCCCCCNC(=O)CCCCCCCCCCCCCCC(=O)N*,0.906986266,internal
*CC(*)(CF)C(=O)OCC,1.040351207,internal
*C(=O)C(*)(C)C,0.919975664,internal
*CC(*)C(=O)OCCSCCC#N,1.111901096,internal
*CC(*)(C)C(=O)OCCc1ccccc1,1.048543977,internal
*CC(*)C(=O)NC(C)CC,0.92947228,internal
*CC(*)(C)C(=O)OCCN(CC)S(=O)(=O)C(F)(F)C(F)(F)C(F)(F)C(F)(F)C(F)(F)C(F)(F)C(F)(F)C(F)(F)F,1.49945764,internal
*CC(*)(C#N)C(=O)OCCCC,0.98541293,internal
*c1ccc(N2C(=O)c3ccc(-c4cccc5c4C(=O)N(*)C5=O)cc3C2=O)cc1,1.15692241,internal
*c1nc2cc3sc(-c4cc(OCCCCCCCCCCCC)c(*)cc4OCCCCCCCCCCCC)nc3cc2s1,0.992488687,internal
*CC(*)(C)C(=O)OCCCCCCCCCCCCCCCCCC,0.861197166,internal
*Oc1cc(CCC)cc(OC(=O)c2cccc(C(*)=O)c2)c1,1.125159714,internal
*CC(*)c1ccc(C)cc1C,0.894079517,internal
*CCCN*,0.92848585,internal
*c1nc(C)nc(N(CCCCCCN(*)c2ccccc2)c2ccccc2)n1,1.056565871,internal
*CC(*)c1ccc(CCCCCCCCCCCCCCCC)cc1,0.848617516,internal
*c1sc(*)c(OCCCCCCCCCCCCCCCCCCCC)c1C,0.90435478,internal
*CC(*)c1ccccc1CC,0.918485757,internal
*CC(*)C(=O)C1CCCCC1,0.931405406,internal
*=C=C=C(Cn1c2ccccc2c2ccccc21)C(=*)Cn1c2ccccc2c2ccccc21,1.114657106,internal
*CC(*)C(=O)OCCCCCC(=O)Oc1ccc(-c2ccc(C#N)cc2)cc1,1.092668338,internal
*CCCCCCCNC(=O)C(CCCCCCCCCCCC)C(=O)N*,0.900783398,internal
*/C=C/c1sc(*)c(OCCCCCCCCCCCC)c1OCCCCCCCCCCCC,0.900179408,internal
*OS(=O)(=O)c1cccc(C(=O)c2cccc(S(=O)(=O)Oc3ccc(C(C)(C)c4ccc(*)cc4)cc3)c2)c1,1.237872849,internal
*CC(*)C(=O)Oc1cccc2ccccc12,1.120527982,internal
*CCCCCCCCCCCCCCS*,0.881232316,internal
*/C=C/C(C*)C(C)CC,0.82398912,internal
*CC(*)(C)C(=O)Oc1cccc(C)c1,1.017456329,internal
*CC(*)C(=O)C(C)C,0.886596201,internal
*CC(*)(CC(=O)Oc1ccc(C)cc1)C(=O)Oc1ccc(C)cc1,1.062096371,internal
*CCCCCCCCCCOC(=O)CCCCCCC(=O)O*,0.938959785,internal
*CC(*)C(C)=O,0.955845655,internal
*/C=C/c1ccc(*)c(-c2cc(-c3ccccc3)c(OCC(CC)CCCC)cc2OCC(CC)CCCC)c1,0.919376466,internal
*c1c(-c2ccccc2)c(-c2ccccc2)c(*)c2cc(C(c3ccc(C#Cc4ccccc4)c(C#Cc4ccccc4)c3)(C(F)(F)F)C(F)(F)F)ccc12,1.001212493,internal
*CCCCCCCCCNC(=O)CCCCCCCCC(=O)N*,0.93702543,internal
*c1ccc2c(c1)C(CCCCCC)(CCCCCC)c1cc(-c3cc(CCCCCC)c(*)cc3CCCCCC)ccc1-2,0.85144236,internal
*CCCCCCCCCCSCCCCCCS*,0.931588685,internal
*/C=C/CCCCC*,0.823772683,internal
*/C=C/c1ccc(*)c(-c2cc(OCC(CC)CCCC)c(OCC(CC)CCCC)cc2-c2ccccc2)c1,0.892538398,internal
*CCCCCNC(=O)CCCCCCCCOCCCCCCCCC(=O)NCCCCCO*,0.932721325,internal
*CCCCCCCCCCCCCCCCCCCCC(*)COCCOCCOCCOCCOCCCCCCCCCCCCCC,0.882777598,internal
*CCCCNC(=O)CCCCCCCCCC(=O)N*,0.965368624,internal
*CC(*)C(=O)c1ccc(C(C)(C)C)cc1,0.936469283,internal
*CCC(C)CCC(=O)O*,0.980916925,internal
*c1ccc(-c2ccc(C3(*)CCCCC3)cc2)cc1,0.96749891,internal
*CC(*)(F)C(=O)OCCC(F)(F)C(F)(F)C(F)(F)C(F)(F)C(F)(F)C(F)(F)C(F)(F)C(F)(F)C(F)(F)C(F)(F)F,1.608016391,internal
*C(=O)c1ccc2c(c1)C(=O)N(c1ccc(Oc3ccc(C(=O)c4cccc(C(=O)c5ccc(Oc6ccc(N7C(=O)c8ccc(*)cc8C7=O)cc6)cc5)c4)cc3)cc1)C2=O,1.206756714,internal
*CC(*)(C)c1ccccc1,0.833452729,internal
*CC(*)c1ccc(C(=O)OC)cc1,1.032355465,internal
*CC(*)(C)C(=O)OCc1cccc([N+](=O)[O-])c1,1.162628481,internal
*CC(*)OC(=O)c1ccc(OC(=O)CCC)cc1,1.086283422,internal
*CC(*)OC(=O)CC,0.995365589,internal
*CCCCCCCCCCCCCCOC(=O)CCCCCCC(=O)O*,0.919731294,internal
*CCC(Cl)C(*)Cl,1.273131418,internal
*CCCCCCCCCCNC(=O)NCCCCCCCCNC(=O)N*,0.969724413,internal
*CCCCCCCNC(=O)CCCCCCCCCC(=O)N*,0.940664668,internal
*CCCCCCCCCCCCNC(=O)CCCCCCCCCCCCC(=O)N*,0.903805754,internal
*CCCCCCCCCCOc1ccc(OC(=O)c2ccc(OCCCCCCOc3ccc(C(=O)Oc4ccc(O*)cc4)cc3)cc2)cc1,1.061577448,internal
*CCCCCNC(=O)CCCCCCCCCCCCC(=O)N*,0.933437007,internal
*CC(*)c1ccc(Cl)cc1,1.087290755,internal
*CCCCCCNC(=O)C(CCCCCCCCCCCCCCC)C(=O)N*,0.897093489,internal
*/C=C/C(C*)CCC,0.803760264,internal
*CC(*)OC(C)C,0.839799693,internal
*CC(*)c1ccc(O)cc1,1.026280901,internal
*CCCCCCCCC(=O)NCCCCCCNC(=O)CCCCO*,0.954015346,internal
*CC(*)c1ccccc1COCCC,0.94589921,internal
*CCCCCNC(=O)CCCCCCCCCCCCCCCCCCC(=O)N*,0.90486422,internal
*CC(*)(CC(=O)Oc1cccc(C)c1)C(=O)Oc1cccc(C)c1,1.042202692,internal
*CCCCCC(*)CCCCCCCCCC,0.801722522,internal
*CCCS(*)(=O)=O,1.344229366,internal
*c1cc(CCCCCCCCCCCCC)c(*)s1,0.919023879,internal
*/C=C/CCCCCC*,0.820824647,internal
*CC(*)C(=O)Oc1ccc(C#N)cc1,1.134726614,internal
*CC(*)(C)C(=O)OCCBr,1.475127343,internal
*/C=C/c1ccc(*)c(-c2cc(OCCC(C)C)c(OCCC(C)C)cc2-c2ccc(C(F)(F)F)cc2)c1,0.956021414,internal
*c1cc(OCCCCCCCCCCCC)c(*)cc1O,0.933849439,internal
*c1ccc(-c2nnc(-c3cccc(-c4nnc(*)n4-c4ccccc4)c3)n2-c2ccccc2)cc1,1.089021523,internal
*CCCCCCCCCCCCNC(=O)NCCCCCCNC(=O)N*,0.973061223,internal
*CC(*)C(=O)OCc1ccccc1,1.072100095,internal
*CC(*)OC(=O)CCCCCCCCCCCCCCCCCCCCC,0.858583325,internal
*CC(*)C(=O)OC(C)CCC(CC)CCCC,0.861701744,internal
*CC(*)(C)C(=O)OCCOC,1.033359022,internal
*c1sc(*)c2c1OCC(CCCCCCCCCCCCCCCC)O2,0.968871976,internal
*CC(*)CCCCCCCCCC,0.799124975,internal
*CC(*)C(=O)OCCSCC,1.065268296,internal
*CC(*)C,0.77629912,internal
*CC(*)(C)C(=O)OCC,0.90836326,internal
*c1ccc(Cc2ccc(-n3c(=O)c4cc5c(=O)n(*)c(=O)c5cc4c3=O)cc2)cc1,1.232934348,internal
*CC(C)(C)CS(*)(=O)=O,1.140781369,internal
*c1ccc2c(c1)C(CCCCCC)(CCCCCC)c1cc(-c3cc(CCCCCCCCCC)c(*)cc3CCCCCCCCCC)ccc1-2,0.807377101,internal
*CC(*)(C)C(=O)Oc1ccc(C#N)cc1,1.058985756,internal
*CC(*)c1c([2H])c([2H])c([2H])c([2H])c1[2H],0.923679332,internal
*CC(*)(CC(=O)OCCCC)C(=O)OCCCC,0.96210565,internal
*CC(*)(C)C(=O)OCC[N+](=O)[O-],1.159740176,internal
*CCCCCCCCOC(=O)NNC(=O)CCCCCCCCC(=O)NNC(=O)O*,1.043832714,internal
*/C=C/CCCCCCCCCC*,0.822074244,internal
*CC(*)(C)C(=O)OCC(F)(F)C(F)(F)C(F)(F)C(F)(F)C(F)(F)C(F)(F)C(F)(F)F,1.482039287,internal
*CC(*)c1ccc(COc2ccc(-c3ccc(C#N)cc3)cc2)cc1,1.065712208,internal
*Oc1c(C)cc(*)cc1-c1ccccc1,1.002505763,internal
*CCCCCCN(C)C(=O)CCCCCCCCCCCCCCCCC(=O)N(*)C,0.898624404,internal
*Oc1ccc(Oc2ccc(C(=O)c3ccccc3-c3ccccc3C(=O)c3ccc(*)cc3)cc2)cc1,1.125774179,internal
*CC(*)(C)C(=O)Oc1ccc(C)cc1,0.951958497,internal
*CC(*)c1cc(C(C)(C)C)ccc1C,0.849065812,internal
*CC(*)(C)C(=O)OC1CCCC(C)C1,0.881548744,internal
*OC(*)C(Cl)(Cl)Cl,1.539478709,internal
*CCCCCC(*)CCCCCCCC,0.794468482,internal
*CCCCCCCCCCNC(=O)C(CCCCCCCCCCCC)C(=O)N*,0.888311048,internal
*CC(*)c1cc(F)ccc1F,1.086573844,internal
*CC(*)(Cl)C(=O)OCCCC,1.074741397,internal
*CC(*)(C)C(=O)OCCCCCCOc1ccc(-c2ccc(OC)cc2)cc1,1.04192343,internal
*CC(*)(CC(=O)OCCCCCC)C(=O)OCCCCCC,0.927808816,internal
*CC(*)c1ccc(COCC(CC)CCCC)cc1,0.902459296,internal
*CCOC(=O)CCCCSCCCCC(=O)O*,1.07074619,internal
*CC(*)(C)C(=O)OCCN(CC)c1ccc(/N=N/c2ccc([N+](=O)[O-])cc2)cc1,1.122445545,internal
*CC(*)(Cl)C(=O)OC(C)C,1.054014289,internal
*CCCCCCCCCCCCC(c1ccc(O)cc1)C(*)c1ccc(O)cc1C,0.937930772,internal
*CCCCCCCCCCSSCCCCCCSS*,1.014541659,internal
*CC(*)(C)C(=O)OCC(CC)CCCC,0.866688073,internal
*CC(*)(C)C(=O)OCCCCn1c2ccccc2c2ccccc21,1.063120281,internal
*CC(*)(C)C(N)=O,1.041991601,internal
*c1ccc2c(c1)C(CCCCCC)(CCCCCC)c1cc(-c3cc(OCc4ccccc4)c(*)cc3OCc3ccccc3)ccc1-2,0.926806566,internal
*CCCCCCCCCCCC(c1ccc(O)cc1)C(*)c1ccc(O)cc1C,0.934436591,internal
*CC(*)(C)C(=O)NC(=O)OC(C)COc1c(Br)cc(S(=O)(=O)c2cc(Br)c(OCC(C)O)c(Br)c2)cc1Br,1.587307778,internal
*CCCCCCCCCCNC(=O)CCCCCCCCCCCCC(=O)N*,0.911164148,internal
*CCN*,0.992409385,internal
*CCCCCCS(=O)(=O)CCCCCS(*)(=O)=O,1.153509737,internal
*CCc1ccc(*)o1,1.10299243,internal
*Sc1ccc(*)cc1,1.231097312,internal
*CC(*)n1cc2ccccc2n1,1.124957708,internal
*CC(*)c1ccc(F)cc1C,0.994546299,internal
*CCCOC(=O)CCCCCCCCCCCCCCCCC(=O)O*,0.922711633,internal
*CC(*)C(=O)OCCC#N,1.065811773,internal
*CCCCCCCCCCOC(=O)CCCCCCCC(=O)O*,0.932306919,internal
*CC(*)(C)C(=O)OCCCCCCCCCCCCCC,0.862307366,internal
*c1sc(*)c(OCCCCCCCCCCCCCC)c1C,0.944296325,internal
*CCCCCCCCCCOC(=O)CCCCCNC(=O)CCCCC(=O)NCCCCCC(=O)O*,0.988248519,internal
*CCCC(*)(C)C,0.780478615,internal
*CCCCCCCCCCCCCCCC[N+](C)(C)CCCCCC[N+](*)(C)C,0.872184477,internal
*/C=C(/*)C#CCCCCCCCCCCCCCCCCCCCCC(=O)O,0.885736749,internal
*CC/C(C)=C(/*)C,0.817744643,internal
*c1ccc2c(c1)C(=O)N(c1cc(OCCN(CC)c3ccc(/N=N/c4ccc([N+](=O)[O-])cc4)cc3)cc(N3C(=O)c4ccc(C(*)(C(F)(F)F)C(F)(F)F)cc4C3=O)c1)C2=O,1.205461036,internal
*ON(C(F)(F)F)C(F)(F)C(*)(F)F,1.732295687,internal
*Oc1ccc(S(=O)(=O)c2ccc(Oc3ccc(-c4ccc(*)cc4)cc3)cc2)cc1,1.20752232,internal
*CCCCCCCCNC(=O)CCCCCCCCC(=O)NCCCCCCCCNC(=O)C(=O)N*,0.973462542,internal
*/C=C/C(C)C(*)C,0.801255092,internal
*c1sc(*)c(OCCCCCCCCCCCC)c1C,0.949355697,internal
*CC(*)(C)C(=O)OC(C(F)(F)F)C(F)(F)F,1.277149707,internal
*CC(*)C(=O)OC(C)CCCCCC,0.877762738,internal
*OC(=O)CCCCCC(*)=O,1.084856799,internal
*c1ccc(NC(=O)Nc2ccc(NC(=O)Nc3ccc(-c4nc(-c5ccc([N+](=O)[O-])cc5)[nH]c4*)cc3)cc2)cc1,1.201196246,internal
*CC(*)C(=O)OCC(C)(C)C,0.901190148,internal
*CCCCCCCCCCCNC(=O)CCCCCCCCCCCCCCCCCCC(=O)N*,0.887262341,internal
*CCCCCNC(=O)CCCCCCOCCCCCCC(=O)NCCCCCO*,0.955888415,internal
*c1ccc(-c2ccc3c(c2)C(CCCCCCBr)(CCCCCCBr)c2cc(*)ccc2-3)cc1,1.064142833,internal
*CCc1ccc(CCNC(=O)CCCCCCCCCCCCCCCC(=O)N*)cc1,0.963570323,internal
*CCCCCCCCCCC(=O)NCCCCCC(=O)N*,0.953522466,internal
*CCCCCCCCCCCCCCCCCCCCOC(=O)CC(=O)O*,0.918493366,internal
*C1CCC(*)C1,0.903468969,internal
*CC(*)(C)C(=O)OCC(C)(C)C1OCC(C)(C)CO1,0.904274504,internal
*CC(*)c1cccs1,1.115067014,internal
*CC(*)(C)C(=O)Oc1ccccc1,1.049795923,internal
*CCCCCCCCC(=O)NCCCCCCNC(=O)CCCCCCCCO*,0.930685649,internal
*CC(*)(C)C(=O)OCC1CCCO1,1.030703138,internal
*CC(*)C(=O)Oc1ccc(Cl)cc1Cl,1.323601324,internal
*CC(*)O[N+](=O)[O-],1.305301671,internal
*/C=C/c1ccc(*)c(-c2c(OCC(CC)CCCC)ccc3cc(-c4ccccc4)ccc23)c1,0.984517634,internal
*CCCCCNC(=O)CCCCCCCCCCCCCCCCC(=O)N*,0.92091158,internal
*CCCCCCCCC(=O)NCCCCCOCCCCCNC(=O)CCCCO*,0.959755769,internal
*Oc1ccc(OC(=O)CCCCCCCCC(*)=O)cc1,1.048950682,internal
*CC(*)c1cccc(N(c2ccc(C)cc2)c2ccc(C)cc2)c1,0.975794098,internal
*CCCCCCCCCCC(=O)NCCCCCOCCCCCNC(=O)CCCO*,0.949699751,internal
*CCCCCCCCCCC(c1ccc(O)cc1)C(*)c1ccc(O)cc1C,0.949326163,internal
*CC(*)C(=O)OCC(C)CC,0.919640881,internal
*CC(*)(C)C(=O)Oc1ccccc1C,1.024902598,internal
*CCCCCCNC(=O)C(CCCCCCCCCCCCCCCCC)C(=O)N*,0.889924513,internal
*CC(*)C(=O)Oc1cccc(C)c1,1.071947231,internal
*/C=C/CCCCCCC(Cl)CCCCCC*,0.903154394,internal
*CCCCCCCCCCCCCCCCCCCCC(*)COCCOCCOCCOCCOCCCCCC,0.886368922,internal
*CC(*)(C)C(=O)OC(F)(C(F)(F)F)C(F)(F)F,1.327370903,internal
*CCCCCCCCCCCCCCNC(=O)NCCCCCCNC(=O)N*,0.953783995,internal
*CCCCCCCCCCCCCCCCCCCCOC(=O)CCCCCC(=O)O*,0.89731003,internal
*C1CC2CC1C(*)C2CCCCCC,0.82757252,internal
*C1C(=O)N(c2ccccc2)C(=O)C1*,1.03911953,internal
*CC(*)c1ccc(C(C)=O)cc1,1.013613515,internal
*CCCCCCCCNC(=O)CCCCCCCCCCCCCCC(=O)N*,0.905325915,internal
*CCCCCCCCCCCCCCC(=O)O*,0.893283062,internal
*CC(*)(C)C(C)=O,0.887508896,internal
*CC(*)(Cl)C(=O)OC1CCCCC1,1.054643244,internal
*CCc1ccc(CCNC(=O)CCCCCCCCCCCCCCCCCCCCC(=O)N*)cc1,0.936212185,internal
*Oc1ccc(Oc2ccc(Oc3ccc(S(=O)(=O)c4ccc(*)cc4)cc3)cc2)cc1,1.200029536,internal
*CC(*)(C)C(=O)OCC1(C)COCOC1,1.010012446,internal
*CCCCCCCCCCCCCCCCCCCCOC(=O)CCCCSCCCCC(=O)O*,0.926144559,internal
*/C=C/*,0.775000418,internal
*CC/C=C(/*)C(C)(C)C,0.831876241,internal
*CC(*)C(=O)OC(CC)CC,0.928441574,internal
*c1cc(*)c(O)c(/C=N/c2ccc(Cl)cc2)c1,1.17680677,internal
*CC(*)c1ccc(CCC)cc1,0.892912233,internal
*CCOCCOC(=O)CCCCCCCCCCCCCCCCC(=O)O*,0.948193246,internal
*C1C(=O)N(c2ccc(C)cc2)C(=O)C1*,0.95394828,internal
*CC(*)(C)C(=O)OCCC#N,1.036075809,internal
*CC(*)OCC,0.912688006,internal
*CC(*)C(=O)OCCCCCCOc1ccc(C(=O)Oc2ccc(C#N)cc2)cc1,1.095853414,internal
*/C=C/C(C)(C)C(*)(C)C,0.820729949,internal
*CC(CCCCCCCCCCCCCCCC)C1C(=O)N(CCCCCCCCCCCC)C(=O)C1*,0.867649177,internal
*CC(*)C=C(C)C,0.779950443,internal
*CC(*)C(=O)Oc1c(Cl)c(Cl)c(Cl)c(Cl)c1Cl,1.469086914,internal
*CC(*)(C)C(=O)OCCF,1.091984203,internal
*CC(*)C(=O)N(CCCC)CCCC,0.875138172,internal
*/C=C/c1cc(OCC2CC3CC2C2CCCC32)c(*)cc1OCC1CC2CC1C1CCCC21,1.004037835,internal
*CCOC(=O)N(Cc1ccccc1)c1ccc(C)c(N(Cc2ccccc2)C(=O)O*)c1,1.109114286,internal
*Oc1ccc2c(c1)C1(CC2(C)C)CC(C)(C)c2ccc(OC(=O)c3cccc(C(*)=O)c3)cc21,1.04019662,internal
*CC(*)OC,0.965989074,internal
*CO*,1.241962384,internal
*CC(*)C=O,1.074977648,internal
*CC(*)(C)C(=O)OCC1(C)COC(C)(C)OC1,0.956557271,internal
*c1ccc(N2C(=O)c3ccc(C(=O)c4ccc5c(c4)C(=O)N(c4ccc(-c6nc7cc(-c8ccc9nc(-c%10ccccc%10)c(*)nc9c8)ccc7nc6-c6ccccc6)cc4)C5=O)cc3C2=O)cc1,1.081627625,internal
*CC(*)c1ccccn1,0.996326132,internal
*CC(*)C(=O)OCCCSCCC#N,1.082808936,internal
*Oc1ccc2c(c1)C1(CC2(C)C)CC(C)(C)c2ccc(OC(*)=O)cc21,1.005045691,internal
*CC(*)C(=O)OC(CCC(CC)CCCC)CC(C)C,0.858171779,internal
*c1cccc(N2C(=O)c3ccc(Oc4ccc5c(c4)C4(CC(C)(C)c6ccc(Oc7ccc8c(c7)C(=O)N(*)C8=O)cc64)CC5(C)C)cc3C2=O)c1,1.109968877,internal
*c1ccc(-c2ccc(C(*)(C)C(F)(F)F)cc2)cc1,1.086916359,internal
*CC(*)C(=O)OCCSCC#N,1.158953952,internal
*CC(*)(C)C(=O)OC12CC3CC(C)(CC(C)(C3)C1)C2,0.88188115,internal
*Oc1ccc(S(=O)(=O)c2ccc(Oc3ccc(Cc4ccc(*)cc4)cc3)cc2)cc1,1.184644856,internal
*Oc1ccc(S(=O)(=O)c2ccc(Oc3ccc(C(C)(C)c4ccc(*)cc4)cc3)cc2)cc1,1.135056188,internal
*CCCCCCNC(=O)N*,1.021142597,internal
*CCCCCCCCCCC(=O)NCc1ccc(CNC(=O)CCCCCCCCCCS*)cc1,0.976393146,internal
*c1ccc(-c2ccc(C(*)(c3ccc(F)cc3)C(F)(F)F)cc2)cc1,1.113444185,internal
*CCCCCCCCCCCSCCCCCCS*,0.923953778,internal
*CC(*)C(=O)OCCCSC,1.075871128,internal
*CC(*)(C)C(=O)OC1CC2CCC1(C)C2(C)C,0.87251011,internal
*CCc1ccc(CCNC(=O)CCCCCCCCCCCCCCCCC(=O)N*)cc1,0.942820572,internal
*CCC1CC(*)C2C3CCC(C3)C12,0.933540935,internal
*Oc1ccc2c(c1)C1(CC2(C)C)CC(C)(C)c2ccc(OC(=O)c3ccc(C(*)=O)cc3)cc21,1.024454484,internal
*CC(*)(C)C(=O)OCCCCCCCCCC,0.880799375,internal
*CC(*)(C)C(=O)OC12CC3CC(CC(C3)C1)C2,0.905497494,internal
*c1ccc(Oc2cccc(Oc3ccc(N4C(=O)c5cccc(Oc6cccc(Oc7cccc8c7C(=O)N(*)C8=O)c6)c5C4=O)cc3)c2)cc1,1.216100189,internal
*Oc1cccc(OC(=O)c2ccc(C(C)(C)c3ccc(C(*)=O)cc3)cc2)c1,1.102151001,internal
*c1ccc(-c2cc(-c3ccc(OCCCCCC)cc3)cc(-c3ccc(-c4ccc5c(c4)C(CCCCCC)(CCCCCC)c4cc(*)ccc4-5)cc3)c2-c2ccc(OCCCCCC)cc2)cc1,0.887994076,internal
*CC(*)C(=O)Oc1ccccc1C(C)(C)C,0.949266643,internal
*CC(*)C(=O)Oc1ccc(C(=O)OCCCC)cc1,1.072941358,internal
*CC(*)C(=O)OC(F)(C(F)(F)F)C(F)(F)F,1.502297049,internal
*CC(*)c1ccccc1COCCCCC,0.935560059,internal
*c1cc(*)c(O)c(/C=N/c2ccc(N3CCOCC3)cc2)c1,1.120600809,internal
*OS(=O)(=O)c1ccc(-c2ccc(S(=O)(=O)Oc3ccc(-c4ccc(*)cc4)cc3)cc2)cc1,1.24578392,internal
*Oc1ccc(S(=O)(=O)c2ccc(Oc3ccc(C(C)(C)c4ccc(*)c(C)c4)cc3C)cc2)cc1,1.095765995,internal
*CCS*,1.187990132,internal
*CCCCCCCCCCCCOC(=O)CCCCCNC(=O)CCCCC(=O)NCCCCCC(=O)O*,0.968420729,internal
*CCCCCCCCCCCCCCCCCCCCOC(=O)CCC(C)CC(=O)O*,0.897262686,internal
*CC(*)c1ccc(CCCCCCCCCCCCCCCCCC)cc1,0.844184922,internal
*CCCCNC(=O)CCCCCCC(=O)N*,1.002012128,internal
*CCCNS(*)(=O)=O,1.368480015,internal
*CC(*)(CC(=O)OCc1ccccc1)C(=O)OCc1ccccc1,1.113470646,internal
*c1ccc2c(c1)C(CCCCCC)(CCCCCC)c1cc(-c3cc(OCCCCCCCC)c(*)cc3OCCCCCCCC)ccc1-2,0.863900052,internal
*CCCCCCNC(=O)CCCCCCCCCCCCCCC(=O)N*,0.913177976,internal
*CCCCCCCCCCCCCCCCCCCCc1nnc(*)o1,0.88997462,internal
*C([2H])([2H])C(*)([2H])c1c([2H])c([2H])c([2H])c([2H])c1[2H],0.93861698,internal
*CCCCCCCCCCC(=O)NCCCCCCNC(=O)CCCO*,0.954616145,internal
*CC(*)(C)C(=O)OC1CC(C)CC(C)(C)C1,0.860209573,internal
*C1CC2C3CCC(C3)C2C1*,0.88601111,internal
*CC(*)c1ccc(Cl)cc1Cl,1.218576983,internal
*CC(*)CCCCCCCCC,0.79444681,internal
*CCCCCCCCCCNC(=O)CCCCCCC(=O)N*,0.946533099,internal
*CC(*)(C)C(=O)Oc1ccc(C(C)(C)C)cc1,0.896405025,internal
*CCCCNC(=O)CCCCC(=O)N*,1.040711554,internal
*CC(*)(C(=O)OC)c1ccccc1,0.964628447,internal
*CC(*)C1CC1,0.863629462,internal
*CC(*)c1ccc(C)cc1,0.869468057,internal
*CC(*)C(=O)Oc1cccc(N(C)C)c1,1.096542432,internal
*C*,0.811251102,internal
*CCCCCCCCC(=O)NCCCCCCNC(=O)CCCO*,0.961251471,internal
*CCCCCNC(=O)O*,1.071824251,internal
*CC(*)C(=O)OCCC(C)OC,1.002966511,internal
*CC(*)(CC)C(=O)OCC,0.864397975,internal
*CC(*)CC(C)(C)C,0.748691234,internal
*CC(*)C(=O)NC(C)(C)C,0.889061076,internal
*CCCCOC(=O)CCCCCCCCCCCCCCCCCCCCCCCCCCCCCCCCCCC(=O)O*,0.868453809,internal
*CCCCCCCCCCOC(=O)CCCCCCCCCCCCCCCCC(=O)O*,0.8954389,internal
*CCCCCCCCCCCCCCCCCCCCOC(=O)C(=O)O*,0.917519076,internal
*CC(*)(Cl)C(=O)OC(C)CC,1.057163419,internal
*CC(*)C(=O)Oc1ccccc1Cl,1.226889668,internal
*CCCCCCCCCCCCCCCCCCNC(=O)CCc1ccc(CCC(=O)N*)cc1,0.937104778,internal
*CCCCCCCCCCCCCCNC(=O)CCCCCCCCCCCCCCCCC(=O)N*,0.886924555,internal
*CC(*)C(=O)OCCCCCCCCC,0.892016503,internal
*Oc1ccc(S(=O)(=O)c2ccc(Oc3ccc(C4(c5ccc(*)cc5)c5ccccc5-c5ccccc54)cc3)cc2)cc1,1.096450635,internal
*/C=C/c1cc(CCCCCCCCCCC)c(/C=C/c2ccc(*)cc2)cc1CCCCCCCCCCC,0.89127614,internal
*c1cc(O)c(O)cc1*,0.986360805,internal
*c1ccc(-c2nc3ccc(Oc4ccc5nc(*)c(-c6ccccc6)c(-c6ccccc6)c5c4)cc3c(-c3ccccc3)c2-c2ccccc2)cc1,0.956272559,internal
*CC(O*)c1ccccc1,1.068349202,internal
*CC(*)C(=O)NCCCCCCCCCCCCCCCC,0.864456022,internal
*Nc1ccc(*)cc1OCCCCCCCCCCCCCCCC,0.899934311,internal
*CCCCCCCCCNC(=O)CCCCCCCCCC(=O)N*,0.933531017,internal
*CC(*)C(=O)Oc1ccc(-c2ccccc2)cc1,1.091305455,internal
*CC(*)c1cc(-c2ccc(C(=O)OC(C)CCCCCC)cc2)ccc1-c1ccc(C(=O)OC(C)CCCCCC)cc1,0.947782381,internal
*CC(*)c1cc(Br)ccc1OCCCC,1.214722149,internal
*/C=C/c1cc(CCCCCCCCCCCC)c(/C=C/c2ccc(*)cc2)cc1CCCCCCCCCCCC,0.863597922,internal
*CC(*)(C)C#N,0.912756425,internal
*CC(*)(C)C(=O)OC,0.906319536,internal
*CC(*)c1ccc(CCCCCCCC)cc1,0.86701632,internal
*CCCCCCCCCCCCCCCCCCCCOC(=O)CCCCCCC(=O)O*,0.892806607,internal
*CC(*)OC(=O)C1(F)C(F)(F)C(F)(F)C(F)(F)C(F)(F)C1(F)F,0.81190569,internal
*CCCCCCCCCCCCNC(=O)CCCCC(=O)N*,0.944709172,internal
*C1C2CCC(C2)C1*,0.859348965,internal
*CC(*)C(=O)OCCCCCCCCCCCCCC,0.867171478,internal
*CC(*)C(=O)OCC(C)CCC,0.903896392,internal
*CC(*)(C)C(=O)OCCC(C)(C)C,0.860835583,internal
*CC(*)C(=O)NCCCCCC(=O)O,1.07691203,internal
*CC(*)C(=O)OCCCCCCCCCCCCCCCCCCCCCC,0.846770802,internal
*CC(*)(C)C(=O)OCCCCCCCCCCCC,0.876333907,internal
*Oc1ccc(C(C)(C)c2ccc(Oc3ccc(C(=O)Nc4ccc(-c5ccc(NC(=O)c6ccc(*)cc6)cc5C(F)(F)F)c(C(F)(F)F)c4)cc3)cc2)cc1,1.198766828,internal
*CC(*)c1cccc(NC(C)=O)c1,1.037473199,internal
*CC(*)c1ccc(-c2ccc3c(c2)C(CCCCCC)(CCCCCC)c2cc(-c4ccc5c(c4)C(CCCCCC)(CCCCCC)c4ccccc4-5)ccc2-3)cc1,0.887288053,internal
*c1cc(/C=N/c2ccc(C)cc2)c(*)c(OC)c1,0.9332806,internal
*CCCC1CC(=O)N(*)C(=O)C1,1.09306772,internal
*CCC(C(=O)OCC)C(*)C(=O)OCC,0.983422084,internal
*CC(*)c1ccc(CCCCCCCCCCCC)cc1,0.85312948,internal
*CC(*)(C)C(=O)OC(C)C(C)(C)C,0.844615787,internal
*CC(*)C(=O)OCCCC,0.952753315,internal
*CCCCCCCCCCOC(=O)CCCCCCCCC(=O)O*,0.930218098,internal
*CCCCCCCCCCNC(=O)CCCCCCCCCCCCCCCCCCCCC(=O)N*,0.884434958,internal
*CCCCCCCCCCCCO*,0.85333452,internal
*CCCCCCNC(=O)CCCCCCCCCCCCC(=O)N*,0.933728856,internal
*Oc1c(C)cc(*)cc1C,0.945927386,internal
*CC(*)(C)C(=O)OCCNC(C)(C)C,0.899956342,internal
*CC(*)(C)C(=O)OC(F)(F)C(F)(F)C(F)(F)C(F)(F)C(F)(F)C(F)(F)C(F)(F)C(F)(F)F,1.517768128,internal
*CCCCCCCCCCCCNC(=O)CCCCCCCCCCCCCCCCCCCCC(=O)N*,0.881825572,internal
*CC(*)c1cccc(OC(C)=O)c1,1.002961799,internal
*Oc1ccc(C(=O)c2ccc(*)cc2)cc1,1.182134646,internal
*c1cc(CCCCCCCCCCCCCCC)c(*)s1,0.902739983,internal
*CC(*)C(=O)OCCCSCC,1.049932374,internal
*C(F)(F)C(F)(F)C1(F)C(*)(F)OC(F)(F)C1(F)F,1.564699369,internal
*CC(*)(C)C(=O)OCc1ccccc1Cl,1.151611779,internal
*CCCCCCCCCCCCCCC(=O)N*,0.89024336,internal
*Oc1ccc(S(=O)(=O)c2ccc(Oc3c(C)cc(C(c4cc(C)c(*)c(C)c4)(C(F)(F)F)C(F)(F)F)cc3C)cc2)cc1,1.103576244,internal
*CC(*)C(=O)OCCN(CC)c1ccc(/N=N/c2ccc([N+](=O)[O-])cc2)cc1,1.12679408,internal
*/C=C/CCCCCCCCCC(Cl)CCCCCCCCC*,0.878956685,internal
*CC(*)c1cccc2ccccc12,0.993182994,internal
*CC(*)C(=O)NCCCCCCCCCCCCCC,0.86728938,internal
*CC(*)C(=O)OC1CCCCC1,0.975831621,internal
*CC(*)c1ccc(C(C)(C)O)cc1,0.934073122,internal
*CC(*)C(=O)Oc1ccc(C(C)(C)C)cc1,0.958441992,internal
*CCCCCCCCCCCNC(=O)CCCCCCCCC(=O)NCCCCCCCCCCCNC(=O)C(=O)N*,0.945505999,internal
*Oc1c(-c2ccccc2)cc(*)cc1-c1ccccc1,1.041525617,internal
*CCCCCCCCCCCCCCCCCCCCOC(=O)COCC(=O)O*,0.930690382,internal
*CC(*)C(=O)OCCc1ccccc1,1.060028456,internal
*c1cc(CCCCCCCCCCCCCC)c(*)s1,0.91341608,internal
*CC(*)c1ccc(F)cc1,0.989259062,internal
*CCCOC(=O)C1CCC(C(=O)O*)CC1,1.082251488,internal
*C1CC2CC1C(*)C2CCCC,0.793157119,internal
*CCCCCCCCCCCCCCCCCCNC(=O)CCCCCCCCCCC(=O)N*,0.890200365,internal
*CC(*)c1ccc(OC(C)=O)cc1,1.037413892,internal
*CC(*)(C)C(=O)OCCCCCC,0.903441723,internal
*C1CCC1*,0.823406686,internal
*c1[nH]c(*)c(CC(=O)OCCCCCCCCCCCC)c1CC(=O)OCCCCCCCCCCCC,0.913558675,internal
*CCCCCCCNC(=O)CCCCCCCCC(=O)N*,0.943364885,internal
*CCCCCCCCCCOCCCCCCCCCCOCCCCO*,0.882717038,internal
*CC(*)CCCCCCCCCCC,0.803315138,internal
*CC(*)c1ccc(-c2ccc3c(c2)C(CCCCCC)(CCCCCC)c2ccccc2-3)cc1,0.899366976,internal
*c1ccc2c(c1)C(CCCCCC)(CCCCCC)c1cc(-c3cc(CCCCCCCC)c(*)cc3CCCCCCCC)ccc1-2,0.85154393,internal
*CC(*)C(=O)OCCCCCCCCCCCCCCCC,0.864622073,internal
*CC(*)(C)C(=O)OC1CCC(C)CC1,0.895972858,internal
*CCCCCCCCCCCCCCCCOC(=O)CCCCCCCCC(=O)O*,0.912106929,internal
*Oc1ccc(C(C)(C)c2ccc(OC(=O)c3cccc(C(*)=O)c3)cc2)cc1,1.101878575,internal
*CC(*)c1ccc(C(C)C)cc1C(C)C,0.839803273,internal
*CC(*)(C)c1ccc(C(C)C)cc1,0.808542478,internal
*CC(*)C(=O)N1CCOCC1,1.114429035,internal
*CC(*)(C)C(=O)OCC(C)(C)C,0.810146915,internal
*CC(*)(Cl)C(=O)OCCC,1.102798912,internal
*Oc1ccc(-c2ccc(-c3cc(-c4ccccc4)c(-c4ccc(-c5ccc(OC(=O)c6ccc(C(*)=O)cc6-c6ccccc6)cc5)cc4)c(-c4ccccc4)c3-c3ccccc3)cc2)cc1,0.963593,internal
*CCc1ccc(*)s1,1.164977581,internal
*CCCCCCCCCCNC(=O)CCCCCCCCC(=O)NCCCCCCCCCCNC(=O)C(=O)N*,0.955200662,internal
*C1CC2CC1C(*)C2CCCCCCCCCC,0.855255368,internal
*Nc1ccc(*)cc1CCCCCCCCCCCCCCC,0.876967341,internal
*CCCCCCCCCCCCCCCCCCCCCCOC(=O)CCC(=O)O*,0.905357803,internal
*CCCCCCCCNC(=O)CCCCCCCC(=O)N*,0.959342877,internal
*CCCCCCCCNC(=O)CCCCCCCCCCC(=O)N*,0.92885236,internal
*CS*,1.374050717,internal
*CCNC(=O)CCCCCCCCCCCCCCCCC(=O)N*,0.932585043,internal
*CC(*)(C)C(=O)OCCCl,1.111949892,internal
*CCCCCCS(*)(=O)=O,1.13916765,internal
*c1cc(CCCCCCCCCCCCCCCCCC)c(*)s1,0.892099579,internal
*/C=C/CCCCCCCCCC(CCCCCCCCC*)COCCOCCOCCOCCOCCCCCC,0.891002299,internal
*CC(*)c1ccc(CCCCCCCCCC)cc1,0.864032282,internal
*CC(CC(*)(C#N)C(=O)OC)c1ccccc1,0.987197772,internal
*CCCCCCCCCCCCCCCCCCCCOC(=O)CCCC(=O)O*,0.90650602,internal
*CC(*)C(=O)OC(C)CCCCC,0.89263762,internal
*/C=C/C(C(=O)OC(C)C)C(*)C(=O)OC(C)C,0.971892426,internal
*CC(*)CCCCCCCCCCCC,0.805359167,internal
*/C=C/c1cc(OCCCCCC)c(*)cc1OC,0.956645411,internal
*CC(*)(C)C(=O)Oc1ccc2ccccc2c1,1.079099726,internal
*CCCCCC(*)CCCCCCCCCCCCCC,0.80443165,internal
*CC(*)CC(C)C,0.765836941,internal
*CCC1CCC(*)C1,0.880692229,internal
*CC(*)OC(=O)c1ccccc1,1.101556822,internal
*CC(*)(C)C(=O)Oc1ccc(CC#N)cc1,1.056556928,internal
*c1ccc2ccc3c(*)cc(C#CC=C)c4ccc1c2c34,0.757428031,internal
*CC(*)C(=O)NCCCCCCCC/C=C/CCCCCCCC,0.860743742,internal
*CC(*)C(=O)OCCCCSC,1.049744475,internal
*CC(*)c1cc(Br)ccc1OCC,1.223503114,internal
*CCCCCCCCCCCCOC(=O)CCCCC(=O)O*,0.946344135,internal
*CC1(*)CCCCC1,0.795413005,internal
*CCCCCCCCCCNC(=O)CCCCCCCCCCCC(=O)N*,0.912914925,internal
*/C=C(/*)CCCCCCCCCCCCCCCCCCCCC(=O)O,0.868463517,internal
*OC(*)CCC#N,1.042557473,internal
*CCCCCCCNC(=O)CCCCCCCCCCCCCCCCCCC(=O)N*,0.900754814,internal
*CC(*)c1ccccc1COCCC(C)C,0.924684677,internal
*Oc1ccc(C2(c3ccc(OC(*)=O)cc3)CC3CCC2C3)cc1,1.084486229,internal
*CC(*)(CC(=O)OCC)C(=O)OCC,0.965285515,internal
*/C=C/CC*,0.841158465,internal
*CCCCCCCCCCCCCCOC(=O)CCCCC(=O)O*,0.934642528,internal
*CC(*)CCC(C)C,0.772296641,internal
*CC(*)C#N,0.979429396,internal
*Oc1cccc(NC(=O)CCCCCCCCCCC(=O)Nc2ccc(*)cc2)c1,1.057348058,internal
*CC(*)(CC(=O)OCCCc1ccccc1)C(=O)OCCCc1ccccc1,1.080352066,internal
*CC(*)(C)C(=O)Oc1ccc(C)cc1C,0.95674619,internal
*CC(*)CC1CCCCC1,0.816505893,internal
*CCCCCCCCCCCCCCNC(=O)CCCCCCCCC(=O)N*,0.916585437,internal
*CCCCCCCCCCCCOC(=O)CCCCCCC(=O)O*,0.931066388,internal
*CC(*)c1ccc(Cl)cc1C,1.05867232,internal
*CC(*)(C)C(=O)OCCS(=O)CC,1.117069249,internal
*CC(*)C(=O)OCCC(C)C,0.928263907,internal
*Sc1c(C)cc(*)cc1C,1.048021071,internal
*CC(*)C(=O)NC(C)C,0.951472262,internal
*Oc1ccc(C(C)(C)c2ccc(OC(=O)c3ccc(C(*)=O)cc3)cc2)cc1,1.104373146,internal
*CC(*)OCCCCCCCCCCCCCCCCCC,0.834274703,internal
*CC(*)CCCCCCCCCCCCC,0.803265072,internal
*CCCCCCCCCCCNC(=O)CCCCC(=O)N*,0.9550917,internal
*=C=C=C(CCCCOC(=O)Nc1ccccc1)C(=*)CCCCOC(=O)Nc1ccccc1,1.089327475,internal
*CC(*)c1cc(Cl)ccc1Cl,1.217628771,internal
*CC(*)(C#N)C(=O)OC,1.044265535,internal
*/C=C/CCC*,0.834588519,internal
*CCCCCCCCCCC(Cl)C(*)Cl,1.005372382,internal
*CC(*)(CC(=O)OC1CCCCC1)C(=O)OC1CCCCC1,0.957033344,internal
*/C=C/c1cc(OCCCCCCCC)c(*)cc1OC,0.939190483,internal
*CCc1c(Cl)c(Cl)c(*)c(Cl)c1Cl,1.40293716,internal
*CC(*)(C#N)C(=O)OCCCCCC,0.966634258,internal
*Oc1ccc(NC(=O)CCCCCCCCCC(=O)Nc2ccc(*)cc2)cc1,1.073694962,internal
*CC(*)CCCCCCCC,0.790932839,internal
*CC(*)C(C)C,0.75714125,internal
*CC(*)c1ccc(COCCOCCCCCCCC)cc1,0.931177736,internal
*OC1CCCCC1*,0.931563064,internal
*CC(*)C(=O)Oc1ccc(OC)cc1,1.117366408,internal
*CCNC(=O)CCCCCCCCC(=O)N*,1.004989804,internal
*C1C=CC(*)C1,0.939550686,internal
*CC(*)C(=O)OC(C)CC(C)C,0.905312834,internal
*CCCCCCCCCCC(=O)NCCCCCOCCCCCNC(=O)CCCCO*,0.94573393,internal
*CC(*)C(=O)OC12CC3CC(C)(CC(C)(C3)C1)C2,0.949969923,internal
*CCCCCCCCCCCCCCc1ccc(-c2c(-c3ccccc3)cc(-c3ccc(-c4cc(-c5ccccc5)c(-c5ccc(*)cc5)c(-c5ccccc5)c4-c4ccccc4)cc3)c(-c3ccccc3)c2-c2ccccc2)cc1,0.950245541,internal
*CC(*)CCCCCCCCCCCCCC,0.795879987,internal
*CCCCCCCCCCOCCCCCCOCCCCCCO*,0.880404561,internal
*C(=O)N(*)CCCCCCCCCCCCCCCCCC,0.861970531,internal
*CC(*)(C)C(=O)OC(C)C(F)(F)F,1.11386163,internal
*CC/C=C(/*)CCCCCCCCCC,0.81139035,internal
*/C=C/c1cc(OCCCCCCCCCCCCCCCC)c(/C=C/c2ccc(*)cc2)cc1OCCCCCCCCCCCCCCCC,0.88205721,internal
*/C=C/c1cc(OCCCCCCCCCCCC)c(*)cc1OC,0.902248035,internal
*CC(*)(C)C(=O)OCc1ccccc1,1.051885651,internal
*CCCCCNC(=O)CCCCCCCCCCCC(=O)N*,0.943380242,internal
*CC(*)c1ccc(O)c(OC)c1,1.031531368,internal
*CC(*)C(=O)OCCCCCCCCCCCCCCCCCC,0.864259855,internal
*CC(*)OC(=O)CCCCCCCCCCCCCCCCC,0.856119988,internal
*c1ccc(-c2ccc(-c3ccc(C(*)(CC)C(F)(F)F)cc3)cc2)cc1,0.989585625,internal
*CCCCCCCCCCCCCCNC(=O)CCCCCCCCCCC(=O)N*,0.906553684,internal
*/C=C/c1ccc(*)c(-c2cc(OCCC(C)C)c(OCCC(C)C)cc2-c2ccc(OC)cc2)c1,0.925658948,internal
*CC(*)(CC(=O)Oc1ccccc1)C(=O)Oc1ccccc1,1.099880838,internal
*CC(*)c1ccc(COCCCCCCOc2ccc(-c3ccc(OC)cc3)cc2)cc1,1.040782353,internal
*Oc1ccc(S(=O)(=O)c2ccc(Oc3c(C)cc(C(C)(C)c4cc(C)c(*)c(C)c4)cc3C)cc2)cc1,1.014775026,internal
*c1c(-c2ccccc2)c(-c2ccccc2)c(*)c2cc(C3(c4ccc(C#Cc5ccccc5)c(C#Cc5ccccc5)c4)c4ccccc4-c4ccccc43)ccc12,0.900037683,internal
*CC(*)C(=O)N(C)c1ccccc1,1.036978669,internal
*CC(*)(C)C(=O)OC(F)(C(F)(F)F)C(F)(F)Cl,1.322806827,internal
*CC(*)C(=O)N(C)C,0.999160184,internal
*CC(*)OC(=O)CCCCCCCCCCCCCCC,0.858717726,internal
*CC(*)c1ccc(CCCCCCCCCCCCCC)cc1,0.848186437,internal
*CC(*)(C)C(=O)OCCCCCCCC,0.891484349,internal
*CC(*)C(=O)OCC,1.001646084,internal
*CC(*)C(=O)NCCCC,0.938352718,internal
*CCCCCCCCCCCCCCNC(=O)CCCCCCCCCCCCCCCCCCCCC(=O)N*,0.876856201,internal
*CC(*)n1c2ccccc2c2ccccc21,1.05806832,internal
*CC(*)(C)C(=O)OCCCCC,0.917921435,internal
*CC(CCl)(CCl)O*,1.297944961,internal
*CC(*)(C)C(=O)OCCCC,0.906003571,internal
*CC(*)(CC(=O)Oc1ccccc1C)C(=O)Oc1ccccc1C,1.059872607,internal
*CCCCCCCCCNC(=O)CCCCCCCC(=O)N*,0.944002177,internal
*CCCCCCCCCCCCCCCCCCCCC(*)Cl,0.869388674,internal
*CC(*)(C)C(=O)OC(C)CC,0.898018787,internal
*c1cccc(*)c1,0.992499014,internal
*CC(*)C(=O)OCCCCCC,0.915149553,internal
*CC(*)(C)C(=O)OCCN(C)C,0.981910387,internal
*CC(C)(C)O*,0.861163598,internal
*CC(*)C(=O)OCCSC,1.110954584,internal
*CCCCCCCCNC(=O)CCCCCCCCCCCCCCCCC(=O)N*,0.901851851,internal
*c1nc(-c2ccccc2)nc(N(c2ccccc2)c2ncnc(N(*)c3ccccc3)n2)n1,1.133996819,internal
*c1cc(CCCCCCCCCCCC)c(*)cc1CCCCCCCCCCCC,0.832338804,internal
*CCCCCCCCCCCCCNC(=O)CCCCCCCCCCCC(=O)N*,0.900220523,internal
*Oc1ccc(C(C)(C)c2ccc(OC(=O)CN(CC(*)=O)c3ccc(/N=N/c4ccc([N+](=O)[O-])cc4)cc3)cc2)cc1,1.157411669,internal
*CC(*)c1cc(C)ccc1C,0.907377009,internal
*CC(*)C(=O)c1ccc(C)cc1,1.017121715,internal
*c1cc(CCCCCCCCCCCCCCCC)c(*)[nH]1,0.866052711,internal
*CC(*)c1cccc(Cl)c1,1.095935741,internal
*CC(*)C(=O)N(C(C)C)C(C)C,0.844059103,internal
*CC(*)CCC(C)CC,0.791153015,internal
*CC(*)CNc1ccc([N+](=O)[O-])cn1,1.22830711,internal
*Cc1ccc(CNC(=O)CCCCCCCCCCCCCCCCC(=O)N*)cc1,0.962041851,internal
*CCCCCCCCCCNC(=O)CCCCCCCCCCCCCCCCCCC(=O)N*,0.892460081,internal
*CCCCCCCCCCCCCCCCCCCCCCOC(=O)CCCCC(=O)O*,0.893790404,internal
*CCC([2H])C(*)([2H])C,0.8045306,internal
*CC(*)(C#N)C(=O)OCC,1.034280592,internal
*CCCCCCNC(=O)C(CCCCCCCCCCCCCCCC)C(=O)N*,0.89124948,internal
*CCN(*)C(=O)CCCCCCCCCCCCCCCCC,0.856888696,internal
*CC(*)OC(=O)CCCCCCCCCCC,0.878322012,internal
*c1ccc(-c2ccc(C(*)(C)C)cc2)cc1,0.952850626,internal
*CC(*)C(=O)NCCCCCCCCCCCCCCCCCC,0.856385762,internal
*CCCCCCC(=O)NCCCCCCNC(=O)CCCCCCO*,0.964171286,internal
*CC(*)C(=O)NCCCCCCCCCCCC,0.870895681,internal
*CC(*)C(C)CC,0.768938442,internal
*CCCCCCNC(=O)CCCCCCCCCCCCCCCCC(=O)N*,0.910662796,internal
*CC(*)(C)C(=O)OC1CCCCC1C,0.85282857,internal
*/C=C/c1cc(OCC(CC)CCCC)c(*)cc1-c1ccc(F)c(C(F)(F)F)c1,1.037733826,internal
*CCCCCCCCCCCCCCC(*)Cl,0.886561889,internal
*CC(*)C(=O)Oc1ccc(Cl)cc1,1.211730555,internal
*CCCCCCCCCCCCCCCCCCNC(=O)CCCCCCCCCCCCCCCCC(=O)N*,0.880970816,internal
*CC(*)c1ccccc1C,0.876818696,internal
*CCC/C=C(/*)c1ccc(Cl)cc1,1.085646157,internal
*CCCCCCCCCCCCCCCCCCOCO*,0.865128678,internal
*c1ccc(-c2sc(-c3cc(CCCCCCCCCCCC)c(*)s3)cc2CCCCCCCCCCCC)cc1,0.941065148,internal
*CCCCCCCCCCNC(=O)CCCCCCCCC(=O)N*,0.92195685,internal
*CCCCNC(=O)CCCCCCCCCCCCCCC(=O)N*,0.924969057,internal
*CCCCCCCCCNC(=O)CCCCCCCCC(=O)NCCCCCCCCCNC(=O)C(=O)N*,0.96452094,internal
*CCC(*)=O,1.073855453,internal
*/C=C/CCCCCCCC*,0.822061556,internal
*SC(*)(F)F,1.840998909,internal
*CC(*)c1ccc(CCCCCCCCC)cc1,0.87039516,internal
*CC(*)c1ccc(S(=O)(=O)O)cc1,1.219503167,internal
*CC(*)(CC(=O)OCCC)C(=O)OCCC,0.95089128,internal
*c1ccc(C(C)(C)c2ccc(-n3c(=O)c4cc5c(=O)n(*)c(=O)c5cc4c3=O)cc2)cc1,1.146465554,internal
*/C=C/c1ccc(*)c(-c2cc(OCC(CC)CCCC)c(-c3ccccc3)cc2OCC(CC)CCCC)c1,0.947690837,internal
*c1ccc(C2C(C(=O)OCC)C(*)C2C(=O)OCC)cc1,1.011107838,internal
*CC(*)(Cl)C(=O)OCC,1.162819805,internal
*CCN(*)C(=O)CCCCCCCCCCCCCCC,0.870810763,internal
*CC(*)C1CC=CCC1,0.84208322,internal
*CC(*)Cl,1.263489368,internal
*CCCCCC(=O)O*,1.002695727,internal
*CCCC(=O)NCc1ccc(CNC(=O)CCCO*)cc1,1.107946409,internal
*Oc1ccc(C2(c3ccc(OC(*)=O)cc3)CC(C)CC(C)(C)C2)cc1,0.982602482,internal
*CC(*)OCC(F)(F)F,1.388732116,PI1070
*CC(*)c1ccc(C#N)cc1,1.017159224,PI1070
*CC(*)c1ccccc1C(=O)N(C)C,1.019914094,PI1070
*c1ccc2c(c1)C(=O)N(c1c(C)cc(C)c(N3C(=O)c4ccc(C(*)(C(F)(F)F)C(F)(F)F)cc4C3=O)c1C)C2=O,1.174741146,PI1070
*Oc1ccc(C(CCCC)(CCCC)c2ccc(OC(*)=O)cc2)cc1,1.002496135,PI1070
*c1cccc(P(=O)(c2ccc(C(F)(F)F)cc2)c2cccc(-n3c(=O)c4c(-c5ccc(C(F)(F)F)cc5)c5c(=O)n(*)c(=O)c5c(-c5ccc(C(F)(F)F)cc5)c4c3=O)c2)c1,1.240680333,PI1070
*c1ccc(-c2nc3cc(-c4ccc5nc(*)c(-c6ccc7ccccc7c6)nc5c4)ccc3nc2-c2ccc3ccccc3c2)cc1,1.072232309,PI1070
*CC(*)OCC(C)(C)C,0.874620945,PI1070
*CC(*)OCC(C)(C)CC,0.882730644,PI1070
*Oc1cc(C(C)(C)C)c(Oc2ccc(C(=O)Nc3ccc(C(C)(C)c4ccc(NC(=O)c5ccc(*)cc5)c(C)c4)cc3C)cc2)cc1C(C)(C)C,1.022213738,PI1070
*C(=O)Nc1ccc(C2(c3ccc(NC(=O)c4ccc5c(c4)C(=O)N(c4ccc(Sc6ccc(Oc7ccc(Sc8ccc(N9C(=O)c%10ccc(*)cc%10C9=O)cc8)cc7)cc6)cc4)C5=O)cc3)c3ccccc3-c3ccccc32)cc1,1.211912125,PI1070
*CCC(C)CO*,0.951690982,PI1070
*CCCC=C(*)c1ccc(OC)cc1,1.035052361,PI1070
*C(=O)c1ccc2c(c1)C(=O)N(c1ccc(-c3ccc(N4C(=O)c5ccc(*)cc5C4=O)c(OC)c3)cc1OC)C2=O,1.18302384,PI1070
*CC(*)c1ccccc1OC,1.022974296,PI1070
*c1ccc(Oc2c(C)cc(C(c3cc(C)c(Oc4ccc(-n5c(=O)c6cc7c(=O)n(*)c(=O)c7cc6c5=O)cc4)c(C)c3)c3cccc4ccccc34)cc2C)cc1,1.0879766,PI1070
*c1ccc(Oc2ccc(C(c3ccc(Oc4ccc(N5C(=O)c6ccc(Oc7ccc(C8(c9ccc(Oc%10ccc%11c(c%10)C(=O)N(*)C%11=O)cc9)CCC(C(C)(C)C)CC8)cc7)cc6C5=O)cc4)cc3)(C(F)(F)F)C(F)(F)F)cc2)cc1,1.183874742,PI1070
*c1ccc(Oc2ccc(Oc3ccc(N4C(=O)c5ccc(-c6ccc7c(c6)C(=O)N(*)C7=O)cc5C4=O)cc3)c(C(C)(C)C)c2)cc1,1.153474075,PI1070
*c1ccc(Oc2c(C)cc(C(c3cc(C)c(Oc4ccc(N5C(=O)c6ccc(-c7ccc8c(c7)C(=O)N(*)C8=O)cc6C5=O)cc4)c(C)c3)c3cccc4ccccc34)cc2C)cc1,1.105842199,PI1070
*C(=O)c1ccc2c(c1)C(=O)N(c1c(C)cc(Cc3cc(C)c(N4C(=O)c5ccc(*)cc5C4=O)c(C)c3)cc1C)C2=O,1.094593488,PI1070
*c1ccc2c(c1)C(=O)N(c1c(C)cc(Cc3cc(C)c(N4C(=O)c5ccc(C(*)(C(F)(F)F)C(F)(F)F)cc5C4=O)c(C)c3)cc1C)C2=O,1.149323946,PI1070
*c1ccc(Cc2ccc(N3C(=O)C4CCC5C(=O)N(*)C(=O)C5C4C3=O)c(C)c2)cc1C,1.113927188,PI1070
*c1ccc(Cc2ccc(N3C(=O)c4ccc(-c5ccc6c(c5)C(=O)N(*)C6=O)cc4C3=O)c(C)c2)cc1C,1.128546241,PI1070
*Oc1ccc(C(CCC)(CCC)c2ccc(OC(*)=O)c(C)c2)cc1C,0.972761341,PI1070
*C(=O)c1ccc2c(c1)C(=O)N(c1ccc(C3(c4ccc(N5C(=O)c6ccc(*)cc6C5=O)cc4)c4ccccc4-c4ccccc43)cc1)C2=O,1.135742607,PI1070
*c1ccc(-c2ccc(N3C(=O)c4cc5c(cc4C3=O)C(C(F)(F)F)(C(F)(F)F)c3cc4c(cc3O5)C(=O)N(*)C4=O)cc2C(F)(F)F)c(C(F)(F)F)c1,1.258323544,PI1070
*c1ccc(-c2ccc(-n3c(=O)c4cc5c(=O)n(*)c(=O)c5cc4c3=O)cc2)cc1,1.18724436,PI1070
*C(=O)c1ccc2c(c1)C(=O)N(c1c(C)c(C)c(N3C(=O)c4ccc(*)cc4C3=O)c(C)c1C)C2=O,1.095689324,PI1070
*c1ccc(Cc2ccc(-n3c(=O)c4cc5c(=O)n(*)c(=O)c5cc4c3=O)c(C)c2)cc1C,1.13806991,PI1070
*Oc1cc(C(C)(C)C)c(Oc2ccc(C(=O)Nc3ccc(C(c4ccc(NC(=O)c5ccc(*)cc5)cc4)(C(F)(F)F)C(F)(F)F)cc3)cc2)cc1C(C)(C)C,1.135045356,PI1070
*CC(*)(CCC(C)C(=O)OC)C(=O)OC,1.042726823,PI1070
*CC(*)(C)OC,0.955616256,PI1070
*Oc1cc(C(C)(C)C)c(Oc2ccc(C(=O)Nc3ccc(C(C)(C)c4ccc(NC(=O)c5ccc(*)cc5)cc4)cc3)cc2)cc1C(C)(C)C,1.043215521,PI1070
*CC(*)c1ccccc1COC,1.023668496,PI1070
*c1ccc(-c2ccc(N3C(=O)c4ccc(-c5ccc6c(c5)C(=O)N(*)C6=O)cc4C3=O)c(C)c2)cc1C,1.130906275,PI1070
*CC(c1ccccn1)C(c1ccccc1)C(*)c1ccccn1,1.02787783,PI1070
*c1ccc(Oc2ccc(Oc3ccc(-n4c(=O)c5cc6c(=O)n(*)c(=O)c6cc5c4=O)cc3)cc2C(C)(C)C)cc1,1.155735832,PI1070
*C(C)C(*)OC(C)(C)C,0.874167946,PI1070
*Oc1ccc(C(CCC)(CCC)c2ccc(OC(*)=O)cc2)cc1,1.015922365,PI1070
*Oc1c(C)cc(C(C)(C)c2cc(C)c(OC(*)=O)c(C)c2)cc1C,1.002192304,PI1070
*CC(*)c1ccc(N(C)C)cc1,1.01782468,PI1070
*c1ccc(-c2ccc(-n3c(=O)c4cc5c(=O)n(*)c(=O)c5cc4c3=O)cc2C(F)(F)F)c(C(F)(F)F)c1,1.23558415,PI1070
*C(C)C(*)OCC(C)C,0.889659735,PI1070
*c1ccc(-c2ccc(N3C(=O)c4ccc(-c5cccc6c5C(=O)N(*)C6=O)cc4C3=O)cc2C)c(C)c1,1.114377047,PI1070
*c1ccc(-c2ccc(N3C(=O)c4ccc(-c5cccc6c5C(=O)N(*)C6=O)cc4C3=O)c(C)c2)cc1C,1.114037498,PI1070
*c1cccc(P(=O)(c2ccccc2)c2cccc(-n3c(=O)c4c(-c5cc(C(F)(F)F)cc(C(F)(F)F)c5)c5c(=O)n(*)c(=O)c5c(-c5cc(C(F)(F)F)cc(C(F)(F)F)c5)c4c3=O)c2)c1,1.256448494,PI1070
*c1ccc(C(c2ccc(-c3nc4cc(-c5ccc6nc(*)[nH]c6c5)ccc4[nH]3)cc2)(C(F)(F)F)C(F)(F)F)cc1,1.234290717,PI1070
*c1cccc2c(N3C(=O)c4ccc(-c5ccc6c(c5)C(=O)N(*)C6=O)cc4C3=O)cccc12,1.148099012,PI1070
*c1ccc2c(c1)C(=O)N(c1ccc(Oc3c(C)cc(Cc4cc(C)c(Oc5ccc(N6C(=O)c7ccc(C(*)(C(F)(F)F)C(F)(F)F)cc7C6=O)cc5)c(C)c4)cc3C)cc1)C2=O,1.188244381,PI1070
*c1cc(CCCC)c(*)s1,1.036409942,PI1070
*c1cccc(-c2nc3cc(-c4ccc5nc(*)c(-c6ccccc6)nc5c4)ccc3nc2-c2ccccc2)c1,1.066267313,PI1070
*CC(*)c1ccc(C(O)CCN(C)C)cc1,1.029659127,PI1070
*c1cccc(P(=O)(c2cccc(-n3c(=O)c4c(-c5ccccc5)c5c(=O)n(*)c(=O)c5c(-c5ccccc5)c4c3=O)c2)c2cc(C(F)(F)F)cc(C(F)(F)F)c2)c1,1.217051099,PI1070
*c1ccc(C(c2ccc(-c3nc4ccc(-c5ccc6nc(*)[nH]c6c5)cc4[nH]3)cc2)(C(F)(F)F)C(F)(F)F)cc1,1.236638312,PI1070
*C(=O)c1ccc2c(c1)C(=O)N(c1c(CC)cc(Cc3cc(CC)c(N4C(=O)c5ccc(*)cc5C4=O)c(CC)c3)cc1CC)C2=O,1.063182588,PI1070
*c1cccc(P(=O)(c2ccccc2)c2cccc(-n3c(=O)c4c(-c5ccc(C(F)(F)F)cc5)c5c(=O)n(*)c(=O)c5c(-c5ccc(C(F)(F)F)cc5)c4c3=O)c2)c1,1.211199174,PI1070
*/C=C/C(C(=O)OCc1ccc(Cl)cc1)C(*)C(=O)OCc1ccc(Cl)cc1,1.258571666,PI1070
*CCC(c1ccccc1)C(*)c1ccccc1,0.981231624,PI1070
*C(C)C(*)OC(C)C,0.882335598,PI1070
*c1cccc(-n2c(=O)c3cc4c(=O)n(*)c(=O)c4cc3c2=O)c1C,1.169276438,PI1070
*CC(*)OCC(CC)CCCC,0.883883354,PI1070
*CC(*)c1ccc(OCCC)cc1,0.991729585,PI1070
*c1ccc(C(c2ccccc2)(c2ccc(-n3c(=O)c4cc5c(=O)n(*)c(=O)c5cc4c3=O)cc2)C(F)(F)F)cc1,1.203851883,PI1070
*c1ccc2c(c1)C(=O)N(c1c(C)c(C)c(N3C(=O)c4ccc(C(*)(C(F)(F)F)C(F)(F)F)cc4C3=O)c(C)c1C)C2=O,1.146022084,PI1070
*Oc1ccc(C(c2ccccc2)(c2ccccc2)c2ccc(OC(*)=O)cc2)cc1,1.105355359,PI1070
*Oc1ccc(C(c2ccccc2)(c2ccccc2)c2ccc(OC(=O)c3cccc(C(*)=O)c3)cc2)cc1,1.120952971,PI1070
*CC(*)SCCCC,0.975699357,PI1070
*CCCCCCNC(=O)CCCCC(=O)N(*)C,1.018037716,PI1070
*Oc1ccc(C(C)(C)c2ccc(OC(*)=O)c(C(C)C)c2)cc1C(C)C,1.004973052,PI1070
*CCCCN(C)C(=O)c1ccc(C(=O)N(*)C)cc1,1.101612309,PI1070
*c1ccc(Oc2ccc(C3(c4ccc(Oc5ccc(N6C(=O)c7ccc(Oc8ccccc8Oc8ccc9c(c8)C(=O)N(*)C9=O)cc7C6=O)cc5C(F)(F)F)cc4)c4ccccc4-c4ccccc43)cc2)c(C(F)(F)F)c1,1.25213482,PI1070
*c1ccc2c(c1)C(=O)N(c1ccc(Oc3c(C)cc(C(c4cc(C)c(Oc5ccc(N6C(=O)c7ccc(C(*)(C(F)(F)F)C(F)(F)F)cc7C6=O)cc5)c(C)c4)c4cccc5ccccc45)cc3C)cc1)C2=O,1.147237154,PI1070
*CC(*)(CC(=O)OC)C(=O)OC,1.129334605,PI1070
*C(=O)c1ccc2c(c1)C(=O)N(c1ccc(-c3ccc(N4C(=O)c5ccc(*)cc5C4=O)c(C)c3)cc1C)C2=O,1.145826917,PI1070
*C(C)C(*)OC,0.947492501,PI1070
*Oc1ccc(C(C)(C)c2ccc(OC(=O)SCCCSC(*)=O)cc2)cc1,1.187060668,PI1070
*CC(*)c1ccc(COC)cc1,1.03750338,PI1070
*C(C)C(*)OCCCC,0.905549579,PI1070
*c1ccc(C(C)(C)c2ccc(C(C)(C)c3ccc(N4C(=O)c5ccc(Oc6ccc7c(c6)C(=O)N(*)C7=O)cc5C4=O)cc3)cc2)cc1,1.117686372,PI1070
*CC(*)(C)C(=O)OCc1ccc(Cl)cc1Cl,1.269283781,PI1070
*CC(*)(CC(=O)OCCCCCCCC)C(=O)OCCCCCCCC,0.954492402,PI1070
*c1ccc(Oc2c(C)cc(Cc3cc(C)c(Oc4ccc(-n5c(=O)c6cc7c(=O)n(*)c(=O)c7cc6c5=O)cc4)c(C)c3)cc2C)cc1,1.126951227,PI1070
*CCCSS*,1.238118081,PI1070
*CC(*)(C)C(=O)OCc1cc(Cl)cc(Cl)c1,1.269395896,PI1070
*CC(*)(C)C(=O)OCc1cc(Cl)ccc1Cl,1.269736861,PI1070
*CC(*)C1CCCCC1,0.852752091,PI1070
*c1ccc(Oc2cc(C(C)(C)C)ccc2Oc2ccc(N3C(=O)c4ccc(-c5ccc6c(c5)C(=O)N(*)C6=O)cc4C3=O)cc2)cc1,1.171705288,PI1070
*CC(*)c1ccc(OCC)cc1,1.016879034,PI1070
*c1ccc(Oc2c(C)cc(-c3cc(C)c(Oc4ccc(N5C(=O)c6ccc(Oc7ccccc7Oc7ccc8c(c7)C(=O)N(*)C8=O)cc6C5=O)cc4C(F)(F)F)c(C)c3)cc2C)c(C(F)(F)F)c1,1.230109509,PI1070
*CC(*)(C)c1ccc2ccccc2c1,0.989395044,PI1070
*C(C)C(*)OCCC,0.906495665,PI1070
*c1cccc(N2C(=O)c3ccc(-c4ccc5c(c4)C(=O)N(*)C5=O)cc3C2=O)c1C,1.15533487,PI1070
*CC(*)c1ccc(OC)cc1,1.042086594,PI1070
*Oc1cc(C(C)(C)C)c(Oc2ccc(C(=O)Nc3c(C)cc(C(C)(C)c4cc(C)c(NC(=O)c5ccc(*)cc5)c(C)c4)cc3C)cc2)cc1C(C)(C)C,1.001547997,PI1070
*c1cccc(-c2nc3cc(-c4ccc5nc(*)c(-c6ccc7ccccc7c6)nc5c4)ccc3nc2-c2ccc3ccccc3c2)c1,1.095943981,PI1070
*CC(*)(CC(=O)OCCCCCCCCC)C(=O)OCCCCCCCCC,0.946548067,PI1070
*c1ccc(-c2ccc(N3C(=O)c4ccc(-c5ccc6c(c5)C(=O)N(*)C6=O)cc4C3=O)cc2C(F)(F)F)c(C(F)(F)F)c1,1.235348797,PI1070
*CC(*)OCCC,0.936310658,PI1070
*CC(*)(C)C(=O)OCc1cccc(Cl)c1Cl,1.272828419,PI1070
*c1ccc(-c2nc3cc(-c4ccc5nc(*)c(-c6ccccc6)nc5c4)ccc3nc2-c2ccccc2)cc1,1.056649095,PI1070
