SMILES,Density,Source,Confidence
*c1ccc(-c2ccc3c(c2)C(CCCCCCC#N)(CCCCCCC#N)c2cc(*)ccc2-3)cc1,0.901122805,train,1.0
*CC(*)c1ccc(C(=O)O)c(C(=O)O)c1,1.184354013,train,1.0
*CC(*)C(=O)Oc1ccccc1C,1.061864136,train,1.0
*CC(*)C(=O)Oc1ccccc1,1.109388621,train,1.0
*CC(C)S(*)(=O)=O,1.293314518,train,1.0
*CC(*)c1cc(C(C)C)ccc1C(C)C,0.830463672,train,1.0
*CCCCCC(*)CCCCCC,0.797183169,train,1.0
*CC(*)CCCCCCC,0.7966448,train,1.0
*CC(*)CCCN(CC(C)C)CC(C)C,0.817146131,train,1.0
*c1ccc(-c2ccc(C(*)(c3ccccc3)C(F)(F)F)cc2)cc1,1.06572076,train,1.0
*CC(*)C(=O)OCCSCCCC#N,1.085387972,train,1.0
*CC(*)CCCCC,0.771934125,train,1.0
*CC(*)(C)C(=O)OC1CCCCC1,0.91386168,train,1.0
*Oc1ccc(S(=O)(=O)c2ccc(Oc3c(C)cc(Cc4cc(C)c(*)c(C)c4)cc3C)cc2)cc1,1.073138282,train,1.0
*CC(*)(C)C(=O)OC(C)(C)C,0.826660163,train,1.0
*CC1CCC(*)C1,0.892956655,train,1.0
*Oc1ccc(S(=O)(=O)c2ccc(Oc3ccc(C(C)(c4ccccc4)c4ccc(*)cc4)cc3)cc2)cc1,1.144330703,train,1.0
*CCCCCCCCCCC(=O)NCCCCCCNC(=O)CCCCO*,0.939635943,train,1.0
*/C=C/c1ccc(*)cc1,1.006135387,train,1.0
*CC(*)(CC(=O)OCCCCC)C(=O)OCCCCC,0.955743343,train,1.0
*CCCCCCCCNC(=O)CCCCCCCCCCCCCCCCCCCCC(=O)N*,0.889143617,train,1.0
*/C=C/c1cc(OCC(CC)CCCC)c(*)cc1-c1ccc(N(c2ccc(OC)cc2)c2ccc(OC)cc2)cc1,0.969832402,train,1.0
*C1Cc2ccccc2C1*,0.889251685,train,1.0
*CCCCCCCCCCCCCCCCCCCCOC(=O)CCCCCCCC(=O)O*,0.89522718,train,1.0
*CC(*)(CC(=O)OCCc1ccccc1)C(=O)OCCc1ccccc1,1.092735648,train,1.0
*CC(*)C(=O)Oc1ccc(C)cc1,1.051609028,train,1.0
*CCCCCCCCCCCCCCCCCCCCCC(=O)N*,0.866351429,train,1.0
*CC(*)(C)C(=O)OC1CCC(C(C)(C)C)CC1,0.856410503,train,1.0
*c1cc(CCCCCCCCCCCCCCCCCCCCCC)c(*)s1,0.883511374,train,1.0
*C1CCCCC1S(*)(=O)=O,1.174206042,train,1.0
*CCN(CCOC(=O)NCCCCCCNC(=O)O*)c1ccc(/N=N/c2ccc([N+](=O)[O-])cc2)c(C)c1,1.1275851,train,1.0
*CC(*)(C)C(=O)Oc1c(Cl)c(Cl)c(Cl)c(Cl)c1Cl,1.354866985,train,1.0
*CCCCCCCCCCCCOC(=O)CCCCCCCCCCCCC(=O)O*,0.910678639,train,1.0
*CC(*)(CF)C(=O)OC,1.048000594,train,1.0
*CC(*)CCCC,0.776895965,train,1.0
*CC(*)C(=O)OCC(CC)CC,0.91413913,train,1.0
*CCCC(*)(C)C(=O)O,0.996128545,train,1.0
*c1ccc(NC(=O)Nc2ccc(NC(=O)Nc3ccc(-c4nc(C#N)c(C#N)nc4*)cc3)cc2)cc1,1.154810331,train,1.0
*c1cc2cccccc-2c1*,0.814226421,train,1.0
*CC(*)(C)C(=O)OCCOCC,1.013471369,train,1.0
*CC(*)(C)C(=O)OCCN(CC)CC,0.960101927,train,1.0
*CC(*)c1ccc(C(=O)OCCN(C)C)cc1,1.0222365,train,1.0
*CC(*)C(=O)OCc1ccc(C#N)cc1,1.094513754,train,1.0
*c1cc(/C=N/c2cccc(C)c2)cc(*)c1O,0.99179579,train,1.0
*CC(*)C(=O)OC1CC(C)CC(C)(C)C1,0.909612952,train,1.0
*CC(C)(C)CS(=O)(=O)CC(C)(C)COC(=O)O*,1.089194614,train,1.0
*CCCCCCCCCCCCCCCCCCCCOC(=O)CCCCC(=O)O*,0.899322314,train,1.0
*CCc1ccc(*)c2ccccc12,1.050887217,train,1.0
*CC(*)C(=O)OCCCCCCSCC#N,1.039476536,train,1.0
*C1C(=O)OC(=O)C1*,1.365901109,train,1.0
*CC(*)(C)C(=O)OC(C(F)(F)F)(C(F)(F)F)C(F)(F)F,1.240147043,train,1.0
*C1C(=O)N(c2ccccc2C(=O)OC)C(=O)C1*,1.070408699,train,1.0
*CC(*)c1cc(C)ccc1F,0.955409279,train,1.0
*CC(*)O,1.081206735,train,1.0
*CC(*)c1ccccc1COC(C)C,0.933317386,train,1.0
*CCc1ccc(-c2ccc(*)cc2)cc1,1.042562737,train,1.0
*CCCCCCNC(=O)C(CCCCCCCCCCCCC)C(=O)N*,0.899716416,train,1.0
*c1ccc(-c2ccc3c(c2)C(CCCCCC)(CCCCCC)c2cc(*)ccc2-3)cc1,0.786503256,train,1.0
*CC(*)(C)C(=O)OCc1ccco1,1.081813241,train,1.0
*CCCCCCCCCCC(=O)NCCc1ccc(CCNC(=O)CCCCCCCCCCS*)cc1,0.962511767,train,1.0
*CCCCCCCCCCNC(=O)CC/C=C/CCC(=O)N*,0.952363037,train,1.0
*/C=C/c1ccc(*)c2ccc(CCCCCC)cc12,0.946624284,train,1.0
*CC(*)c1ccccc1COCCCC,0.940569983,train,1.0
*CCCCCCCCCOC(=O)CCCCCCCC(=O)O*,0.941870155,train,1.0
*c1ccc2c(c1)SC1=Nc3cc(-c4ccc5c(c4)N=C4Sc6cc(*)ccc6N=C4N5)ccc3NC1=N2,1.086875784,train,1.0
*CC(*)C(=O)OCC(CC)CCCC,0.893389668,train,1.0
*CC(*)CC(C)C(F)(F)F,1.093859396,train,1.0
*CCCCCCCCC(=O)NCCCCCOCCCCCNC(=O)CCCO*,0.958044519,train,1.0
*CCCCCCCC(*)C,0.806729205,train,1.0
*CCCCCCCCCCNC(=O)CCCCCCCCCCCCCCC(=O)N*,0.906986266,train,1.0
*CC(*)(CF)C(=O)OCC,1.040351207,train,1.0
*C(=O)C(*)(C)C,0.919975664,train,1.0
*CC(*)C(=O)OCCSCCC#N,1.111901096,train,1.0
*CC(*)(C)C(=O)OCCc1ccccc1,1.048543977,train,1.0
*CC(*)C(=O)NC(C)CC,0.92947228,train,1.0
*CC(*)(C)C(=O)OCCN(CC)S(=O)(=O)C(F)(F)C(F)(F)C(F)(F)C(F)(F)C(F)(F)C(F)(F)C(F)(F)C(F)(F)F,1.49945764,train,1.0
*CC(*)(C#N)C(=O)OCCCC,0.98541293,train,1.0
*c1ccc(N2C(=O)c3ccc(-c4cccc5c4C(=O)N(*)C5=O)cc3C2=O)cc1,1.15692241,train,1.0
*c1nc2cc3sc(-c4cc(OCCCCCCCCCCCC)c(*)cc4OCCCCCCCCCCCC)nc3cc2s1,0.992488687,train,1.0
*CC(*)(C)C(=O)OCCCCCCCCCCCCCCCCCC,0.861197166,train,1.0
*Oc1cc(CCC)cc(OC(=O)c2cccc(C(*)=O)c2)c1,1.125159714,train,1.0
*CC(*)c1ccc(C)cc1C,0.894079517,train,1.0
*CCCN*,0.92848585,train,1.0
*c1nc(C)nc(N(CCCCCCN(*)c2ccccc2)c2ccccc2)n1,1.056565871,train,1.0
*CC(*)c1ccc(CCCCCCCCCCCCCCCC)cc1,0.848617516,train,1.0
*c1sc(*)c(OCCCCCCCCCCCCCCCCCCCC)c1C,0.90435478,train,1.0
*CC(*)c1ccccc1CC,0.918485757,train,1.0
*CC(*)C(=O)C1CCCCC1,0.931405406,train,1.0
*=C=C=C(Cn1c2ccccc2c2ccccc21)C(=*)Cn1c2ccccc2c2ccccc21,1.114657106,train,1.0
*CC(*)C(=O)OCCCCCC(=O)Oc1ccc(-c2ccc(C#N)cc2)cc1,1.092668338,train,1.0
*CCCCCCCNC(=O)C(CCCCCCCCCCCC)C(=O)N*,0.900783398,train,1.0
*/C=C/c1sc(*)c(OCCCCCCCCCCCC)c1OCCCCCCCCCCCC,0.900179408,train,1.0
*OS(=O)(=O)c1cccc(C(=O)c2cccc(S(=O)(=O)Oc3ccc(C(C)(C)c4ccc(*)cc4)cc3)c2)c1,1.237872849,train,1.0
*CC(*)C(=O)Oc1cccc2ccccc12,1.120527982,train,1.0
*CCCCCCCCCCCCCCS*,0.881232316,train,1.0
*/C=C/C(C*)C(C)CC,0.82398912,train,1.0
*CC(*)(C)C(=O)Oc1cccc(C)c1,1.017456329,train,1.0
*CC(*)C(=O)C(C)C,0.886596201,train,1.0
*CC(*)(CC(=O)Oc1ccc(C)cc1)C(=O)Oc1ccc(C)cc1,1.062096371,train,1.0
*CCCCCCCCCCOC(=O)CCCCCCC(=O)O*,0.938959785,train,1.0
*CC(*)C(C)=O,0.955845655,train,1.0
*/C=C/c1ccc(*)c(-c2cc(-c3ccccc3)c(OCC(CC)CCCC)cc2OCC(CC)CCCC)c1,0.919376466,train,1.0
*c1c(-c2ccccc2)c(-c2ccccc2)c(*)c2cc(C(c3ccc(C#Cc4ccccc4)c(C#Cc4ccccc4)c3)(C(F)(F)F)C(F)(F)F)ccc12,1.001212493,train,1.0
*CCCCCCCCCNC(=O)CCCCCCCCC(=O)N*,0.93702543,train,1.0
*c1ccc2c(c1)C(CCCCCC)(CCCCCC)c1cc(-c3cc(CCCCCC)c(*)cc3CCCCCC)ccc1-2,0.85144236,train,1.0
*CCCCCCCCCCSCCCCCCS*,0.931588685,train,1.0
*/C=C/CCCCC*,0.823772683,train,1.0
*/C=C/c1ccc(*)c(-c2cc(OCC(CC)CCCC)c(OCC(CC)CCCC)cc2-c2ccccc2)c1,0.892538398,train,1.0
*CCCCCNC(=O)CCCCCCCCOCCCCCCCCC(=O)NCCCCCO*,0.932721325,train,1.0
*CCCCCCCCCCCCCCCCCCCCC(*)COCCOCCOCCOCCOCCCCCCCCCCCCCC,0.882777598,train,1.0
*CCCCNC(=O)CCCCCCCCCC(=O)N*,0.965368624,train,1.0
*CC(*)C(=O)c1ccc(C(C)(C)C)cc1,0.936469283,train,1.0
*CCC(C)CCC(=O)O*,0.980916925,train,1.0
*c1ccc(-c2ccc(C3(*)CCCCC3)cc2)cc1,0.96749891,train,1.0
*CC(*)(F)C(=O)OCCC(F)(F)C(F)(F)C(F)(F)C(F)(F)C(F)(F)C(F)(F)C(F)(F)C(F)(F)C(F)(F)C(F)(F)F,1.608016391,train,1.0
*C(=O)c1ccc2c(c1)C(=O)N(c1ccc(Oc3ccc(C(=O)c4cccc(C(=O)c5ccc(Oc6ccc(N7C(=O)c8ccc(*)cc8C7=O)cc6)cc5)c4)cc3)cc1)C2=O,1.206756714,train,1.0
*CC(*)(C)c1ccccc1,0.833452729,train,1.0
*CC(*)c1ccc(C(=O)OC)cc1,1.032355465,train,1.0
*CC(*)(C)C(=O)OCc1cccc([N+](=O)[O-])c1,1.162628481,train,1.0
*CC(*)OC(=O)c1ccc(OC(=O)CCC)cc1,1.086283422,train,1.0
*CC(*)OC(=O)CC,0.995365589,train,1.0
*CCCCCCCCCCCCCCOC(=O)CCCCCCC(=O)O*,0.919731294,train,1.0
*CCC(Cl)C(*)Cl,1.273131418,train,1.0
*CCCCCCCCCCNC(=O)NCCCCCCCCNC(=O)N*,0.969724413,train,1.0
*CCCCCCCNC(=O)CCCCCCCCCC(=O)N*,0.940664668,train,1.0
*CCCCCCCCCCCCNC(=O)CCCCCCCCCCCCC(=O)N*,0.903805754,train,1.0
*CCCCCCCCCCOc1ccc(OC(=O)c2ccc(OCCCCCCOc3ccc(C(=O)Oc4ccc(O*)cc4)cc3)cc2)cc1,1.061577448,train,1.0
*CCCCCNC(=O)CCCCCCCCCCCCC(=O)N*,0.933437007,train,1.0
*CC(*)c1ccc(Cl)cc1,1.087290755,train,1.0
*CCCCCCNC(=O)C(CCCCCCCCCCCCCCC)C(=O)N*,0.897093489,train,1.0
*/C=C/C(C*)CCC,0.803760264,train,1.0
*CC(*)OC(C)C,0.839799693,train,1.0
*CC(*)c1ccc(O)cc1,1.026280901,train,1.0
*CCCCCCCCC(=O)NCCCCCCNC(=O)CCCCO*,0.954015346,train,1.0
*CC(*)c1ccccc1COCCC,0.94589921,train,1.0
*CCCCCNC(=O)CCCCCCCCCCCCCCCCCCC(=O)N*,0.90486422,train,1.0
*CC(*)(CC(=O)Oc1cccc(C)c1)C(=O)Oc1cccc(C)c1,1.042202692,train,1.0
*CCCCCC(*)CCCCCCCCCC,0.801722522,train,1.0
*CCCS(*)(=O)=O,1.344229366,train,1.0
*c1cc(CCCCCCCCCCCCC)c(*)s1,0.919023879,train,1.0
*/C=C/CCCCCC*,0.820824647,train,1.0
*CC(*)C(=O)Oc1ccc(C#N)cc1,1.134726614,train,1.0
*CC(*)(C)C(=O)OCCBr,1.475127343,train,1.0
*/C=C/c1ccc(*)c(-c2cc(OCCC(C)C)c(OCCC(C)C)cc2-c2ccc(C(F)(F)F)cc2)c1,0.956021414,train,1.0
*c1cc(OCCCCCCCCCCCC)c(*)cc1O,0.933849439,train,1.0
*c1ccc(-c2nnc(-c3cccc(-c4nnc(*)n4-c4ccccc4)c3)n2-c2ccccc2)cc1,1.089021523,train,1.0
*CCCCCCCCCCCCNC(=O)NCCCCCCNC(=O)N*,0.973061223,train,1.0
*CC(*)C(=O)OCc1ccccc1,1.072100095,train,1.0
*CC(*)OC(=O)CCCCCCCCCCCCCCCCCCCCC,0.858583325,train,1.0
*CC(*)C(=O)OC(C)CCC(CC)CCCC,0.861701744,train,1.0
*CC(*)(C)C(=O)OCCOC,1.033359022,train,1.0
*c1sc(*)c2c1OCC(CCCCCCCCCCCCCCCC)O2,0.968871976,train,1.0
*CC(*)CCCCCCCCCC,0.799124975,train,1.0
*CC(*)C(=O)OCCSCC,1.065268296,train,1.0
*CC(*)C,0.77629912,train,1.0
*CC(*)(C)C(=O)OCC,0.90836326,train,1.0
*c1ccc(Cc2ccc(-n3c(=O)c4cc5c(=O)n(*)c(=O)c5cc4c3=O)cc2)cc1,1.232934348,train,1.0
*CC(C)(C)CS(*)(=O)=O,1.140781369,train,1.0
*c1ccc2c(c1)C(CCCCCC)(CCCCCC)c1cc(-c3cc(CCCCCCCCCC)c(*)cc3CCCCCCCCCC)ccc1-2,0.807377101,train,1.0
*CC(*)(C)C(=O)Oc1ccc(C#N)cc1,1.058985756,train,1.0
*CC(*)c1c([2H])c([2H])c([2H])c([2H])c1[2H],0.923679332,train,1.0
*CC(*)(CC(=O)OCCCC)C(=O)OCCCC,0.96210565,train,1.0
*CC(*)(C)C(=O)OCC[N+](=O)[O-],1.159740176,train,1.0
*CCCCCCCCOC(=O)NNC(=O)CCCCCCCCC(=O)NNC(=O)O*,1.043832714,train,1.0
*/C=C/CCCCCCCCCC*,0.822074244,train,1.0
*CC(*)(C)C(=O)OCC(F)(F)C(F)(F)C(F)(F)C(F)(F)C(F)(F)C(F)(F)C(F)(F)F,1.482039287,train,1.0
*CC(*)c1ccc(COc2ccc(-c3ccc(C#N)cc3)cc2)cc1,1.065712208,train,1.0
*Oc1c(C)cc(*)cc1-c1ccccc1,1.002505763,train,1.0
*CCCCCCN(C)C(=O)CCCCCCCCCCCCCCCCC(=O)N(*)C,0.898624404,train,1.0
*Oc1ccc(Oc2ccc(C(=O)c3ccccc3-c3ccccc3C(=O)c3ccc(*)cc3)cc2)cc1,1.125774179,train,1.0
*CC(*)(C)C(=O)Oc1ccc(C)cc1,0.951958497,train,1.0
*CC(*)c1cc(C(C)(C)C)ccc1C,0.849065812,train,1.0
*CC(*)(C)C(=O)OC1CCCC(C)C1,0.881548744,train,1.0
*OC(*)C(Cl)(Cl)Cl,1.539478709,train,1.0
*CCCCCC(*)CCCCCCCC,0.794468482,train,1.0
*CCCCCCCCCCNC(=O)C(CCCCCCCCCCCC)C(=O)N*,0.888311048,train,1.0
*CC(*)c1cc(F)ccc1F,1.086573844,train,1.0
*CC(*)(Cl)C(=O)OCCCC,1.074741397,train,1.0
*CC(*)(C)C(=O)OCCCCCCOc1ccc(-c2ccc(OC)cc2)cc1,1.04192343,train,1.0
*CC(*)(CC(=O)OCCCCCC)C(=O)OCCCCCC,0.927808816,train,1.0
*CC(*)c1ccc(COCC(CC)CCCC)cc1,0.902459296,train,1.0
*CCOC(=O)CCCCSCCCCC(=O)O*,1.07074619,train,1.0
*CC(*)(C)C(=O)OCCN(CC)c1ccc(/N=N/c2ccc([N+](=O)[O-])cc2)cc1,1.122445545,train,1.0
*CC(*)(Cl)C(=O)OC(C)C,1.054014289,train,1.0
*CCCCCCCCCCCCC(c1ccc(O)cc1)C(*)c1ccc(O)cc1C,0.937930772,train,1.0
*CCCCCCCCCCSSCCCCCCSS*,1.014541659,train,1.0
*CC(*)(C)C(=O)OCC(CC)CCCC,0.866688073,train,1.0
*CC(*)(C)C(=O)OCCCCn1c2ccccc2c2ccccc21,1.063120281,train,1.0
*CC(*)(C)C(N)=O,1.041991601,train,1.0
*c1ccc2c(c1)C(CCCCCC)(CCCCCC)c1cc(-c3cc(OCc4ccccc4)c(*)cc3OCc3ccccc3)ccc1-2,0.926806566,train,1.0
*CCCCCCCCCCCC(c1ccc(O)cc1)C(*)c1ccc(O)cc1C,0.934436591,train,1.0
*CC(*)(C)C(=O)NC(=O)OC(C)COc1c(Br)cc(S(=O)(=O)c2cc(Br)c(OCC(C)O)c(Br)c2)cc1Br,1.587307778,train,1.0
*CCCCCCCCCCNC(=O)CCCCCCCCCCCCC(=O)N*,0.911164148,train,1.0
*CCN*,0.992409385,train,1.0
*CCCCCCS(=O)(=O)CCCCCS(*)(=O)=O,1.153509737,train,1.0
*CCc1ccc(*)o1,1.10299243,train,1.0
*Sc1ccc(*)cc1,1.231097312,train,1.0
*CC(*)n1cc2ccccc2n1,1.124957708,train,1.0
*CC(*)c1ccc(F)cc1C,0.994546299,train,1.0
*CCCOC(=O)CCCCCCCCCCCCCCCCC(=O)O*,0.922711633,train,1.0
*CC(*)C(=O)OCCC#N,1.065811773,train,1.0
*CCCCCCCCCCOC(=O)CCCCCCCC(=O)O*,0.932306919,train,1.0
*CC(*)(C)C(=O)OCCCCCCCCCCCCCC,0.862307366,train,1.0
*c1sc(*)c(OCCCCCCCCCCCCCC)c1C,0.944296325,train,1.0
*CCCCCCCCCCOC(=O)CCCCCNC(=O)CCCCC(=O)NCCCCCC(=O)O*,0.988248519,train,1.0
*CCCC(*)(C)C,0.780478615,train,1.0
*CCCCCCCCCCCCCCCC[N+](C)(C)CCCCCC[N+](*)(C)C,0.872184477,train,1.0
*/C=C(/*)C#CCCCCCCCCCCCCCCCCCCCCC(=O)O,0.885736749,train,1.0
*CC/C(C)=C(/*)C,0.817744643,train,1.0
*c1ccc2c(c1)C(=O)N(c1cc(OCCN(CC)c3ccc(/N=N/c4ccc([N+](=O)[O-])cc4)cc3)cc(N3C(=O)c4ccc(C(*)(C(F)(F)F)C(F)(F)F)cc4C3=O)c1)C2=O,1.205461036,train,1.0
*ON(C(F)(F)F)C(F)(F)C(*)(F)F,1.732295687,train,1.0
*Oc1ccc(S(=O)(=O)c2ccc(Oc3ccc(-c4ccc(*)cc4)cc3)cc2)cc1,1.20752232,train,1.0
*CCCCCCCCNC(=O)CCCCCCCCC(=O)NCCCCCCCCNC(=O)C(=O)N*,0.973462542,train,1.0
*/C=C/C(C)C(*)C,0.801255092,train,1.0
*c1sc(*)c(OCCCCCCCCCCCC)c1C,0.949355697,train,1.0
*CC(*)(C)C(=O)OC(C(F)(F)F)C(F)(F)F,1.277149707,train,1.0
*CC(*)C(=O)OC(C)CCCCCC,0.877762738,train,1.0
*OC(=O)CCCCCC(*)=O,1.084856799,train,1.0
*c1ccc(NC(=O)Nc2ccc(NC(=O)Nc3ccc(-c4nc(-c5ccc([N+](=O)[O-])cc5)[nH]c4*)cc3)cc2)cc1,1.201196246,train,1.0
*CC(*)C(=O)OCC(C)(C)C,0.901190148,train,1.0
*CCCCCCCCCCCNC(=O)CCCCCCCCCCCCCCCCCCC(=O)N*,0.887262341,train,1.0
*CCCCCNC(=O)CCCCCCOCCCCCCC(=O)NCCCCCO*,0.955888415,train,1.0
*c1ccc(-c2ccc3c(c2)C(CCCCCCBr)(CCCCCCBr)c2cc(*)ccc2-3)cc1,1.064142833,train,1.0
*CCc1ccc(CCNC(=O)CCCCCCCCCCCCCCCC(=O)N*)cc1,0.963570323,train,1.0
*CCCCCCCCCCC(=O)NCCCCCC(=O)N*,0.953522466,train,1.0
*CCCCCCCCCCCCCCCCCCCCOC(=O)CC(=O)O*,0.918493366,train,1.0
*C1CCC(*)C1,0.903468969,train,1.0
*CC(*)(C)C(=O)OCC(C)(C)C1OCC(C)(C)CO1,0.904274504,train,1.0
*CC(*)c1cccs1,1.115067014,train,1.0
*CC(*)(C)C(=O)Oc1ccccc1,1.049795923,train,1.0
*CCCCCCCCC(=O)NCCCCCCNC(=O)CCCCCCCCO*,0.930685649,train,1.0
*CC(*)(C)C(=O)OCC1CCCO1,1.030703138,train,1.0
*CC(*)C(=O)Oc1ccc(Cl)cc1Cl,1.323601324,train,1.0
*CC(*)O[N+](=O)[O-],1.305301671,train,1.0
*/C=C/c1ccc(*)c(-c2c(OCC(CC)CCCC)ccc3cc(-c4ccccc4)ccc23)c1,0.984517634,train,1.0
*CCCCCNC(=O)CCCCCCCCCCCCCCCCC(=O)N*,0.92091158,train,1.0
*CCCCCCCCC(=O)NCCCCCOCCCCCNC(=O)CCCCO*,0.959755769,train,1.0
*Oc1ccc(OC(=O)CCCCCCCCC(*)=O)cc1,1.048950682,train,1.0
*CC(*)c1cccc(N(c2ccc(C)cc2)c2ccc(C)cc2)c1,0.975794098,train,1.0
*CCCCCCCCCCC(=O)NCCCCCOCCCCCNC(=O)CCCO*,0.949699751,train,1.0
*CCCCCCCCCCC(c1ccc(O)cc1)C(*)c1ccc(O)cc1C,0.949326163,train,1.0
*CC(*)C(=O)OCC(C)CC,0.919640881,train,1.0
*CC(*)(C)C(=O)Oc1ccccc1C,1.024902598,train,1.0
*CCCCCCNC(=O)C(CCCCCCCCCCCCCCCCC)C(=O)N*,0.889924513,train,1.0
*CC(*)C(=O)Oc1cccc(C)c1,1.071947231,train,1.0
*/C=C/CCCCCCC(Cl)CCCCCC*,0.903154394,train,1.0
*CCCCCCCCCCCCCCCCCCCCC(*)COCCOCCOCCOCCOCCCCCC,0.886368922,train,1.0
*CC(*)(C)C(=O)OC(F)(C(F)(F)F)C(F)(F)F,1.327370903,train,1.0
*CCCCCCCCCCCCCCNC(=O)NCCCCCCNC(=O)N*,0.953783995,train,1.0
*CCCCCCCCCCCCCCCCCCCCOC(=O)CCCCCC(=O)O*,0.89731003,train,1.0
*C1CC2CC1C(*)C2CCCCCC,0.82757252,train,1.0
*C1C(=O)N(c2ccccc2)C(=O)C1*,1.03911953,train,1.0
*CC(*)c1ccc(C(C)=O)cc1,1.013613515,train,1.0
*CCCCCCCCNC(=O)CCCCCCCCCCCCCCC(=O)N*,0.905325915,train,1.0
*CCCCCCCCCCCCCCC(=O)O*,0.893283062,train,1.0
*CC(*)(C)C(C)=O,0.887508896,train,1.0
*CC(*)(Cl)C(=O)OC1CCCCC1,1.054643244,train,1.0
*CCc1ccc(CCNC(=O)CCCCCCCCCCCCCCCCCCCCC(=O)N*)cc1,0.936212185,train,1.0
*Oc1ccc(Oc2ccc(Oc3ccc(S(=O)(=O)c4ccc(*)cc4)cc3)cc2)cc1,1.200029536,train,1.0
*CC(*)(C)C(=O)OCC1(C)COCOC1,1.010012446,train,1.0
*CCCCCCCCCCCCCCCCCCCCOC(=O)CCCCSCCCCC(=O)O*,0.926144559,train,1.0
*/C=C/*,0.775000418,train,1.0
*CC/C=C(/*)C(C)(C)C,0.831876241,train,1.0
*CC(*)C(=O)OC(CC)CC,0.928441574,train,1.0
*c1cc(*)c(O)c(/C=N/c2ccc(Cl)cc2)c1,1.17680677,train,1.0
*CC(*)c1ccc(CCC)cc1,0.892912233,train,1.0
*CCOCCOC(=O)CCCCCCCCCCCCCCCCC(=O)O*,0.948193246,train,1.0
*C1C(=O)N(c2ccc(C)cc2)C(=O)C1*,0.95394828,train,1.0
*CC(*)(C)C(=O)OCCC#N,1.036075809,train,1.0
*CC(*)OCC,0.912688006,train,1.0
*CC(*)C(=O)OCCCCCCOc1ccc(C(=O)Oc2ccc(C#N)cc2)cc1,1.095853414,train,1.0
*/C=C/C(C)(C)C(*)(C)C,0.820729949,train,1.0
*CC(CCCCCCCCCCCCCCCC)C1C(=O)N(CCCCCCCCCCCC)C(=O)C1*,0.867649177,train,1.0
*CC(*)C=C(C)C,0.779950443,train,1.0
*CC(*)C(=O)Oc1c(Cl)c(Cl)c(Cl)c(Cl)c1Cl,1.469086914,train,1.0
*CC(*)(C)C(=O)OCCF,1.091984203,train,1.0
*CC(*)C(=O)N(CCCC)CCCC,0.875138172,train,1.0
*/C=C/c1cc(OCC2CC3CC2C2CCCC32)c(*)cc1OCC1CC2CC1C1CCCC21,1.004037835,train,1.0
*CCOC(=O)N(Cc1ccccc1)c1ccc(C)c(N(Cc2ccccc2)C(=O)O*)c1,1.109114286,train,1.0
*Oc1ccc2c(c1)C1(CC2(C)C)CC(C)(C)c2ccc(OC(=O)c3cccc(C(*)=O)c3)cc21,1.04019662,train,1.0
*CC(*)OC,0.965989074,train,1.0
*CO*,1.241962384,train,1.0
*CC(*)C=O,1.074977648,train,1.0
*CC(*)(C)C(=O)OCC1(C)COC(C)(C)OC1,0.956557271,train,1.0
*c1ccc(N2C(=O)c3ccc(C(=O)c4ccc5c(c4)C(=O)N(c4ccc(-c6nc7cc(-c8ccc9nc(-c%10ccccc%10)c(*)nc9c8)ccc7nc6-c6ccccc6)cc4)C5=O)cc3C2=O)cc1,1.081627625,train,1.0
*CC(*)c1ccccn1,0.996326132,train,1.0
*CC(*)C(=O)OCCCSCCC#N,1.082808936,train,1.0
*Oc1ccc2c(c1)C1(CC2(C)C)CC(C)(C)c2ccc(OC(*)=O)cc21,1.005045691,train,1.0
*CC(*)C(=O)OC(CCC(CC)CCCC)CC(C)C,0.858171779,train,1.0
*c1cccc(N2C(=O)c3ccc(Oc4ccc5c(c4)C4(CC(C)(C)c6ccc(Oc7ccc8c(c7)C(=O)N(*)C8=O)cc64)CC5(C)C)cc3C2=O)c1,1.109968877,train,1.0
*c1ccc(-c2ccc(C(*)(C)C(F)(F)F)cc2)cc1,1.086916359,train,1.0
*CC(*)C(=O)OCCSCC#N,1.158953952,train,1.0
*CC(*)(C)C(=O)OC12CC3CC(C)(CC(C)(C3)C1)C2,0.88188115,train,1.0
*Oc1ccc(S(=O)(=O)c2ccc(Oc3ccc(Cc4ccc(*)cc4)cc3)cc2)cc1,1.184644856,train,1.0
*Oc1ccc(S(=O)(=O)c2ccc(Oc3ccc(C(C)(C)c4ccc(*)cc4)cc3)cc2)cc1,1.135056188,train,1.0
*CCCCCCNC(=O)N*,1.021142597,train,1.0
*CCCCCCCCCCC(=O)NCc1ccc(CNC(=O)CCCCCCCCCCS*)cc1,0.976393146,train,1.0
*c1ccc(-c2ccc(C(*)(c3ccc(F)cc3)C(F)(F)F)cc2)cc1,1.113444185,train,1.0
*CCCCCCCCCCCSCCCCCCS*,0.923953778,train,1.0
*CC(*)C(=O)OCCCSC,1.075871128,train,1.0
*CC(*)(C)C(=O)OC1CC2CCC1(C)C2(C)C,0.87251011,train,1.0
*CCc1ccc(CCNC(=O)CCCCCCCCCCCCCCCCC(=O)N*)cc1,0.942820572,train,1.0
*CCC1CC(*)C2C3CCC(C3)C12,0.933540935,train,1.0
*Oc1ccc2c(c1)C1(CC2(C)C)CC(C)(C)c2ccc(OC(=O)c3ccc(C(*)=O)cc3)cc21,1.024454484,train,1.0
*CC(*)(C)C(=O)OCCCCCCCCCC,0.880799375,train,1.0
*CC(*)(C)C(=O)OC12CC3CC(CC(C3)C1)C2,0.905497494,train,1.0
*c1ccc(Oc2cccc(Oc3ccc(N4C(=O)c5cccc(Oc6cccc(Oc7cccc8c7C(=O)N(*)C8=O)c6)c5C4=O)cc3)c2)cc1,1.216100189,train,1.0
*Oc1cccc(OC(=O)c2ccc(C(C)(C)c3ccc(C(*)=O)cc3)cc2)c1,1.102151001,train,1.0
*c1ccc(-c2cc(-c3ccc(OCCCCCC)cc3)cc(-c3ccc(-c4ccc5c(c4)C(CCCCCC)(CCCCCC)c4cc(*)ccc4-5)cc3)c2-c2ccc(OCCCCCC)cc2)cc1,0.887994076,train,1.0
*CC(*)C(=O)Oc1ccccc1C(C)(C)C,0.949266643,train,1.0
*CC(*)C(=O)Oc1ccc(C(=O)OCCCC)cc1,1.072941358,train,1.0
*CC(*)C(=O)OC(F)(C(F)(F)F)C(F)(F)F,1.502297049,train,1.0
*CC(*)c1ccccc1COCCCCC,0.935560059,train,1.0
*c1cc(*)c(O)c(/C=N/c2ccc(N3CCOCC3)cc2)c1,1.120600809,train,1.0
*OS(=O)(=O)c1ccc(-c2ccc(S(=O)(=O)Oc3ccc(-c4ccc(*)cc4)cc3)cc2)cc1,1.24578392,train,1.0
*Oc1ccc(S(=O)(=O)c2ccc(Oc3ccc(C(C)(C)c4ccc(*)c(C)c4)cc3C)cc2)cc1,1.095765995,train,1.0
*CCS*,1.187990132,train,1.0
*CCCCCCCCCCCCOC(=O)CCCCCNC(=O)CCCCC(=O)NCCCCCC(=O)O*,0.968420729,train,1.0
*CCCCCCCCCCCCCCCCCCCCOC(=O)CCC(C)CC(=O)O*,0.897262686,train,1.0
*CC(*)c1ccc(CCCCCCCCCCCCCCCCCC)cc1,0.844184922,train,1.0
*CCCCNC(=O)CCCCCCC(=O)N*,1.002012128,train,1.0
*CCCNS(*)(=O)=O,1.368480015,train,1.0
*CC(*)(CC(=O)OCc1ccccc1)C(=O)OCc1ccccc1,1.113470646,train,1.0
*c1ccc2c(c1)C(CCCCCC)(CCCCCC)c1cc(-c3cc(OCCCCCCCC)c(*)cc3OCCCCCCCC)ccc1-2,0.863900052,train,1.0
*CCCCCCNC(=O)CCCCCCCCCCCCCCC(=O)N*,0.913177976,train,1.0
*CCCCCCCCCCCCCCCCCCCCc1nnc(*)o1,0.88997462,train,1.0
*C([2H])([2H])C(*)([2H])c1c([2H])c([2H])c([2H])c([2H])c1[2H],0.93861698,train,1.0
*CCCCCCCCCCC(=O)NCCCCCCNC(=O)CCCO*,0.954616145,train,1.0
*CC(*)(C)C(=O)OC1CC(C)CC(C)(C)C1,0.860209573,train,1.0
*C1CC2C3CCC(C3)C2C1*,0.88601111,train,1.0
*CC(*)c1ccc(Cl)cc1Cl,1.218576983,train,1.0
*CC(*)CCCCCCCCC,0.79444681,train,1.0
*CCCCCCCCCCNC(=O)CCCCCCC(=O)N*,0.946533099,train,1.0
*CC(*)(C)C(=O)Oc1ccc(C(C)(C)C)cc1,0.896405025,train,1.0
*CCCCNC(=O)CCCCC(=O)N*,1.040711554,train,1.0
*CC(*)(C(=O)OC)c1ccccc1,0.964628447,train,1.0
*CC(*)C1CC1,0.863629462,train,1.0
*CC(*)c1ccc(C)cc1,0.869468057,train,1.0
*CC(*)C(=O)Oc1cccc(N(C)C)c1,1.096542432,train,1.0
*C*,0.811251102,train,1.0
*CCCCCCCCC(=O)NCCCCCCNC(=O)CCCO*,0.961251471,train,1.0
*CCCCCNC(=O)O*,1.071824251,train,1.0
*CC(*)C(=O)OCCC(C)OC,1.002966511,train,1.0
*CC(*)(CC)C(=O)OCC,0.864397975,train,1.0
*CC(*)CC(C)(C)C,0.748691234,train,1.0
*CC(*)C(=O)NC(C)(C)C,0.889061076,train,1.0
*CCCCOC(=O)CCCCCCCCCCCCCCCCCCCCCCCCCCCCCCCCCCC(=O)O*,0.868453809,train,1.0
*CCCCCCCCCCOC(=O)CCCCCCCCCCCCCCCCC(=O)O*,0.8954389,train,1.0
*CCCCCCCCCCCCCCCCCCCCOC(=O)C(=O)O*,0.917519076,train,1.0
*CC(*)(Cl)C(=O)OC(C)CC,1.057163419,train,1.0
*CC(*)C(=O)Oc1ccccc1Cl,1.226889668,train,1.0
*CCCCCCCCCCCCCCCCCCNC(=O)CCc1ccc(CCC(=O)N*)cc1,0.937104778,train,1.0
*CCCCCCCCCCCCCCNC(=O)CCCCCCCCCCCCCCCCC(=O)N*,0.886924555,train,1.0
*CC(*)C(=O)OCCCCCCCCC,0.892016503,train,1.0
*Oc1ccc(S(=O)(=O)c2ccc(Oc3ccc(C4(c5ccc(*)cc5)c5ccccc5-c5ccccc54)cc3)cc2)cc1,1.096450635,train,1.0
*/C=C/c1cc(CCCCCCCCCCC)c(/C=C/c2ccc(*)cc2)cc1CCCCCCCCCCC,0.89127614,train,1.0
*c1cc(O)c(O)cc1*,0.986360805,train,1.0
*c1ccc(-c2nc3ccc(Oc4ccc5nc(*)c(-c6ccccc6)c(-c6ccccc6)c5c4)cc3c(-c3ccccc3)c2-c2ccccc2)cc1,0.956272559,train,1.0
*CC(O*)c1ccccc1,1.068349202,train,1.0
*CC(*)C(=O)NCCCCCCCCCCCCCCCC,0.864456022,train,1.0
*Nc1ccc(*)cc1OCCCCCCCCCCCCCCCC,0.899934311,train,1.0
*CCCCCCCCCNC(=O)CCCCCCCCCC(=O)N*,0.933531017,train,1.0
*CC(*)C(=O)Oc1ccc(-c2ccccc2)cc1,1.091305455,train,1.0
*CC(*)c1cc(-c2ccc(C(=O)OC(C)CCCCCC)cc2)ccc1-c1ccc(C(=O)OC(C)CCCCCC)cc1,0.947782381,train,1.0
*CC(*)c1cc(Br)ccc1OCCCC,1.214722149,train,1.0
*/C=C/c1cc(CCCCCCCCCCCC)c(/C=C/c2ccc(*)cc2)cc1CCCCCCCCCCCC,0.863597922,train,1.0
*CC(*)(C)C#N,0.912756425,train,1.0
*CC(*)(C)C(=O)OC,0.906319536,train,1.0
*CC(*)c1ccc(CCCCCCCC)cc1,0.86701632,train,1.0
*CCCCCCCCCCCCCCCCCCCCOC(=O)CCCCCCC(=O)O*,0.892806607,train,1.0
*CC(*)OC(=O)C1(F)C(F)(F)C(F)(F)C(F)(F)C(F)(F)C1(F)F,0.81190569,train,1.0
*CCCCCCCCCCCCNC(=O)CCCCC(=O)N*,0.944709172,train,1.0
*C1C2CCC(C2)C1*,0.859348965,train,1.0
*CC(*)C(=O)OCCCCCCCCCCCCCC,0.867171478,train,1.0
*CC(*)C(=O)OCC(C)CCC,0.903896392,train,1.0
*CC(*)(C)C(=O)OCCC(C)(C)C,0.860835583,train,1.0
*CC(*)C(=O)NCCCCCC(=O)O,1.07691203,train,1.0
*CC(*)C(=O)OCCCCCCCCCCCCCCCCCCCCCC,0.846770802,train,1.0
*CC(*)(C)C(=O)OCCCCCCCCCCCC,0.876333907,train,1.0
*Oc1ccc(C(C)(C)c2ccc(Oc3ccc(C(=O)Nc4ccc(-c5ccc(NC(=O)c6ccc(*)cc6)cc5C(F)(F)F)c(C(F)(F)F)c4)cc3)cc2)cc1,1.198766828,train,1.0
*CC(*)c1cccc(NC(C)=O)c1,1.037473199,train,1.0
*CC(*)c1ccc(-c2ccc3c(c2)C(CCCCCC)(CCCCCC)c2cc(-c4ccc5c(c4)C(CCCCCC)(CCCCCC)c4ccccc4-5)ccc2-3)cc1,0.887288053,train,1.0
*c1cc(/C=N/c2ccc(C)cc2)c(*)c(OC)c1,0.9332806,train,1.0
*CCCC1CC(=O)N(*)C(=O)C1,1.09306772,train,1.0
*CCC(C(=O)OCC)C(*)C(=O)OCC,0.983422084,train,1.0
*CC(*)c1ccc(CCCCCCCCCCCC)cc1,0.85312948,train,1.0
*CC(*)(C)C(=O)OC(C)C(C)(C)C,0.844615787,train,1.0
*CC(*)C(=O)OCCCC,0.952753315,train,1.0
*CCCCCCCCCCOC(=O)CCCCCCCCC(=O)O*,0.930218098,train,1.0
*CCCCCCCCCCNC(=O)CCCCCCCCCCCCCCCCCCCCC(=O)N*,0.884434958,train,1.0
*CCCCCCCCCCCCO*,0.85333452,train,1.0
*CCCCCCNC(=O)CCCCCCCCCCCCC(=O)N*,0.933728856,train,1.0
*Oc1c(C)cc(*)cc1C,0.945927386,train,1.0
*CC(*)(C)C(=O)OCCNC(C)(C)C,0.899956342,train,1.0
*CC(*)(C)C(=O)OC(F)(F)C(F)(F)C(F)(F)C(F)(F)C(F)(F)C(F)(F)C(F)(F)C(F)(F)F,1.517768128,train,1.0
*CCCCCCCCCCCCNC(=O)CCCCCCCCCCCCCCCCCCCCC(=O)N*,0.881825572,train,1.0
*CC(*)c1cccc(OC(C)=O)c1,1.002961799,train,1.0
*Oc1ccc(C(=O)c2ccc(*)cc2)cc1,1.182134646,train,1.0
*c1cc(CCCCCCCCCCCCCCC)c(*)s1,0.902739983,train,1.0
*CC(*)C(=O)OCCCSCC,1.049932374,train,1.0
*C(F)(F)C(F)(F)C1(F)C(*)(F)OC(F)(F)C1(F)F,1.564699369,train,1.0
*CC(*)(C)C(=O)OCc1ccccc1Cl,1.151611779,train,1.0
*CCCCCCCCCCCCCCC(=O)N*,0.89024336,train,1.0
*Oc1ccc(S(=O)(=O)c2ccc(Oc3c(C)cc(C(c4cc(C)c(*)c(C)c4)(C(F)(F)F)C(F)(F)F)cc3C)cc2)cc1,1.103576244,train,1.0
*CC(*)C(=O)OCCN(CC)c1ccc(/N=N/c2ccc([N+](=O)[O-])cc2)cc1,1.12679408,train,1.0
*/C=C/CCCCCCCCCC(Cl)CCCCCCCCC*,0.878956685,train,1.0
*CC(*)c1cccc2ccccc12,0.993182994,train,1.0
*CC(*)C(=O)NCCCCCCCCCCCCCC,0.86728938,train,1.0
*CC(*)C(=O)OC1CCCCC1,0.975831621,train,1.0
*CC(*)c1ccc(C(C)(C)O)cc1,0.934073122,train,1.0
*CC(*)C(=O)Oc1ccc(C(C)(C)C)cc1,0.958441992,train,1.0
*CCCCCCCCCCCNC(=O)CCCCCCCCC(=O)NCCCCCCCCCCCNC(=O)C(=O)N*,0.945505999,train,1.0
*Oc1c(-c2ccccc2)cc(*)cc1-c1ccccc1,1.041525617,train,1.0
*CCCCCCCCCCCCCCCCCCCCOC(=O)COCC(=O)O*,0.930690382,train,1.0
*CC(*)C(=O)OCCc1ccccc1,1.060028456,train,1.0
*c1cc(CCCCCCCCCCCCCC)c(*)s1,0.91341608,train,1.0
*CC(*)c1ccc(F)cc1,0.989259062,train,1.0
*CCCOC(=O)C1CCC(C(=O)O*)CC1,1.082251488,train,1.0
*C1CC2CC1C(*)C2CCCC,0.793157119,train,1.0
*CCCCCCCCCCCCCCCCCCNC(=O)CCCCCCCCCCC(=O)N*,0.890200365,train,1.0
*CC(*)c1ccc(OC(C)=O)cc1,1.037413892,train,1.0
*CC(*)(C)C(=O)OCCCCCC,0.903441723,train,1.0
*C1CCC1*,0.823406686,train,1.0
*c1[nH]c(*)c(CC(=O)OCCCCCCCCCCCC)c1CC(=O)OCCCCCCCCCCCC,0.913558675,train,1.0
*CCCCCCCNC(=O)CCCCCCCCC(=O)N*,0.943364885,train,1.0
*CCCCCCCCCCOCCCCCCCCCCOCCCCO*,0.882717038,train,1.0
*CC(*)CCCCCCCCCCC,0.803315138,train,1.0
*CC(*)c1ccc(-c2ccc3c(c2)C(CCCCCC)(CCCCCC)c2ccccc2-3)cc1,0.899366976,train,1.0
*c1ccc2c(c1)C(CCCCCC)(CCCCCC)c1cc(-c3cc(CCCCCCCC)c(*)cc3CCCCCCCC)ccc1-2,0.85154393,train,1.0
*CC(*)C(=O)OCCCCCCCCCCCCCCCC,0.864622073,train,1.0
*CC(*)(C)C(=O)OC1CCC(C)CC1,0.895972858,train,1.0
*CCCCCCCCCCCCCCCCOC(=O)CCCCCCCCC(=O)O*,0.912106929,train,1.0
*Oc1ccc(C(C)(C)c2ccc(OC(=O)c3cccc(C(*)=O)c3)cc2)cc1,1.101878575,train,1.0
*CC(*)c1ccc(C(C)C)cc1C(C)C,0.839803273,train,1.0
*CC(*)(C)c1ccc(C(C)C)cc1,0.808542478,train,1.0
*CC(*)C(=O)N1CCOCC1,1.114429035,train,1.0
*CC(*)(C)C(=O)OCC(C)(C)C,0.810146915,train,1.0
*CC(*)(Cl)C(=O)OCCC,1.102798912,train,1.0
*Oc1ccc(-c2ccc(-c3cc(-c4ccccc4)c(-c4ccc(-c5ccc(OC(=O)c6ccc(C(*)=O)cc6-c6ccccc6)cc5)cc4)c(-c4ccccc4)c3-c3ccccc3)cc2)cc1,0.963593,train,1.0
*CCc1ccc(*)s1,1.164977581,train,1.0
*CCCCCCCCCCNC(=O)CCCCCCCCC(=O)NCCCCCCCCCCNC(=O)C(=O)N*,0.955200662,train,1.0
*C1CC2CC1C(*)C2CCCCCCCCCC,0.855255368,train,1.0
*Nc1ccc(*)cc1CCCCCCCCCCCCCCC,0.876967341,train,1.0
*CCCCCCCCCCCCCCCCCCCCCCOC(=O)CCC(=O)O*,0.905357803,train,1.0
*CCCCCCCCNC(=O)CCCCCCCC(=O)N*,0.959342877,train,1.0
*CCCCCCCCNC(=O)CCCCCCCCCCC(=O)N*,0.92885236,train,1.0
*CS*,1.374050717,train,1.0
*CCNC(=O)CCCCCCCCCCCCCCCCC(=O)N*,0.932585043,train,1.0
*CC(*)(C)C(=O)OCCCl,1.111949892,train,1.0
*CCCCCCS(*)(=O)=O,1.13916765,train,1.0
*c1cc(CCCCCCCCCCCCCCCCCC)c(*)s1,0.892099579,train,1.0
*/C=C/CCCCCCCCCC(CCCCCCCCC*)COCCOCCOCCOCCOCCCCCC,0.891002299,train,1.0
*CC(*)c1ccc(CCCCCCCCCC)cc1,0.864032282,train,1.0
*CC(CC(*)(C#N)C(=O)OC)c1ccccc1,0.987197772,train,1.0
*CCCCCCCCCCCCCCCCCCCCOC(=O)CCCC(=O)O*,0.90650602,train,1.0
*CC(*)C(=O)OC(C)CCCCC,0.89263762,train,1.0
*/C=C/C(C(=O)OC(C)C)C(*)C(=O)OC(C)C,0.971892426,train,1.0
*CC(*)CCCCCCCCCCCC,0.805359167,train,1.0
*/C=C/c1cc(OCCCCCC)c(*)cc1OC,0.956645411,train,1.0
*CC(*)(C)C(=O)Oc1ccc2ccccc2c1,1.079099726,train,1.0
*CCCCCC(*)CCCCCCCCCCCCCC,0.80443165,train,1.0
*CC(*)CC(C)C,0.765836941,train,1.0
*CCC1CCC(*)C1,0.880692229,train,1.0
*CC(*)OC(=O)c1ccccc1,1.101556822,train,1.0
*CC(*)(C)C(=O)Oc1ccc(CC#N)cc1,1.056556928,train,1.0
*c1ccc2ccc3c(*)cc(C#CC=C)c4ccc1c2c34,0.757428031,train,1.0
*CC(*)C(=O)NCCCCCCCC/C=C/CCCCCCCC,0.860743742,train,1.0
*CC(*)C(=O)OCCCCSC,1.049744475,train,1.0
*CC(*)c1cc(Br)ccc1OCC,1.223503114,train,1.0
*CCCCCCCCCCCCOC(=O)CCCCC(=O)O*,0.946344135,train,1.0
*CC1(*)CCCCC1,0.795413005,train,1.0
*CCCCCCCCCCNC(=O)CCCCCCCCCCCC(=O)N*,0.912914925,train,1.0
*/C=C(/*)CCCCCCCCCCCCCCCCCCCCC(=O)O,0.868463517,train,1.0
*OC(*)CCC#N,1.042557473,train,1.0
*CCCCCCCNC(=O)CCCCCCCCCCCCCCCCCCC(=O)N*,0.900754814,train,1.0
*CC(*)c1ccccc1COCCC(C)C,0.924684677,train,1.0
*Oc1ccc(C2(c3ccc(OC(*)=O)cc3)CC3CCC2C3)cc1,1.084486229,train,1.0
*CC(*)(CC(=O)OCC)C(=O)OCC,0.965285515,train,1.0
*/C=C/CC*,0.8411584645000001,train,1.0
*CCCCCCCCCCCCCCOC(=O)CCCCC(=O)O*,0.934642528,train,1.0
*CC(*)CCC(C)C,0.772296641,train,1.0
*CC(*)C#N,0.979429396,train,1.0
*Oc1cccc(NC(=O)CCCCCCCCCCC(=O)Nc2ccc(*)cc2)c1,1.057348058,train,1.0
*CC(*)(CC(=O)OCCCc1ccccc1)C(=O)OCCCc1ccccc1,1.080352066,train,1.0
*CC(*)(C)C(=O)Oc1ccc(C)cc1C,0.95674619,train,1.0
*CC(*)CC1CCCCC1,0.816505893,train,1.0
*CCCCCCCCCCCCCCNC(=O)CCCCCCCCC(=O)N*,0.916585437,train,1.0
*CCCCCCCCCCCCOC(=O)CCCCCCC(=O)O*,0.931066388,train,1.0
*CC(*)c1ccc(Cl)cc1C,1.05867232,train,1.0
*CC(*)(C)C(=O)OCCS(=O)CC,1.117069249,train,1.0
*CC(*)C(=O)OCCC(C)C,0.928263907,train,1.0
*Sc1c(C)cc(*)cc1C,1.048021071,train,1.0
*CC(*)C(=O)NC(C)C,0.951472262,train,1.0
*Oc1ccc(C(C)(C)c2ccc(OC(=O)c3ccc(C(*)=O)cc3)cc2)cc1,1.104373146,train,1.0
*CC(*)OCCCCCCCCCCCCCCCCCC,0.834274703,train,1.0
*CC(*)CCCCCCCCCCCCC,0.803265072,train,1.0
*CCCCCCCCCCCNC(=O)CCCCC(=O)N*,0.9550917,train,1.0
*=C=C=C(CCCCOC(=O)Nc1ccccc1)C(=*)CCCCOC(=O)Nc1ccccc1,1.089327475,train,1.0
*CC(*)c1cc(Cl)ccc1Cl,1.217628771,train,1.0
*CC(*)(C#N)C(=O)OC,1.044265535,train,1.0
*/C=C/CCC*,0.834588519,train,1.0
*CCCCCCCCCCC(Cl)C(*)Cl,1.005372382,train,1.0
*CC(*)(CC(=O)OC1CCCCC1)C(=O)OC1CCCCC1,0.957033344,train,1.0
*/C=C/c1cc(OCCCCCCCC)c(*)cc1OC,0.939190483,train,1.0
*CCc1c(Cl)c(Cl)c(*)c(Cl)c1Cl,1.40293716,train,1.0
*CC(*)(C#N)C(=O)OCCCCCC,0.966634258,train,1.0
*Oc1ccc(NC(=O)CCCCCCCCCC(=O)Nc2ccc(*)cc2)cc1,1.073694962,train,1.0
*CC(*)CCCCCCCC,0.790932839,train,1.0
*CC(*)C(C)C,0.75714125,train,1.0
*CC(*)c1ccc(COCCOCCCCCCCC)cc1,0.931177736,train,1.0
*OC1CCCCC1*,0.931563064,train,1.0
*CC(*)C(=O)Oc1ccc(OC)cc1,1.117366408,train,1.0
*CCNC(=O)CCCCCCCCC(=O)N*,1.004989804,train,1.0
*C1C=CC(*)C1,0.939550686,train,1.0
*CC(*)C(=O)OC(C)CC(C)C,0.905312834,train,1.0
*CCCCCCCCCCC(=O)NCCCCCOCCCCCNC(=O)CCCCO*,0.94573393,train,1.0
*CC(*)C(=O)OC12CC3CC(C)(CC(C)(C3)C1)C2,0.949969923,train,1.0
*CCCCCCCCCCCCCCc1ccc(-c2c(-c3ccccc3)cc(-c3ccc(-c4cc(-c5ccccc5)c(-c5ccc(*)cc5)c(-c5ccccc5)c4-c4ccccc4)cc3)c(-c3ccccc3)c2-c2ccccc2)cc1,0.950245541,train,1.0
*CC(*)CCCCCCCCCCCCCC,0.795879987,train,1.0
*CCCCCCCCCCOCCCCCCOCCCCCCO*,0.880404561,train,1.0
*C(=O)N(*)CCCCCCCCCCCCCCCCCC,0.861970531,train,1.0
*CC(*)(C)C(=O)OC(C)C(F)(F)F,1.11386163,train,1.0
*CC/C=C(/*)CCCCCCCCCC,0.81139035,train,1.0
*/C=C/c1cc(OCCCCCCCCCCCCCCCC)c(/C=C/c2ccc(*)cc2)cc1OCCCCCCCCCCCCCCCC,0.88205721,train,1.0
*/C=C/c1cc(OCCCCCCCCCCCC)c(*)cc1OC,0.902248035,train,1.0
*CC(*)(C)C(=O)OCc1ccccc1,1.051885651,train,1.0
*CCCCCNC(=O)CCCCCCCCCCCC(=O)N*,0.943380242,train,1.0
*CC(*)c1ccc(O)c(OC)c1,1.031531368,train,1.0
*CC(*)C(=O)OCCCCCCCCCCCCCCCCCC,0.864259855,train,1.0
*CC(*)OC(=O)CCCCCCCCCCCCCCCCC,0.856119988,train,1.0
*c1ccc(-c2ccc(-c3ccc(C(*)(CC)C(F)(F)F)cc3)cc2)cc1,0.989585625,train,1.0
*CCCCCCCCCCCCCCNC(=O)CCCCCCCCCCC(=O)N*,0.906553684,train,1.0
*/C=C/c1ccc(*)c(-c2cc(OCCC(C)C)c(OCCC(C)C)cc2-c2ccc(OC)cc2)c1,0.925658948,train,1.0
*CC(*)(CC(=O)Oc1ccccc1)C(=O)Oc1ccccc1,1.099880838,train,1.0
*CC(*)c1ccc(COCCCCCCOc2ccc(-c3ccc(OC)cc3)cc2)cc1,1.040782353,train,1.0
*Oc1ccc(S(=O)(=O)c2ccc(Oc3c(C)cc(C(C)(C)c4cc(C)c(*)c(C)c4)cc3C)cc2)cc1,1.014775026,train,1.0
*c1c(-c2ccccc2)c(-c2ccccc2)c(*)c2cc(C3(c4ccc(C#Cc5ccccc5)c(C#Cc5ccccc5)c4)c4ccccc4-c4ccccc43)ccc12,0.900037683,train,1.0
*CC(*)C(=O)N(C)c1ccccc1,1.036978669,train,1.0
*CC(*)(C)C(=O)OC(F)(C(F)(F)F)C(F)(F)Cl,1.322806827,train,1.0
*CC(*)C(=O)N(C)C,0.999160184,train,1.0
*CC(*)OC(=O)CCCCCCCCCCCCCCC,0.858717726,train,1.0
*CC(*)c1ccc(CCCCCCCCCCCCCC)cc1,0.848186437,train,1.0
*CC(*)(C)C(=O)OCCCCCCCC,0.891484349,train,1.0
*CC(*)C(=O)OCC,1.001646084,train,1.0
*CC(*)C(=O)NCCCC,0.938352718,train,1.0
*CCCCCCCCCCCCCCNC(=O)CCCCCCCCCCCCCCCCCCCCC(=O)N*,0.876856201,train,1.0
*CC(*)n1c2ccccc2c2ccccc21,1.05806832,train,1.0
*CC(*)(C)C(=O)OCCCCC,0.917921435,train,1.0
*CC(CCl)(CCl)O*,1.297944961,train,1.0
*CC(*)(C)C(=O)OCCCC,0.906003571,train,1.0
*CC(*)(CC(=O)Oc1ccccc1C)C(=O)Oc1ccccc1C,1.059872607,train,1.0
*CCCCCCCCCNC(=O)CCCCCCCC(=O)N*,0.944002177,train,1.0
*CCCCCCCCCCCCCCCCCCCCC(*)Cl,0.869388674,train,1.0
*CC(*)(C)C(=O)OC(C)CC,0.898018787,train,1.0
*c1cccc(*)c1,0.992499014,train,1.0
*CC(*)C(=O)OCCCCCC,0.915149553,train,1.0
*CC(*)(C)C(=O)OCCN(C)C,0.981910387,train,1.0
*CC(C)(C)O*,0.861163598,train,1.0
*CC(*)C(=O)OCCSC,1.110954584,train,1.0
*CCCCCCCCNC(=O)CCCCCCCCCCCCCCCCC(=O)N*,0.901851851,train,1.0
*c1nc(-c2ccccc2)nc(N(c2ccccc2)c2ncnc(N(*)c3ccccc3)n2)n1,1.133996819,train,1.0
*c1cc(CCCCCCCCCCCC)c(*)cc1CCCCCCCCCCCC,0.832338804,train,1.0
*CCCCCCCCCCCCCNC(=O)CCCCCCCCCCCC(=O)N*,0.900220523,train,1.0
*Oc1ccc(C(C)(C)c2ccc(OC(=O)CN(CC(*)=O)c3ccc(/N=N/c4ccc([N+](=O)[O-])cc4)cc3)cc2)cc1,1.157411669,train,1.0
*CC(*)c1cc(C)ccc1C,0.907377009,train,1.0
*CC(*)C(=O)c1ccc(C)cc1,1.017121715,train,1.0
*c1cc(CCCCCCCCCCCCCCCC)c(*)[nH]1,0.866052711,train,1.0
*CC(*)c1cccc(Cl)c1,1.095935741,train,1.0
*CC(*)C(=O)N(C(C)C)C(C)C,0.844059103,train,1.0
*CC(*)CCC(C)CC,0.791153015,train,1.0
*CC(*)CNc1ccc([N+](=O)[O-])cn1,1.22830711,train,1.0
*Cc1ccc(CNC(=O)CCCCCCCCCCCCCCCCC(=O)N*)cc1,0.962041851,train,1.0
*CCCCCCCCCCNC(=O)CCCCCCCCCCCCCCCCCCC(=O)N*,0.892460081,train,1.0
*CCCCCCCCCCCCCCCCCCCCCCOC(=O)CCCCC(=O)O*,0.893790404,train,1.0
*CCC([2H])C(*)([2H])C,0.8045306,train,1.0
*CC(*)(C#N)C(=O)OCC,1.034280592,train,1.0
*CCCCCCNC(=O)C(CCCCCCCCCCCCCCCC)C(=O)N*,0.89124948,train,1.0
*CCN(*)C(=O)CCCCCCCCCCCCCCCCC,0.856888696,train,1.0
*CC(*)OC(=O)CCCCCCCCCCC,0.878322012,train,1.0
*c1ccc(-c2ccc(C(*)(C)C)cc2)cc1,0.952850626,train,1.0
*CC(*)C(=O)NCCCCCCCCCCCCCCCCCC,0.856385762,train,1.0
*CCCCCCC(=O)NCCCCCCNC(=O)CCCCCCO*,0.964171286,train,1.0
*CC(*)C(=O)NCCCCCCCCCCCC,0.870895681,train,1.0
*CC(*)C(C)CC,0.768938442,train,1.0
*CCCCCCNC(=O)CCCCCCCCCCCCCCCCC(=O)N*,0.910662796,train,1.0
*CC(*)(C)C(=O)OC1CCCCC1C,0.85282857,train,1.0
*/C=C/c1cc(OCC(CC)CCCC)c(*)cc1-c1ccc(F)c(C(F)(F)F)c1,1.037733826,train,1.0
*CCCCCCCCCCCCCCC(*)Cl,0.886561889,train,1.0
*CC(*)C(=O)Oc1ccc(Cl)cc1,1.211730555,train,1.0
*CCCCCCCCCCCCCCCCCCNC(=O)CCCCCCCCCCCCCCCCC(=O)N*,0.880970816,train,1.0
*CC(*)c1ccccc1C,0.876818696,train,1.0
*CCC/C=C(/*)c1ccc(Cl)cc1,1.085646157,train,1.0
*CCCCCCCCCCCCCCCCCCOCO*,0.865128678,train,1.0
*c1ccc(-c2sc(-c3cc(CCCCCCCCCCCC)c(*)s3)cc2CCCCCCCCCCCC)cc1,0.941065148,train,1.0
*CCCCCCCCCCNC(=O)CCCCCCCCC(=O)N*,0.92195685,train,1.0
*CCCCNC(=O)CCCCCCCCCCCCCCC(=O)N*,0.924969057,train,1.0
*CCCCCCCCCNC(=O)CCCCCCCCC(=O)NCCCCCCCCCNC(=O)C(=O)N*,0.96452094,train,1.0
*CCC(*)=O,1.073855453,train,1.0
*/C=C/CCCCCCCC*,0.822061556,train,1.0
*SC(*)(F)F,1.840998909,train,1.0
*CC(*)c1ccc(CCCCCCCCC)cc1,0.87039516,train,1.0
*CC(*)c1ccc(S(=O)(=O)O)cc1,1.219503167,train,1.0
*CC(*)(CC(=O)OCCC)C(=O)OCCC,0.95089128,train,1.0
*c1ccc(C(C)(C)c2ccc(-n3c(=O)c4cc5c(=O)n(*)c(=O)c5cc4c3=O)cc2)cc1,1.146465554,train,1.0
*/C=C/c1ccc(*)c(-c2cc(OCC(CC)CCCC)c(-c3ccccc3)cc2OCC(CC)CCCC)c1,0.947690837,train,1.0
*c1ccc(C2C(C(=O)OCC)C(*)C2C(=O)OCC)cc1,1.011107838,train,1.0
*CC(*)(Cl)C(=O)OCC,1.162819805,train,1.0
*CCN(*)C(=O)CCCCCCCCCCCCCCC,0.870810763,train,1.0
*CC(*)C1CC=CCC1,0.84208322,train,1.0
*CC(*)Cl,1.263489368,train,1.0
*CCCCCC(=O)O*,1.002695727,train,1.0
*CCCC(=O)NCc1ccc(CNC(=O)CCCO*)cc1,1.107946409,train,1.0
*Oc1ccc(C2(c3ccc(OC(*)=O)cc3)CC(C)CC(C)(C)C2)cc1,0.982602482,train,1.0
*CC(*)c1ccccc1C(=O)Nc1ccccc1,1.0857807748830175,PI1070,0.5
*CC(*)c1ccccc1C(=O)O,1.1176867746672545,PI1070,0.5
*CC(*)c1ccccc1C(=O)Oc1ccccc1,1.105467634377595,PI1070,0.5
*CC(*)c1ccccc1Cl,1.1250310778635444,PI1070,0.5
*CC(*)c1ccccc1F,1.0781712820822826,PI1070,0.5
*CC(*)c1ccc(C(=O)N2CCOCC2)cc1,1.0757882967081267,PI1070,0.5
*CC(*)c1ccc(C(=O)Cc2ccccc2)cc1,1.0754518254977259,PI1070,0.5
*CC(*)c1ccc(S(=O)(=O)OCCC)cc1,1.1383681112175772,PI1070,0.5
*CC(*)c1cc(Br)ccc1OCCC(C)C,1.19734822880825,PI1070,0.5
*C(F)(F)C(*)(F)c1c(F)c(F)c(F)c(F)c1F,1.5749702435060118,PI1070,0.5
*CC(*)c1ccc(C(=O)C(F)(F)F)cc1,1.2515331578810551,PI1070,0.5
*CC(*)c1ccc(C(=O)c2ccc(OC)cc2)cc1,1.0834297502073267,PI1070,0.5
*CC(*)OC(C)=O,1.0822205163271241,PI1070,0.5
*C#C/C(COS(=O)(=O)c1ccc(C)cc1)=C(/*)COS(=O)(=O)c1ccc(C)cc1,1.2224877161164907,PI1070,0.5
*CC(*)OC=O,1.221680009916756,PI1070,0.5
*CC(*)OC(=O)C(F)(F)F,1.4592347427891434,PI1070,0.5
*CC(*)C(=O)c1ccccc1O,1.158577273135413,PI1070,0.5
*C(F)(F)C(*)(F)OC(F)(F)C(F)(F)C(F)(F)C(F)(F)F,1.7435467940789642,PI1070,0.5
*C(F)(F)C(*)(OC(F)(F)F)OC(F)(F)F,1.652048404435912,PI1070,0.5
*C(OC(F)(F)F)C(*)(F)F,1.690690079226575,PI1070,0.5
*C(F)(F)C(*)(F)OC(F)(F)F,1.7796367376008697,PI1070,0.5
*CC(*)(F)C(C)=O,1.1652477446057743,PI1070,0.5
*CC(*)C(=O)c1ccccc1,1.0829906318656366,PI1070,0.5
*CC(*)C(=O)c1ccc(Br)c(OC)c1,1.4363221347400976,PI1070,0.5
*CC(*)C(=O)c1ccc(OC)cc1,1.1083491488084287,PI1070,0.5
*CC(*)OC(=O)c1ccccc1OC(C)=O,1.1758070329021377,PI1070,0.5
*CC(*)OC(=O)c1ccc(OC(C)=O)cc1,1.1734782299974005,PI1070,0.5
*CC(*)OC(=O)CCCC(=O)c1ccccc1,1.1227212553556907,PI1070,0.5
*CC(*)OC(=O)c1ccc(Br)cc1,1.5031709820176136,PI1070,0.5
*CC(*)OC(=O)c1ccccc1Cl,1.2630374962266773,PI1070,0.5
*CC(*)OC(=O)c1cccc(Cl)c1,1.2334258799815965,PI1070,0.5
*CC(*)OC(=O)c1ccc(Cl)cc1,1.236664964164889,PI1070,0.5
*CC(*)OC(=O)c1ccc(OCC)cc1,1.0963905709728974,PI1070,0.5
*CC(*)OC(=O)C(F)(F)C(F)(F)C(F)(F)F,1.6073845803658466,PI1070,0.5
*CC(*)OC(=O)C(F)(F)C(F)(F)C(F)(F)C(F)(F)C(F)(F)C(F)(F)C(F)(F)C(F)(F)C(F)(F)F,1.7659768213424107,PI1070,0.5
*CC(*)OC(=O)C(F)(F)C(F)(F)C(F)(F)C(F)(F)C(F)(F)F,1.685627488205157,PI1070,0.5
*CC(*)OC(=O)C(F)(F)C(F)(F)C(F)(F)C(F)(F)C(F)(F)C(F)(F)C(F)(F)F,1.7294182209277214,PI1070,0.5
*CC(*)OC(=O)c1ccncc1,1.1663109439243073,PI1070,0.5
*CC(*)OC(=O)c1ccccc1OC,1.1560683005652193,PI1070,0.5
*CC(*)OC(=O)c1cccc(OC)c1,1.143571260813046,PI1070,0.5
*CC(*)OC(=O)c1ccc(OC)cc1,1.142238016738104,PI1070,0.5
*CC(*)OC(=O)c1ccccc1C,1.100838651164544,PI1070,0.5
*CC(*)OC(=O)c1cccc(C)c1,1.0832925958656656,PI1070,0.5
*CC(*)OC(=O)c1cccc([N+](=O)[O-])c1,1.2527354836074467,PI1070,0.5
*CC(*)OC(=O)CCl,1.3412504953823494,PI1070,0.5
*CC(*)OCCCl,1.2194102377242606,PI1070,0.5
*CC(*)OCC(F)(F)F,1.3574682663823825,PI1070,0.5
*CC(*)P(=O)(OCC)N(C)C,1.0846024830965177,PI1070,0.5
*CC(OC)C1C(=O)OC(=O)C1*,1.2207410181969864,PI1070,0.5
*CC(OC)C(C(=O)O)C(*)C(=O)O,1.2368355567741331,PI1070,0.5
*CCCC=C(*)c1ccc(Cl)cc1,1.0953084958816133,PI1070,0.5
*CC(*)CNc1ccc([N+](=O)[O-])cc1,1.2016088758533863,PI1070,0.5
*CC(*)CNc1ccc([N+](=O)[O-])cc1C,1.153629521904811,PI1070,0.5
*CC(*)CNc1ccc([N+](=O)[O-])c(C(F)(F)F)c1,1.3508718233949673,PI1070,0.5
*CC(*)OC(=O)c1ccc(C#N)cc1,1.135511977022077,PI1070,0.5
*CC(*)C(=O)O,1.27354699231911,PI1070,0.5
*CC(*)C(=O)OC,1.101289006730286,PI1070,0.5
*CC(*)C(=O)OCC(F)(F)F,1.3868906698836792,PI1070,0.5
*CC(*)C(=O)OCC(F)(F)C(F)(F)F,1.4607608377640273,PI1070,0.5
*CC(*)C(=O)OCC(F)(F)C(F)C(F)(F)F,1.5022781936966225,PI1070,0.5
*CC(*)C(=O)OCC(F)(F)C(F)(F)C(F)(F)F,1.530118417765848,PI1070,0.5
*CC(*)(C)C(=O)OCCO,1.1064595284016894,PI1070,0.5
*CC(*)C(N)=O,1.2335215350623647,PI1070,0.5
*CC(*)C(=O)Oc1ccccc1C(=O)OC,1.1879884719843217,PI1070,0.5
*CC(*)C(=O)Oc1ccccc1C(=O)OCC,1.146085449784567,PI1070,0.5
*CC(*)C(=O)Oc1cccc(C(=O)OC)c1,1.177688590341527,PI1070,0.5
*CC(*)C(=O)Oc1cccc(C(=O)OCC)c1,1.1382548092041058,PI1070,0.5
*CC(*)C(=O)Oc1ccc(C(=O)OC)cc1,1.171640690694247,PI1070,0.5
*CC(*)C(=O)Oc1ccc(C(=O)OCC)cc1,1.1403858547318912,PI1070,0.5
*CC(*)(C)C(=O)OCCO[N+](=O)[O-],1.2343825748942159,PI1070,0.5
*CC(*)(CC(=O)OC)C(=O)OC,1.1014377042722359,PI1070,0.5
*C(*)C(=O)OC,1.122585384140184,PI1070,0.5
*CC(*)C(=O)OCCO,1.19599239480385,PI1070,0.5
*CC(*)(F)F,1.5092833745464729,PI1070,0.5
*CC(*)(Cl)Cl,1.5766246007583067,PI1070,0.5
*C(F)C(*)(F)F,1.761994029343883,PI1070,0.5
*C(F)(F)C(*)(F)F,1.8763944590115693,PI1070,0.5
*C(F)(F)C(*)(F)Cl,1.8542846072563628,PI1070,0.5
*CCC=C(*)Cl,1.1663075377178775,PI1070,0.5
*CC/C=C(/*)Cl,1.1778618873858964,PI1070,0.5
*CC/C=C(\*)Cl,1.1685866096139317,PI1070,0.5
*CCO*,1.077833772526717,PI1070,0.5
*CC(CCl)O*,1.3034983556943658,PI1070,0.5
*Oc1c(OC)cc(*)cc1OC,1.1504613827536136,PI1070,0.5
*C(=O)OCCOC(=O)c1ccc(*)o1,1.2642207201527105,PI1070,0.5
*CCOCCOC(=O)c1cccc(C(=O)O*)c1,1.2161633916147538,PI1070,0.5
*CCOc1ccc(C(=O)OCCOC(=O)c2ccc(O*)cc2)cc1,1.2098916200122198,PI1070,0.5
*CCCCOc1ccc(C(=O)OCCOC(=O)c2ccc(O*)cc2)cc1,1.1656942192084094,PI1070,0.5
*Oc1ccc(NC(=O)c2cccc(C(=O)Nc3ccc(*)cc3)c2)cc1,1.1954600208273,PI1070,0.5
*Oc1ccc(S(=O)(=O)c2ccc(*)cc2)cc1,1.2512219306972117,PI1070,0.5
*CC(O)COc1ccc(C(C)(C)c2ccc(O*)cc2)cc1,1.0763024127865197,PI1070,0.5
*Oc1ccc(Oc2ccc(C(=O)c3ccc(*)cc3)cc2)cc1,1.1695848097095647,PI1070,0.5
*Oc1cccc(S(=O)(=O)c2ccc(*)cc2)c1,1.258568116140868,PI1070,0.5
*Oc1ccc(S(=O)(=O)c2ccc(Oc3ccc(C(c4ccc(*)cc4)(C(F)(F)F)C(F)(F)F)cc3)cc2)cc1,1.2926496661900446,PI1070,0.5
*c1ccc(-c2nc3cc4nc(*)oc4cc3o2)cc1,1.2184725330787258,PI1070,0.5
*CCOCC(=O)O*,1.2387634123662328,PI1070,0.5
*CCOCCOC(=O)c1ccc(-c2ccc(C(=O)O*)cc2)cc1,1.1861222182918731,PI1070,0.5
*Oc1ccc(S(=O)(=O)c2ccc(Oc3ccc(C(=O)c4cccc(C(=O)c5ccc(*)cc5)c4)cc3)cc2)cc1,1.2067773198474399,PI1070,0.5
*CCCCCCOC(=O)Nc1ccc(C)c(NC(=O)OCCCCCCOc2ccc(-c3ccc(O*)cc3)cc2)c1,1.0906795205647235,PI1070,0.5
*CCCSS*,1.2088091836715724,PI1070,0.5
*Oc1ccc(Sc2ccc(OC(*)=O)cc2)cc1,1.2630977311034641,PI1070,0.5
*CCOC(=O)CCC(=O)O*,1.2169202662783731,PI1070,0.5
*CCCCOC(=O)CCC(=O)O*,1.1267314391365542,PI1070,0.5
*CCOC(=O)c1ccc(C(=O)O*)cc1,1.231546465362885,PI1070,0.5
*CCOC(=O)c1cccc(C(=O)O*)c1,1.232106512422504,PI1070,0.5
*CCCCOC(=O)c1ccc(C(=O)O*)cc1,1.1605097854884328,PI1070,0.5
*CCCCCCOC(=O)c1ccc(C(=O)O*)cc1,1.105102153658884,PI1070,0.5
*CCOC(=O)c1ccc2ccc(C(=O)O*)cc2c1,1.2234194877840916,PI1070,0.5
*CCOC(=O)c1ccc2cc(C(=O)O*)ccc2c1,1.2185204430352898,PI1070,0.5
*Oc1ccc(C2(c3ccc(OC(=O)c4cccc(C(*)=O)c4)cc3)c3ccccc3-c3ccccc32)cc1,1.1147918012300817,PI1070,0.5
*CCOC(=O)c1cccc2c(C(=O)O*)cccc12,1.250870267273143,PI1070,0.5
*CCOC(=O)c1ccc(C(=O)O*)c2ccccc12,1.2484261557430332,PI1070,0.5
*CCCOC(=O)c1ccc(C(=O)O*)cc1,1.195945282359542,PI1070,0.5
*Oc1ccc(-c2ccc(OC(=O)CCCCCC(*)=O)cc2)cc1,1.1327935844452082,PI1070,0.5
*Oc1ccc(-c2ccc(OC(=O)CCCCCCC(*)=O)cc2)cc1,1.1193377059727174,PI1070,0.5
*Oc1ccc(-c2ccc(OC(=O)CCCCCCCC(*)=O)cc2)cc1,1.1000422670725913,PI1070,0.5
*Oc1ccc(-c2ccc(OC(=O)CCCCCCCCC(*)=O)cc2)cc1,1.0845379961370594,PI1070,0.5
*Oc1ccc(OC(=O)c2ccc(-c3ccc(C(*)=O)cc3)cc2)cc1C,1.1631917609709999,PI1070,0.5
*Oc1ccc(S(=O)(=O)c2ccc(OC(=O)c3ccc(C(*)=O)cc3)cc2)cc1,1.2652393841364655,PI1070,0.5
*OC(C)CC(*)=O,1.0998768879036147,PI1070,0.5
*OC(C)C(*)=O,1.1151044615671375,PI1070,0.5
*Cc1ccc(-c2ccc(C(=O)O*)cc2)cc1,1.1311705492893616,PI1070,0.5
*CCCCCCCCCCOC(=O)c1ccc(C(=O)NCCNC(=O)c2ccc(C(=O)O*)cc2)cc1,1.0929395488946065,PI1070,0.5
*CCOC(=O)C1CCC(C(=O)O*)CC1,1.1149298942278756,PI1070,0.5
*CCOC(=O)c1ccc(-c2ccc(C(=O)O*)cc2)cc1,1.1869893875186621,PI1070,0.5
*CCCCCCOC(=O)c1ccc(-c2ccc(C(=O)O*)cc2)cc1,1.1062482508231506,PI1070,0.5
*CC(C)(C)COC(=O)CCC(=O)O*,1.0877205368988094,PI1070,0.5
*Oc1ccc(C(C)(C)c2ccc(OC(=O)CCCCC(*)=O)cc2)cc1,1.0963564161287083,PI1070,0.5
*CCCCCCOC(=O)c1ccc2cc(C(=O)O*)ccc2c1,1.118081709053329,PI1070,0.5
*CCCCCOC(=O)c1ccc2cc(C(=O)O*)ccc2c1,1.1392082785349773,PI1070,0.5
*CCCCOC(=O)c1ccc2cc(C(=O)O*)ccc2c1,1.160261180783043,PI1070,0.5
*CCCOC(=O)c1ccc2cc(C(=O)O*)ccc2c1,1.1893260204540013,PI1070,0.5
*CCCCCCNC(=O)Cc1ccc(C(=O)N*)cc1,1.0801651022029581,PI1070,0.5
*CCCCCCNC(=O)c1cccc(C(=O)N*)c1,1.081864799211428,PI1070,0.5
*CCCNC(=O)Cc1ccc(C(=O)N*)cc1,1.147651362138061,PI1070,0.5
*Cc1cccc(CNC(=O)CCCCC(=O)N*)c1,1.1117924533764114,PI1070,0.5
*NC(=O)c1ccc(C(=O)Nc2ccc(*)cc2)cc1,1.2260200114053994,PI1070,0.5
*NC(=O)c1ccc(C(=O)Nc2ccc(-c3ccc(*)cc3)cc2)cc1,1.1807666175169433,PI1070,0.5
*CCCCCCNC(=O)c1ccc(C(=O)N*)cc1,1.0897511817530954,PI1070,0.5
*c1ccc(NC(=O)CCCCC(=O)Nc2ccc(S(*)(=O)=O)cc2)cc1,1.2246470930697644,PI1070,0.5
*CC(=O)N*,1.3384338350824583,PI1070,0.5
*NC(CCC(=O)OC)C(*)=O,1.1854025799492538,PI1070,0.5
*CCCC(=O)N*,1.0998539939719603,PI1070,0.5
*CCCCCCNC(=O)c1ccc(-c2ccc(C(=O)N*)cc2)cc1,1.0921937545188403,PI1070,0.5
*NC(CCC(=O)OCc1ccccc1)C(*)=O,1.154954644778216,PI1070,0.5
*NC(C)C(*)=O,1.1291532420379404,PI1070,0.5
*NC(CCC(=O)OCC)C(*)=O,1.1350491099893096,PI1070,0.5
*NC(CCC(=O)OCCC)C(*)=O,1.099262781752092,PI1070,0.5
*CCCCN(C)C(=O)c1ccc(C(=O)N(*)C)cc1,1.0740752403823497,PI1070,0.5
*CCCCOC(=O)NCCCCCCNC(=O)O*,1.080254594330105,PI1070,0.5
*CCCCOC(=O)NCC(F)(F)C(F)(F)C(F)(F)C(F)(F)CNC(=O)O*,1.4502144369893544,PI1070,0.5
*CCCCCCOC(=O)Nc1ccc(Cc2ccc(NC(=O)O*)cc2)cc1,1.1232005760138377,PI1070,0.5
*Cc1cccc(COC(=O)Nc2ccc(Cc3ccc(NC(=O)O*)cc3)cc2)c1,1.1729579618226071,PI1070,0.5
*CCOC(=O)Nc1ccc(NC(=O)O*)cc1,1.2870407161040143,PI1070,0.5
*CCOC(=O)Nc1cccc(NC(=O)O*)c1,1.3010207160778422,PI1070,0.5
*CCCCCCOC(=O)Nc1ccc(NC(=O)O*)cc1,1.1556616660426573,PI1070,0.5
*CCOC(=O)Nc1ccc(-c2ccc(NC(=O)O*)cc2)cc1,1.2333364006857113,PI1070,0.5
*CCOC(=O)Nc1cccc2c(NC(=O)O*)cccc12,1.2497494763177013,PI1070,0.5
*CCCCCCNC(=O)NCc1ccc(CNC(=O)N*)cc1,1.0904159822449373,PI1070,0.5
*NC(=O)NCCCCCCNC(=O)Nc1ccc(Cc2ccc(*)cc2)cc1,1.094983322103492,PI1070,0.5
*c1ccc(Oc2ccc(-n3c(=O)c4cc5c(=O)n(*)c(=O)c5cc4c3=O)cc2)cc1,1.256436116164628,PI1070,0.5
*c1ccc(Oc2ccc(Oc3ccc(-n4c(=O)c5cc6c(=O)n(*)c(=O)c6cc5c4=O)cc3)cc2)cc1,1.2443569787566924,PI1070,0.5
*C(=O)Oc1ccc(OC(=O)c2ccc3c(c2)C(=O)N(c2ccc(Oc4ccc(N5C(=O)c6ccc(*)cc6C5=O)cc4)cc2)C3=O)cc1,1.2681212765960046,PI1070,0.5
*c1ccc(Sc2ccc(-n3c(=O)c4cc5c(=O)n(*)c(=O)c5cc4c3=O)cc2)cc1,1.2627655672488616,PI1070,0.5
*CCCCCCCCCn1c(=O)c2cc3c(=O)n(*)c(=O)c3cc2c1=O,1.1422194015386642,PI1070,0.5
*c1ccc2c(c1)Cc1cc(-n3c(=O)c4cc5c(=O)n(*)c(=O)c5cc4c3=O)ccc1-2,1.1858300238169794,PI1070,0.5
*c1ccc(Oc2ccc(N3C(=O)c4ccc(Oc5ccc6c(c5)C(=O)N(*)C6=O)cc4C3=O)cc2)cc1,1.2394263010001048,PI1070,0.5
*C(=O)Nc1ccc(NC(=O)c2ccc3c(c2)C(=O)N(c2ccc(S(=O)(=O)c4ccc(N5C(=O)c6ccc(*)cc6C5=O)cc4)cc2)C3=O)cc1,1.2625196571083963,PI1070,0.5
*c1ccc2c(c1)C(=O)N(c1ccc(Cc3ccc(N4C(=O)c5ccc(C(F)(F)C(F)(F)C(*)(F)F)cc5C4=O)cc3)cc1)C2=O,1.297517503336732,PI1070,0.5
*c1ccc2c(c1)C(=O)N(c1ccc(Oc3ccc(N4C(=O)c5ccc(C(F)(F)C(F)(F)C(*)(F)F)cc5C4=O)cc3)cc1)C2=O,1.3277536881465943,PI1070,0.5
*C(=O)Nc1ccc(Oc2ccc(NC(=O)c3ccc4c(c3)C(=O)N(c3ccc(S(=O)(=O)c5ccc(N6C(=O)c7ccc(*)cc7C6=O)cc5)cc3)C4=O)cc2)cc1,1.24933436921444,PI1070,0.5
*c1ccc(-c2ccc(-c3ccc(-n4c(=O)c5cc6c(=O)n(*)c(=O)c6cc5c4=O)cc3)cc2)cc1,1.0826957763845027,PI1070,0.5
*c1ccc(-n2c(=O)c3cc4c(=O)n(*)c(=O)c4cc3c2=O)cc1,1.2364952519775914,PI1070,0.5
*c1ccc(-c2ccc(-n3c(=O)c4cc5c(=O)n(*)c(=O)c5cc4c3=O)c(OC)c2)cc1OC,1.0753275488075542,PI1070,0.5
*c1ccc(-n2c(=O)c3cc4c(=O)n(*)c(=O)c4cc3c2=O)c(C)c1,1.1313041355532936,PI1070,0.5
*c1ccc(Oc2cccc(Oc3ccc(-n4c(=O)c5cc6c(=O)n(*)c(=O)c6cc5c4=O)cc3)c2)cc1,1.2697997832695451,PI1070,0.5
*c1ccc(Oc2ccc(C(C)(C)c3ccc(Oc4ccc(-n5c(=O)c6cc7c(=O)n(*)c(=O)c7cc6c5=O)cc4)cc3)cc2)cc1,1.1703746518321705,PI1070,0.5
*c1ccc(Cc2ccc(N3C(=O)c4ccc(-c5ccc6c(c5)C(=O)N(*)C6=O)cc4C3=O)cc2)cc1,1.1829004701299461,PI1070,0.5
*c1ccc2c(c1)Cc1cc(N3C(=O)c4ccc(-c5ccc6c(c5)C(=O)N(*)C6=O)cc4C3=O)ccc1-2,1.1962006659191071,PI1070,0.5
*c1ccc(N2C(=O)c3ccc(-c4ccc5c(c4)C(=O)N(*)C5=O)cc3C2=O)cc1,1.2405043411531431,PI1070,0.5
*c1cccc(N2C(=O)c3ccc(-c4ccc5c(c4)C(=O)N(*)C5=O)cc3C2=O)c1,1.2102474851809337,PI1070,0.5
*c1ccc(C)c(N2C(=O)c3ccc(-c4ccc5c(c4)C(=O)N(*)C5=O)cc3C2=O)c1,1.1563156784046014,PI1070,0.5
*c1cccc(N2C(=O)c3ccc(-c4ccc5c(c4)C(=O)N(*)C5=O)cc3C2=O)c1C,1.1271004889200142,PI1070,0.5
*c1ccc(-c2ccc(N3C(=O)c4ccc(-c5ccc6c(c5)C(=O)N(*)C6=O)cc4C3=O)c(C)c2)cc1C,1.1029889741822685,PI1070,0.5
*c1ccc(-c2ccc(-c3ccc(N4C(=O)c5ccc(-c6ccc7c(c6)C(=O)N(*)C7=O)cc5C4=O)cc3)cc2)cc1,1.1608007511232783,PI1070,0.5
*c1ccc(Oc2ccc(-c3ccc(Oc4ccc(N5C(=O)c6ccc(-c7ccc8c(c7)C(=O)N(*)C8=O)cc6C5=O)cc4)cc3)cc2)cc1,1.1797355891321608,PI1070,0.5
*c1ccc(Oc2ccc(C(C)(C)c3ccc(Oc4ccc(N5C(=O)c6ccc(-c7ccc8c(c7)C(=O)N(*)C8=O)cc6C5=O)cc4)cc3)cc2)cc1,1.1572191758938808,PI1070,0.5
*c1cccc(Oc2ccc(S(=O)(=O)c3ccc(Oc4cccc(N5C(=O)c6ccc(-c7ccc8c(c7)C(=O)N(*)C8=O)cc6C5=O)c4)cc3)cc2)c1,1.2425762365392519,PI1070,0.5
*CCCCCCN1C(=O)c2ccc(Oc3ccc4c(c3)C(=O)N(*)C4=O)cc2C1=O,1.1984171005314055,PI1070,0.5
*c1ccc(N2C(=O)c3ccc(Oc4ccc5c(c4)C(=O)N(*)C5=O)cc3C2=O)cc1,1.2545052156154624,PI1070,0.5
*c1ccc(-c2ccc(N3C(=O)c4ccc(Oc5ccc6c(c5)C(=O)N(*)C6=O)cc4C3=O)cc2)cc1,1.2066540538658694,PI1070,0.5
*c1ccc(Oc2ccc(Oc3ccc(N4C(=O)c5ccc(Oc6ccc7c(c6)C(=O)N(*)C7=O)cc5C4=O)cc3)cc2)cc1,1.2207492923866416,PI1070,0.5
*c1ccc(Oc2ccc(N3C(=O)c4ccc(C(c5ccc6c(c5)C(=O)N(*)C6=O)(C(F)(F)F)C(F)(F)F)cc4C3=O)cc2)cc1,1.2710870608305367,PI1070,0.5
*c1ccc(Oc2ccc(Oc3ccc(N4C(=O)c5ccc(C(c6ccc7c(c6)C(=O)N(*)C7=O)(C(F)(F)F)C(F)(F)F)cc5C4=O)cc3)cc2)cc1,1.261045972901818,PI1070,0.5
*c1ccc2c(c1)C(=O)N(c1ccc(Oc3cccc(Oc4ccc(N5C(=O)c6ccc(C(*)(C(F)(F)F)C(F)(F)F)cc6C5=O)cc4)c3)cc1)C2=O,1.2764915862187132,PI1070,0.5
*C(=O)c1ccc2c(c1)C(=O)N(c1cccc(C(=O)c3cccc(N4C(=O)c5ccc(*)cc5C4=O)c3)c1)C2=O,1.2316654723526428,PI1070,0.5
*C(=O)c1ccc2c(c1)C(=O)N(c1cccc(C(=O)Nc3cccc(N4C(=O)c5ccc(*)cc5C4=O)c3)c1)C2=O,1.2474889080878133,PI1070,0.5
*C(=O)c1ccc2c(c1)C(=O)N(c1cccc(C(=O)Nc3ccc(N4C(=O)c5ccc(*)cc5C4=O)cc3)c1)C2=O,1.2462540768278514,PI1070,0.5
*C(=O)c1ccc2c(c1)C(=O)N(c1ccc(C(=O)Nc3cccc(N4C(=O)c5ccc(*)cc5C4=O)c3)cc1)C2=O,1.2501847117222442,PI1070,0.5
*C(=O)c1ccc2c(c1)C(=O)N(c1cccc(C(=O)N(C)c3ccc(N4C(=O)c5ccc(*)cc5C4=O)cc3)c1)C2=O,1.219545841457315,PI1070,0.5
*c1cccc(N2C(=O)c3ccc(C(=O)c4ccc5c(c4)C(=O)N(*)C5=O)cc3C2=O)c1,1.232418982264677,PI1070,0.5
*C(=O)c1ccc2c(c1)C(=O)N(c1ccc(C)c(N3C(=O)c4ccc(*)cc4C3=O)c1)C2=O,1.1896461179876523,PI1070,0.5
*C(=O)c1ccc2c(c1)C(=O)N(c1ccc(N3C(=O)c4ccc(*)cc4C3=O)c(C)c1)C2=O,1.1916644803635803,PI1070,0.5
*C(=O)c1ccc2c(c1)C(=O)N(c1ccc(-c3ccc(N4C(=O)c5ccc(*)cc5C4=O)c(C)c3)cc1C)C2=O,1.1177159480209045,PI1070,0.5
*C(=O)c1ccc2c(c1)C(=O)N(c1ccc(-c3ccc(-c4ccc(N5C(=O)c6ccc(*)cc6C5=O)cc4)cc3)cc1)C2=O,1.1745337808970333,PI1070,0.5
*C(=O)c1ccc2c(c1)C(=O)N(c1ccc(Sc3ccc(N4C(=O)c5ccc(*)cc5C4=O)cc3)cc1)C2=O,1.2382443986940104,PI1070,0.5
*C(=O)c1ccc2c(c1)C(=O)N(c1ccc(Cc3ccc(N4C(=O)c5ccc(*)cc5C4=O)cc3)cc1)C2=O,1.2019388238478221,PI1070,0.5
*C(=O)c1ccc2c(c1)C(=O)N(c1ccc(Cc3ccc(N4C(=O)c5ccc(*)cc5C4=O)c(C)c3)cc1C)C2=O,1.1254330388458444,PI1070,0.5
*C(=O)c1ccc2c(c1)C(=O)N(c1ccc(N3C(=O)c4ccc(*)cc4C3=O)nc1)C2=O,1.2520632330877484,PI1070,0.5
*C(=O)c1ccc2c(c1)C(=O)N(c1cccc(OCCOCCOc3cccc(N4C(=O)c5ccc(*)cc5C4=O)c3)c1)C2=O,1.2478785648773127,PI1070,0.5
*C(=O)c1ccc2c(c1)C(=O)N(c1ccc(Oc3ccc(-c4ccc(Oc5ccc(N6C(=O)c7ccc(*)cc7C6=O)cc5)cc4)cc3)cc1)C2=O,1.1990438671899915,PI1070,0.5
*c1ccc(Oc2ccc(C(C)(C)c3ccc(Oc4ccc(N5C(=O)c6ccc(C(=O)c7ccc8c(c7)C(=O)N(*)C8=O)cc6C5=O)cc4)cc3)cc2)cc1,1.174120112869105,PI1070,0.5
*C(=O)c1ccc2c(c1)C(=O)N(c1ccc(Oc3ccc(C(c4ccc(Oc5ccc(N6C(=O)c7ccc(*)cc7C6=O)cc5)cc4)(C(F)(F)F)C(F)(F)F)cc3)cc1)C2=O,1.261075155138649,PI1070,0.5
*c1cccc(S(=O)(=O)c2cccc(N3C(=O)c4ccc(Oc5ccc(S(=O)(=O)c6ccc(Oc7ccc8c(c7)C(=O)N(*)C8=O)cc6)cc5)cc4C3=O)c2)c1,1.2674496715874641,PI1070,0.5
*c1cccc(N2C(=O)c3ccc(Oc4ccc(C(C)(C)c5ccc(Oc6ccc7c(c6)C(=O)N(*)C7=O)cc5)cc4)cc3C2=O)c1,1.173848718856194,PI1070,0.5
*c1cccc(N2C(=O)c3ccc(Oc4ccc(S(=O)(=O)c5ccc(Oc6ccc7c(c6)C(=O)N(*)C7=O)cc5)cc4)cc3C2=O)c1,1.2550763705994976,PI1070,0.5
*c1ccc(Oc2ccc(N3C(=O)c4ccc(Oc5ccc(S(=O)(=O)c6ccc(Oc7ccc8c(c7)C(=O)N(*)C8=O)cc6)cc5)cc4C3=O)cc2)cc1,1.245246381598676,PI1070,0.5
*c1ccc2c(c1)C(=O)N(c1ccc(Cc3ccc(N4C(=O)c5ccc(C(*)(C(F)(F)F)C(F)(F)F)cc5C4=O)cc3)cc1)C2=O,1.2454620366114413,PI1070,0.5
*C(=O)NCCNC(=O)c1ccc(N2C(=O)c3ccc(*)cc3C2=O)cc1,1.259404074804482,PI1070,0.5
*C(=O)NCCCCCCNC(=O)c1ccc(N2C(=O)c3ccc(*)cc3C2=O)cc1,1.180029268085313,PI1070,0.5
*C(=O)Nc1ccc(Cc2ccc(NC(=O)c3ccc(N4C(=O)c5ccc(*)cc5C4=O)cc3)cc2)cc1,1.200937378430039,PI1070,0.5
*C(=O)NC1CCC(CC2CCC(NC(=O)c3ccc(N4C(=O)c5ccc(*)cc5C4=O)cc3)CC2)CC1,1.1051365236734592,PI1070,0.5
*c1ccc(Cc2ccc(N3C(=O)c4ccc(Oc5ccc6c(c5)C(=O)N(*)C6=O)cc4C3=O)cc2)cc1,1.2028398735272072,PI1070,0.5
*c1ccc(Oc2ccc(N3C(=O)c4ccc(Oc5ccc(C(c6ccc(Oc7ccc8c(c7)C(=O)N(*)C8=O)cc6)(C(F)(F)F)C(F)(F)F)cc5)cc4C3=O)cc2)cc1,1.272460818133273,PI1070,0.5
*C(=O)Nc1ccccc1NC(=O)c1ccc(N2C(=O)c3ccc(*)cc3C2=O)cc1,1.2552810548836433,PI1070,0.5
*C(=O)Nc1cccc(/C=C/C(=O)/C=C/c2cccc(NC(=O)c3ccc(N4C(=O)c5ccc(*)cc5C4=O)cc3)c2)c1,1.172004404646945,PI1070,0.5
*c1ccc2c(c1)C(=O)N(c1ccc(Oc3ccc(N4C(=O)c5ccc(C(C)(C)CCCCC(*)(C)C)cc5C4=O)cc3)cc1)C2=O,1.099228279476821,PI1070,0.5
*C(=O)c1ccc2c(c1)C(=O)N(c1ccc(Oc3cccc4c(Oc5ccc(N6C(=O)c7ccc(*)cc7C6=O)cc5)cccc34)cc1)C2=O,1.2079442984093385,PI1070,0.5
*c1ccc(Oc2cc3ccccc3cc2Oc2ccc(N3C(=O)c4ccc(Oc5ccc6c(c5)C(=O)N(*)C6=O)cc4C3=O)cc2)cc1,1.2271482257391546,PI1070,0.5
*C(=O)c1ccc2c(c1)C(=O)N(c1ccc(Oc3cc4ccccc4cc3Oc3ccc(N4C(=O)c5ccc(*)cc5C4=O)cc3)cc1)C2=O,1.2197421656810548,PI1070,0.5
*c1ccc(Oc2cc3ccccc3cc2Oc2ccc(N3C(=O)c4ccc(S(=O)(=O)c5ccc6c(c5)C(=O)N(*)C6=O)cc4C3=O)cc2)cc1,1.243422829357625,PI1070,0.5
*CC(F)(F)C(F)(F)C(F)(F)C(F)(F)COC(=O)O*,1.648119213551953,PI1070,0.5
*Oc1ccc(C(C)(C)c2ccc(OC(*)=O)cc2)cc1,1.1131064495720175,PI1070,0.5
*Oc1c(Cl)cc(C(C)(C)c2cc(Cl)c(OC(*)=O)c(Cl)c2)cc1Cl,1.2891189165746417,PI1070,0.5
*Oc1ccc(C2(c3ccc(OC(*)=O)cc3)CCCC2)cc1,1.1158818524309453,PI1070,0.5
*Oc1ccc(C2(c3ccc(OC(*)=O)cc3)CCCCC2)cc1,1.0866787559168531,PI1070,0.5
*Oc1ccc(C(c2ccccc2)(c2ccccc2)c2ccc(OC(*)=O)cc2)cc1,1.0777697060378293,PI1070,0.5
*Oc1ccc(C(c2ccc(OC(*)=O)cc2)(C(F)(F)F)C(F)(F)F)cc1,1.353249020883147,PI1070,0.5
*Oc1ccc(C(C#N)(c2ccccc2)c2ccc(OC(*)=O)cc2)cc1,1.1290305001640535,PI1070,0.5
*Oc1ccc(C(=O)CCCCCCCCC(=O)c2ccc(OC(*)=O)cc2)cc1,1.1124074320537192,PI1070,0.5
*Oc1ccc(S(=O)(=O)c2ccc(OC(*)=O)cc2)cc1,1.3074104721172908,PI1070,0.5
*Cc1ccc(COC(=O)O*)cc1,1.194668376405958,PI1070,0.5
*Oc1ccc(C(=C(Cl)Cl)c2ccc(OC(*)=O)cc2)cc1,1.2796239152929823,PI1070,0.5
*Oc1ccc(OC(=O)Oc2ccc(-c3ccc(OC(*)=O)cc3)cc2)cc1,1.2423068856579864,PI1070,0.5
*Oc1ccc2ccc(OC(=O)Oc3ccc(OC(*)=O)cc3)cc2c1,1.2773512057286136,PI1070,0.5
*Oc1cccc2c(OC(=O)Oc3ccc(OC(*)=O)cc3)cccc12,1.2663396450734372,PI1070,0.5
*N=P(*)(OCC(F)(F)F)OCC(F)(F)F,1.6172777307581072,PI1070,0.5
*OS(=O)(=O)c1ccc(*)cc1,1.401843144260765,PI1070,0.5
*CCc1ccc(*)c(Cl)c1,1.1683016983604941,PI1070,0.5
*/C=C/C(C(=O)OCc1ccc(Cl)cc1)C(*)C(=O)OCc1ccc(Cl)cc1,1.228997283567094,PI1070,0.5
*CC(*)C(=O)OCC(C)O,1.1192090508612988,PI1070,0.5
*CC(*)C(=O)n1c2ccccc2c2ccccc21,1.1380089188040428,PI1070,0.5
*CC(*)C(=O)OC(OCC)C(F)(F)F,1.2567609918626736,PI1070,0.5
*CC(*)(C)C(=O)OCCCCCCN(C)c1ccc(/N=N/c2ccc(S(C)(=O)=O)cc2)cc1,1.1025813101977227,PI1070,0.5
*CC(*)(C)C(=O)OCC(=O)c1ccccc1,1.1202495615483623,PI1070,0.5
*CC(*)(C)C(=O)OCc1ccc(Cl)c(Cl)c1,1.2437827353867053,PI1070,0.5
*CC(*)(C)C(=O)OCc1cccc(Cl)c1,1.164065873884324,PI1070,0.5
*CC(*)(C)C(=O)OCc1ccc(Cl)cc1,1.1591980525299586,PI1070,0.5
*CC(*)(C)C(=O)OCc1ccc(Cl)cc1Cl,1.2395703565864358,PI1070,0.5
*CC(*)(C)C(=O)OCc1cc(Cl)ccc1Cl,1.240017555661838,PI1070,0.5
*CC(*)(C)C(=O)OCc1c(Cl)cccc1Cl,1.2434716750092618,PI1070,0.5
*CC(*)(C)C(=O)OCc1cc(Cl)cc(Cl)c1,1.239681016347049,PI1070,0.5
*Oc1cc(C)c(*)c(C)c1Br,1.389366754943516,PI1070,0.5
*Oc1ccc2[nH]c(-c3ccc4sc5ccc(-c6nc7cc(*)ccc7[nH]6)cc5c4c3)nc2c1,1.2209491254669036,PI1070,0.5
*OC(F)(F)C(F)(F)C(*)(F)F,1.8142101286583991,PI1070,0.5
*c1ccc(Oc2ccc(C(=O)c3ccc(Oc4ccc(C5(*)OC(=O)c6ccccc65)cc4)cc3)cc2)cc1,1.1581405808891745,PI1070,0.5
*Oc1cccc(Oc2cccc(*)c2)c1C#N,1.179365377626021,PI1070,0.5
*C(=O)Oc1ccc(C(C)(C)c2ccc(OC(=O)c3ccc4c(c3)C(=O)n3c-4nc4ccc(Oc5ccc6c(c5)nc5n6C(=O)c6ccc(*)cc6-5)cc43)cc2)cc1,1.2047126701760225,PI1070,0.5
*Oc1ccc(NC(=O)c2ccc(C(c3ccc(C(=O)O)c(C(=O)Nc4cc(*)ccc4N)c3)(C(F)(F)F)C(F)(F)F)cc2C(=O)O)c(N)c1,1.3372201507285404,PI1070,0.5
*Oc1ccc(S(=O)(=O)c2ccc(Oc3ccc(C(C)(C)c4ccc(*)cc4)cc3[N+](=O)[O-])cc2)cc1,1.1797101664549623,PI1070,0.5
*Oc1ccc(S(=O)(=O)c2ccc(Oc3ccc(C(C)(C)c4ccc(*)cc4)cc3)c([N+](=O)[O-])c2)cc1[N+](=O)[O-],1.2135109625794414,PI1070,0.5
*CC(=C)COCC(=C)COC(=O)O*,1.1269460735705168,PI1070,0.5
*Oc1ccc(SC(=O)Sc2ccc(*)cc2)cc1,1.2438515070004992,PI1070,0.5
*Oc1ccc(SC(=O)Oc2ccc(C(C)(C)c3ccc(OC(=O)Sc4ccc(*)cc4)cc3)cc2)cc1,1.1806244688534813,PI1070,0.5
*Oc1ccc(NC(=O)c2cc(C(c3ccc(C(=O)O)c(C(=O)Nc4ccc(Oc5ccc(C(c6ccc(*)cc6)(C(F)(F)F)C(F)(F)F)cc5)cc4)c3)(C(F)(F)F)C(F)(F)F)ccc2C(=O)O)cc1,1.313821210230424,PI1070,0.5
*Oc1ccc(S(=O)(=O)c2ccc(Oc3ccc(C(=O)c4cc(Br)cc(C(=O)c5ccc(*)cc5)c4)cc3)cc2)cc1,1.3084025438050066,PI1070,0.5
*Oc1ccc(S(=O)(=O)c2ccc(Oc3ccc(C(=O)c4cc(I)cc(C(=O)c5ccc(*)cc5)c4)cc3)cc2)cc1,1.4018943962674513,PI1070,0.5
*Oc1ccc(S(=O)(=O)c2ccc(Oc3ccc(C(=O)c4cc(C(=O)c5ccc(*)cc5)cc(C(C)(C)C)c4)cc3)cc2)cc1,1.1335789711589976,PI1070,0.5
*Oc1ccc(C(c2ccc(Oc3ccc(C(=O)c4cccc(C(=O)c5ccc(*)cc5)c4)cc3)cc2)(C(F)(F)F)C(F)(F)F)cc1,1.2472135975790708,PI1070,0.5
*Oc1ccc(C(=O)Nc2cccc(C(O)Cc3ccc(NC(=O)c4ccc(*)cc4)cc3)c2)cc1,1.183817950733248,PI1070,0.5
*Oc1cc(C(C)(C)C)c(Oc2ccc(C(=O)Nc3ccc(C(c4ccc(NC(=O)c5ccc(*)cc5)cc4)(C(F)(F)F)C(F)(F)F)cc3)cc2)cc1C(C)(C)C,1.107074330402396,PI1070,0.5
*Oc1ccc(Oc2ccc(C(=O)c3ccc(C(=O)c4ccc(*)cc4)c4ccccc34)cc2)cc1,1.1442283299762976,PI1070,0.5
*Oc1ccc(S(=O)(=O)c2ccc(Oc3ccc(C(C)(C)c4ccc(*)c(C(O)(C(F)(F)F)C(F)(F)F)c4)cc3C(O)(C(F)(F)F)C(F)(F)F)cc2)cc1,1.3150582425452508,PI1070,0.5
*Oc1ccc(S(=O)(=O)c2ccc(Oc3c(C)cc(C(C)(C)c4cc(C)c(*)c(C)c4)cc3C)cc2C(O)(C(F)(F)F)C(F)(F)F)c(C(O)(C(F)(F)F)C(F)(F)F)c1,1.2328030742347469,PI1070,0.5
*Oc1ccc2c(c1)nc1n2C(=O)c2ccc(-c3ccc4c(c3)C(=O)n3c-4nc4ccc(*)cc43)cc2-1,1.2363681139160954,PI1070,0.5
*Oc1ccc2c(c1)nc1c3cc4c(=O)n5c6cc(*)ccc6nc5c4cc3c(=O)n21,1.2770906403134248,PI1070,0.5
*c1ccc2c(c1)-c1nc3cc(Oc4ccc5nc6n(c5c4)C(=O)c4cc(C(*)(C(F)(F)F)C(F)(F)F)ccc4-6)ccc3n1C2=O,1.301195680199192,PI1070,0.5
*Cc1ccc2[nH]c(-c3ccc4sc5ccc(-c6nc7cc(*)ccc7[nH]6)cc5c4c3)nc2c1,1.1776991593529589,PI1070,0.5
*Oc1ccc(C(C)(c2ccccc2)c2ccc(OC(=O)c3cccc(C(*)=O)c3)cc2)cc1,1.1162659592063169,PI1070,0.5
*Oc1ccc(C(c2ccccc2)(c2ccccc2)c2ccc(OC(=O)c3cccc(C(*)=O)c3)cc2)cc1,1.0931648628862538,PI1070,0.5
*Oc1ccc(C(C)(C)c2ccc(OC(=O)c3ccc(C(=O)c4ccc(C(*)=O)cc4)cc3)cc2)cc1,1.134268716610301,PI1070,0.5
*CCCCCCS(=O)(=O)c1ccc(/N=N/c2ccc(N(C)CCCCCC(=O)O*)cc2)cc1,1.1018529456102333,PI1070,0.5
*CCCS(=O)(=O)c1ccc(/N=N/c2ccc(N(CCCC)CC(=O)O*)cc2)cc1,1.149821879587415,PI1070,0.5
*Oc1cccc2ccc(OC(=O)c3ccccc3/C=C/c3ccc(/C=C/c4ccccc4C(*)=O)cc3)cc12,1.1330497201141037,PI1070,0.5
*Oc1ccc2ccc(OC(=O)c3ccccc3/C=C/c3ccc(/C=C/c4ccccc4C(*)=O)cc3)cc2c1,1.145566024524955,PI1070,0.5
*Oc1ccc(OC(=O)c2ccccc2/C=C/c2ccc(/C=C/c3ccccc3C(*)=O)cc2)cc1,1.1422678958111385,PI1070,0.5
*c1ccc2c(c1)-c1nc3cc(-c4ccc5nc6n(c5c4)C(=O)c4cc(C(*)(C(F)(F)F)C(F)(F)F)ccc4-6)ccc3n1C2=O,1.2484079896377476,PI1070,0.5
*CC(C)CNC(=O)O*,1.0983129318239957,PI1070,0.5
*C(=O)Nc1ccc(Oc2ccc(N3C(=O)c4ccc(*)cc4C3=O)cc2)cc1,1.2346370089404268,PI1070,0.5
*c1ccc(S(=O)(=O)c2ccc(-n3c(=O)c4cc5c(=O)n(*)c(=O)c5cc4c3=O)cc2)cc1,1.2737892228485728,PI1070,0.5
*C(=O)Oc1ccc(C(C)(C)c2ccc(OC(=O)c3ccc4c(c3)C(=O)N(c3ccc(-c5ccc(N6C(=O)c7ccc(*)cc7C6=O)c(C)c5)cc3C)C4=O)cc2)cc1,1.1326716923956435,PI1070,0.5
*C(=O)Oc1ccc(C(C)(C)c2ccc(OC(=O)c3ccc4c(c3)C(=O)N(c3ccc(Oc5ccc(N6C(=O)c7ccc(*)cc7C6=O)cc5)cc3)C4=O)cc2)cc1,1.1952311051992397,PI1070,0.5
*C(=O)Oc1ccc(C(C)(C)c2ccc(OC(=O)c3ccc4c(c3)C(=O)N(c3ccc(-c5ccc(N6C(=O)c7ccc(*)cc7C6=O)cc5)cc3)C4=O)cc2)cc1,1.1805127332409386,PI1070,0.5
*c1ccc2c(c1)C(=O)N(c1ccc3c(c1)-c1cc(N4C(=O)c5ccc(C(*)(C(F)(F)F)C(F)(F)F)cc5C4=O)ccc1C3)C2=O,1.2326315113847262,PI1070,0.5
*C(=O)Nc1ccc(NC(=O)c2ccc(N3C(=O)c4ccc(*)cc4C3=O)cc2)cc1,1.2702644901078137,PI1070,0.5
*c1ccc(Oc2ccc(C(c3ccc(Oc4ccc(N5C(=O)c6ccc(Oc7ccc8c(c7)C(=O)N(*)C8=O)cc6C5=O)cc4)cc3)(C(F)(F)F)C(F)(F)F)cc2)cc1,1.2657428591509583,PI1070,0.5
*c1cccc(Oc2cccc(Oc3cccc(-n4c(=O)c5cc6c(=O)n(*)c(=O)c6cc5c4=O)c3)c2)c1,1.2657626824630233,PI1070,0.5
*c1ccc(Oc2ccc(S(=O)(=O)c3ccc(Oc4ccc(N5C(=O)c6ccc(C(=O)c7ccc8c(c7)C(=O)N(*)C8=O)cc6C5=O)cc4)cc3)cc2)cc1,1.2396346204793474,PI1070,0.5
*c1ccc(Oc2cccc(Oc3ccc(N4C(=O)c5ccc(C(=O)c6ccc7c(c6)C(=O)N(*)C7=O)cc5C4=O)cc3)c2)cc1,1.2396566754439007,PI1070,0.5
*c1ccc(Oc2ccc(S(=O)(=O)c3ccc(Oc4ccc(-n5c(=O)c6cc7c(=O)n(*)c(=O)c7cc6c5=O)cc4)cc3)cc2)cc1,1.2575512692611517,PI1070,0.5
*C(=O)c1ccc2c(c1)C(=O)N(c1ccc(C3(c4ccc(N5C(=O)c6ccc(*)cc6C5=O)cc4)c4ccccc4-c4ccccc43)cc1)C2=O,1.107762531167213,PI1070,0.5
*c1ccc2c(c1)C(=O)N(c1c(CC)cc(Cc3cc(CC)c(N4C(=O)c5ccc(C(*)(C(F)(F)F)C(F)(F)F)cc5C4=O)c(CC)c3)cc1CC)C2=O,1.10029086486884,PI1070,0.5
*c1ccc(S(=O)(=O)c2ccc(N3C(=O)c4ccc(C(=O)c5ccc6c(c5)C(=O)N(*)C6=O)cc4C3=O)cc2)cc1,1.2657378835825397,PI1070,0.5
*c1ccc2c(c1)C(=O)N(c1ccc(Oc3ccc(-c4ccc(Oc5ccc(N6C(=O)c7ccc(C(*)(C(F)(F)F)C(F)(F)F)cc7C6=O)cc5)cc4)cc3)cc1)C2=O,1.2274736502203862,PI1070,0.5
*c1ccc(Oc2ccc(S(=O)(=O)c3ccc(Oc4ccc(N5C(=O)c6ccc(C(c7ccc8c(c7)C(=O)N(*)C8=O)(C(F)(F)F)C(F)(F)F)cc6C5=O)cc4)cc3)cc2)cc1,1.2766280387890696,PI1070,0.5
*c1ccc(C(C)(C)c2ccc(N3C(=O)c4ccc(Oc5ccc6c(c5)C(=O)N(*)C6=O)cc4C3=O)cc2)cc1,1.1596571047299669,PI1070,0.5
*C(=O)c1ccc2c(c1)C(=O)N(c1ccc(C(=O)Nc3ccc(N4C(=O)c5ccc(*)cc5C4=O)cc3)cc1)C2=O,1.2484302094346609,PI1070,0.5
*c1ccc2c(c1)C(=O)N(c1cc(C(c3ccc(O)c(N4C(=O)c5ccc(C(*)(C(F)(F)F)C(F)(F)F)cc5C4=O)c3)(C(F)(F)F)C(F)(F)F)ccc1O)C2=O,1.3028922276264627,PI1070,0.5
*c1ccc(Oc2c(C)cc(Cc3cc(C)c(Oc4ccc(-n5c(=O)c6cc7c(=O)n(*)c(=O)c7cc6c5=O)cc4)c(C)c3)cc2C)cc1,1.0990852622356546,PI1070,0.5
*c1ccc(Oc2c(C)cc(Cc3cc(C)c(Oc4ccc(N5C(=O)c6ccc(-c7ccc8c(c7)C(=O)N(*)C8=O)cc6C5=O)cc4)c(C)c3)cc2C)cc1,1.1045550424849413,PI1070,0.5
*C(=O)c1ccc2c(c1)C(=O)N(c1ccc(Oc3c(C)cc(Cc4cc(C)c(Oc5ccc(N6C(=O)c7ccc(*)cc7C6=O)cc5)c(C)c4)cc3C)cc1)C2=O,1.1216037472291638,PI1070,0.5
*c1ccc2c(c1)C(=O)N(c1ccc(Oc3c(C)cc(Cc4cc(C)c(Oc5ccc(N6C(=O)c7ccc(C(*)(C(F)(F)F)C(F)(F)F)cc7C6=O)cc5)c(C)c4)cc3C)cc1)C2=O,1.1595828383751718,PI1070,0.5
*c1ccc2c(c1)C(=O)N(c1c(C)cc(C(c3cc(C)c(N4C(=O)c5ccc(C(*)(C(F)(F)F)C(F)(F)F)cc5C4=O)c(C)c3)c3cccc4ccccc34)cc1C)C2=O,1.0773542297890433,PI1070,0.5
*c1ccc(Oc2c(C)cc(C(c3cc(C)c(Oc4ccc(N5C(=O)c6ccc(-c7ccc8c(c7)C(=O)N(*)C8=O)cc6C5=O)cc4)c(C)c3)c3cccc4ccccc34)cc2C)cc1,1.0782502269124405,PI1070,0.5
*c1cccc(P(=O)(c2ccccc2)c2cccc(-n3c(=O)c4cc5c(=O)n(*)c(=O)c5cc4c3=O)c2)c1,1.2042288566022954,PI1070,0.5
*c1ccc(Oc2ccc(C(c3ccc(Oc4ccc(N5C(=O)c6ccc(Oc7ccc(C8(c9ccc(Oc%10ccc%11c(c%10)C(=O)N(*)C%11=O)cc9)CCC(C(C)(C)C)CC8)cc7)cc6C5=O)cc4)cc3)(C(F)(F)F)C(F)(F)F)cc2)cc1,1.1552699167705063,PI1070,0.5
*c1ccc(Oc2ccc(Oc3ccc(N4C(=O)c5ccc(Oc6ccc(C7(c8ccc(Oc9ccc%10c(c9)C(=O)N(*)C%10=O)cc8)CCC(C(C)(C)C)CC7)cc6)cc5C4=O)cc3)c(C(C)(C)C)c2)cc1,1.08106903299407,PI1070,0.5
*c1ccc(Oc2ccc(C3(c4ccc(Oc5ccc(N6C(=O)c7ccc(Oc8ccc(C9(c%10ccc(Oc%11ccc%12c(c%11)C(=O)N(*)C%12=O)cc%10)CCC(C(C)(C)C)CC9)cc8)cc7C6=O)cc5)cc4)CC4CC3C3CCCC43)cc2)cc1,1.0779229724959087,PI1070,0.5
*C(=O)Nc1cccc(C#Cc2cccc(N3C(=O)c4ccc(*)cc4C3=O)c2)c1,1.1782891535900006,PI1070,0.5
*c1ccc(Oc2ccc(NC(=O)CN3C(=O)c4ccc(C(c5ccc6c(c5)C(=O)N(CC(=O)Nc5ccc(Oc7ccc(-c8nnc(*)o8)cc7)cc5)C6=O)(C(F)(F)F)C(F)(F)F)cc4C3=O)cc2)cc1,1.2911665470581513,PI1070,0.5
*c1ccc(Oc2ccc(Oc3ccc(N4C(=O)c5ccc(Oc6ccc(C7(c8ccc(Oc9ccc%10c(c9)C(=O)N(*)C%10=O)cc8)CCC(c8ccccc8)CC7)cc6)cc5C4=O)cc3)c(C(C)(C)C)c2)cc1,1.109977083532145,PI1070,0.5
*c1ccc(Oc2ccc(-c3ccc(Oc4ccc(N5C(=O)c6ccc(Oc7ccc(C8(c9ccc(Oc%10ccc%11c(c%10)C(=O)N(*)C%11=O)cc9)CCC(c9ccccc9)CC8)cc7)cc6C5=O)cc4)cc3C)c(C)c2)cc1,1.1170452323174906,PI1070,0.5
*c1ccc(Oc2ccc(Oc3ccc(-n4c(=O)c5cc6c(=O)n(*)c(=O)c6cc5c4=O)cc3)cc2-c2ccccc2)cc1,1.1990104861695752,PI1070,0.5
*c1ccc(Oc2cc(C(C)(C)C)ccc2Oc2ccc(-n3c(=O)c4cc5c(=O)n(*)c(=O)c5cc4c3=O)cc2)cc1,1.163836083756438,PI1070,0.5
*c1ccc(Oc2ccc(Oc3ccc(N4C(=O)c5ccc(-c6ccc7c(c6)C(=O)N(*)C7=O)cc5C4=O)cc3)cc2)cc1,1.2095648778591297,PI1070,0.5
*c1ccc(Oc2ccccc2Oc2ccc(N3C(=O)c4ccc(-c5ccc6c(c5)C(=O)N(*)C6=O)cc4C3=O)cc2)cc1,1.223323860339887,PI1070,0.5
*c1ccc(Oc2ccc(Oc3ccc(N4C(=O)c5ccc(-c6ccc7c(c6)C(=O)N(*)C7=O)cc5C4=O)cc3)c(C(C)(C)C)c2)cc1,1.1252638468181488,PI1070,0.5
*c1ccc(Oc2ccc(Oc3ccc(N4C(=O)c5ccc(-c6ccc7c(c6)C(=O)N(*)C7=O)cc5C4=O)cc3)c(-c3ccccc3)c2)cc1,1.174037765780598,PI1070,0.5
*c1ccc(Oc2cc(C(C)(C)C)ccc2Oc2ccc(N3C(=O)c4ccc(-c5ccc6c(c5)C(=O)N(*)C6=O)cc4C3=O)cc2)cc1,1.1432584208383283,PI1070,0.5
*c1ccc(Oc2ccc(-c3ccc(Oc4ccc(N5C(=O)c6ccc(Oc7cccc(Oc8ccc9c(c8)C(=O)N(*)C9=O)c7)cc6C5=O)cc4)cc3)cc2)cc1,1.2167876354499163,PI1070,0.5
*c1ccc(Cc2ccc(N3C(=O)c4ccc(Oc5ccc(C6(c7ccc(Oc8ccc9c(c8)C(=O)N(*)C9=O)cc7)CCCCCCCCCCC6)cc5)cc4C3=O)cc2)cc1,1.0783068650879146,PI1070,0.5
*c1ccc(Oc2ccc(C3(c4ccc(Oc5ccc(N6C(=O)c7ccc(Oc8ccc(C9(c%10ccc(Oc%11ccc%12c(c%11)C(=O)N(*)C%12=O)cc%10)CCCCCCCCCCC9)cc8)cc7C6=O)cc5)cc4)C4CC5CC(C4)CC3C5)cc2)cc1,1.0742668900788068,PI1070,0.5
*c1ccc2c(c1)C(=O)N(c1ccc(Oc3ccc4ccc(Oc5ccc(N6C(=O)c7ccc(C(*)(C(F)(F)F)C(F)(F)F)cc7C6=O)cc5)cc4c3)cc1)C2=O,1.2536691750291786,PI1070,0.5
*c1ccc(Oc2ccc3ccc(Oc4ccc(-n5c(=O)c6cc7c(=O)n(*)c(=O)c7cc6c5=O)cc4)cc3c2)cc1,1.2436196816371283,PI1070,0.5
*c1cccc(P(=O)(c2ccc(C(F)(F)F)cc2)c2cccc(-n3c(=O)c4c(-c5cc(C(F)(F)F)cc(C(F)(F)F)c5)c5c(=O)n(*)c(=O)c5c(-c5cc(C(F)(F)F)cc(C(F)(F)F)c5)c4c3=O)c2)c1,1.2607667251698218,PI1070,0.5
*c1cccc(P(=O)(c2cccc(-n3c(=O)c4c(-c5ccccc5)c5c(=O)n(*)c(=O)c5c(-c5ccccc5)c4c3=O)c2)c2cc(C(F)(F)F)cc(C(F)(F)F)c2)c1,1.1880156485962712,PI1070,0.5
*c1ccc(Oc2ccc(N3C(=O)c4cccc(Oc5cccc6c5C(=O)N(*)C6=O)c4C3=O)cc2)cc1,1.254615038383015,PI1070,0.5
*c1ccc(Oc2ccc(N3C(=O)c4ccc(Oc5cccc6c5C(=O)N(*)C6=O)cc4C3=O)cc2)cc1,1.2433561413433019,PI1070,0.5
*c1ccc(Oc2ccc(Oc3ccc(N4C(=O)c5cccc(Oc6cccc7c6C(=O)N(*)C7=O)c5C4=O)cc3)cc2)cc1,1.2360751150198048,PI1070,0.5
*c1ccc(Oc2ccc(Oc3ccc(N4C(=O)c5ccc(Oc6cccc7c6C(=O)N(*)C7=O)cc5C4=O)cc3)cc2)cc1,1.2285093610286122,PI1070,0.5
*c1ccc(Oc2ccc(N3C(=O)C4CCC5C(=O)N(*)C(=O)C5C4C3=O)cc2)cc1,1.1950781289250751,PI1070,0.5
*c1ccc(Cc2ccc(N3C(=O)C4CCC5C(=O)N(*)C(=O)C5C4C3=O)c(C)c2)cc1C,1.0862302737152962,PI1070,0.5
*c1ccc(Oc2ccc(Oc3ccc(N4C(=O)C5CCC6C(=O)N(*)C(=O)C6C5C4=O)cc3)cc2)cc1,1.1842081829554765,PI1070,0.5
*c1ccc(Oc2ccc(C(C)(C)c3ccc(Oc4ccc(N5C(=O)C6CCC7C(=O)N(*)C(=O)C7C6C5=O)cc4)cc3)cc2)cc1,1.1352523433538804,PI1070,0.5
*c1ccc(Oc2ccc(Oc3ccc(N4C(=O)c5ccc(Oc6ccccc6Oc6ccc7c(c6)C(=O)N(*)C7=O)cc5C4=O)cc3C(F)(F)F)cc2)c(C(F)(F)F)c1,1.3032614491514236,PI1070,0.5
*c1ccc(Oc2ccc(C3(c4ccc(Oc5ccc(N6C(=O)c7ccc(Oc8ccccc8Oc8ccc9c(c8)C(=O)N(*)C9=O)cc7C6=O)cc5C(F)(F)F)cc4)c4ccccc4-c4ccccc43)cc2)c(C(F)(F)F)c1,1.2226439870638115,PI1070,0.5
*c1ccc(N2C(=O)c3ccc(Oc4ccc(C(C)(C)c5cccc(Oc6ccc7c(c6)C(=O)N(*)C7=O)c5)cc4)cc3C2=O)cc1,1.1824067626665484,PI1070,0.5
*CCCCCCCCCCN1C(=O)C2C3C=CC(C4C(=O)N(*)C(=O)C34)C2C1=O,1.087568717412224,PI1070,0.5
*c1ccc(Sc2ccc(Sc3ccc(Sc4ccc(-n5c(=O)c6cc7c(=O)n(*)c(=O)c7cc6c5=O)cc4)cc3)cc2)cc1,1.2590939451870105,PI1070,0.5
*c1ccc(Sc2ccc3c(c2)Sc2ccc(Sc4ccc(-n5c(=O)c6cc7c(=O)n(*)c(=O)c7cc6c5=O)cc4)cc2S3)cc1,1.2755935805093743,PI1070,0.5
*C(=O)Oc1ccc(OC(=O)c2ccc3c(c2)C(=O)N(C2CCC(N4C(=O)c5ccc(*)cc5C4=O)CC2)C3=O)cc1,1.2328281386236424,PI1070,0.5
*C(=O)Oc1ccc(OC(=O)c2ccc3c(c2)C(=O)N(c2ccc(-c4ccc(N5C(=O)c6ccc(*)cc6C5=O)cc4C(F)(F)F)c(C(F)(F)F)c2)C3=O)cc1,1.3050847447672438,PI1070,0.5
*c1ccc(C(=O)Oc2ccc(-n3c(=O)c4cc5c(=O)n(*)c(=O)c5cc4c3=O)cc2)cc1,1.2886039575810673,PI1070,0.5
*C(=O)Oc1ccc(OC(=O)c2ccc3c(c2)C(=O)N(c2ccc(C(=O)Oc4ccc(N5C(=O)c6ccc(*)cc6C5=O)cc4)cc2)C3=O)cc1,1.2733277909430583,PI1070,0.5
*C(=O)Oc1ccc(OC(=O)c2ccc3c(c2)C(=O)N(c2ccc(C(=O)Nc4ccc(N5C(=O)c6ccc(*)cc6C5=O)cc4)cc2)C3=O)cc1,1.2760381511502004,PI1070,0.5
*c1cccc(N2C(=O)c3ccc(-c4cccc5c4C(=O)N(*)C5=O)cc3C2=O)c1,1.2108809408748646,PI1070,0.5
*c1ccc(-c2ccc(N3C(=O)c4ccc(-c5cccc6c5C(=O)N(*)C6=O)cc4C3=O)cc2C)c(C)c1,1.0866742935988962,PI1070,0.5
*c1ccc(Oc2ccc(Oc3ccc(N4C(=O)c5ccc(-c6cccc7c6C(=O)N(*)C7=O)cc5C4=O)cc3)cc2)cc1,1.1955236194686518,PI1070,0.5
*c1ccc(Oc2cccc(Oc3ccc(N4C(=O)c5ccc(-c6cccc7c6C(=O)N(*)C7=O)cc5C4=O)cc3)c2)cc1,1.2087760632244677,PI1070,0.5
*C(=O)Nc1ccc(C2(c3ccc(NC(=O)c4ccc5c(c4)C(=O)N(c4ccc(Sc6ccc(Oc7ccc(Sc8ccc(N9C(=O)c%10ccc(*)cc%10C9=O)cc8)cc7)cc6)cc4)C5=O)cc3)c3ccccc3-c3ccccc32)cc1,1.1829433778685483,PI1070,0.5
*c1ccc(Sc2ccc(Oc3ccc(Sc4ccc(N5C(=O)c6ccc(Oc7ccc(C(C)(C)c8ccc(Oc9ccc%10c(c9)C(=O)N(*)C%10=O)cc8)cc7)cc6C5=O)cc4)cc3)cc2)cc1,1.188416006657898,PI1070,0.5
*c1ccc2c(c1)C(=O)N(c1ccc(Sc3ccc(Oc4ccc(Sc5ccc(N6C(=O)c7ccc(C(*)(C(F)(F)F)C(F)(F)F)cc7C6=O)cc5)cc4)cc3)cc1)C2=O,1.2651311475102434,PI1070,0.5
*OC(C)COC(*)=O,1.1737898115214667,PI1070,0.5
*Oc1ccc(C(C)(CCC#N)c2ccc(OC(*)=O)cc2)cc1,1.1002422047769858,PI1070,0.5
*Sc1ccc(Cc2ccc(SC(*)=O)cc2)cc1,1.1974549039686437,PI1070,0.5
*Oc1ccc(C(C)(C)c2ccc(OC(=O)SCCCSC(*)=O)cc2)cc1,1.1584144898293482,PI1070,0.5
*Oc1ccc(C(C)(C)c2ccc(OC(=O)SCCCCCCSC(*)=O)cc2)cc1,1.119014419377063,PI1070,0.5
*Oc1ccc(C(C)(C)c2ccc(OC(=O)Sc3ccc(C(C)(C)c4ccc(SC(*)=O)cc4)cc3)cc2)cc1,1.1183438023756613,PI1070,0.5
*Nc1ccc(*)cc1,1.1746777279111515,PI1070,0.5
*c1ccc(C(c2ccc(-c3nc4cc(-c5ccc6nc(*)[nH]c6c5)ccc4[nH]3)cc2)(C(F)(F)F)C(F)(F)F)cc1,1.2050314984018007,PI1070,0.5
*c1cccc(S(=O)(=O)NCCCCCCNS(*)(=O)=O)c1,1.2551615070068602,PI1070,0.5
*c1ccc(S(*)(=O)=O)cc1,1.32428642958735,PI1070,0.5
