SMILES,Density
*c1ccc(-c2ccc3c(c2)C(CCCCCCC#N)(CCCCCCC#N)c2cc(*)ccc2-3)cc1,0.901122805
*CC(*)c1ccc(C(=O)O)c(C(=O)O)c1,1.184354013
*CC(*)C(=O)Oc1ccccc1C,1.061864136
*CC(*)C(=O)Oc1ccccc1,1.109388621
*CC(C)S(*)(=O)=O,1.293314518
*CC(*)c1cc(C(C)C)ccc1C(C)C,0.830463672
*CCCCCC(*)CCCCCC,0.797183169
*CC(*)CCCCCCC,0.7966448
*CC(*)CCCN(CC(C)C)CC(C)C,0.817146131
*c1ccc(-c2ccc(C(*)(c3ccccc3)C(F)(F)F)cc2)cc1,1.06572076
*CC(*)C(=O)OCCSCCCC#N,1.085387972
*CC(*)CCCCC,0.771934125
*CC(*)(C)C(=O)OC1CCCCC1,0.91386168
*Oc1ccc(S(=O)(=O)c2ccc(Oc3c(C)cc(Cc4cc(C)c(*)c(C)c4)cc3C)cc2)cc1,1.073138282
*CC(*)(C)C(=O)OC(C)(C)C,0.826660163
*CC1CCC(*)C1,0.892956655
*Oc1ccc(S(=O)(=O)c2ccc(Oc3ccc(C(C)(c4ccccc4)c4ccc(*)cc4)cc3)cc2)cc1,1.144330703
*CCCCCCCCCCC(=O)NCCCCCCNC(=O)CCCCO*,0.939635943
*/C=C/c1ccc(*)cc1,1.006135387
*CC(*)(CC(=O)OCCCCC)C(=O)OCCCCC,0.955743343
*CCCCCCCCNC(=O)CCCCCCCCCCCCCCCCCCCCC(=O)N*,0.889143617
*/C=C/c1cc(OCC(CC)CCCC)c(*)cc1-c1ccc(N(c2ccc(OC)cc2)c2ccc(OC)cc2)cc1,0.969832402
*C1Cc2ccccc2C1*,0.889251685
*CCCCCCCCCCCCCCCCCCCCOC(=O)CCCCCCCC(=O)O*,0.89522718
*CC(*)(CC(=O)OCCc1ccccc1)C(=O)OCCc1ccccc1,1.092735648
*CC(*)C(=O)Oc1ccc(C)cc1,1.051609028
*CCCCCCCCCCCCCCCCCCCCCC(=O)N*,0.866351429
*CC(*)(C)C(=O)OC1CCC(C(C)(C)C)CC1,0.856410503
*c1cc(CCCCCCCCCCCCCCCCCCCCCC)c(*)s1,0.883511374
*C1CCCCC1S(*)(=O)=O,1.174206042
*CCN(CCOC(=O)NCCCCCCNC(=O)O*)c1ccc(/N=N/c2ccc([N+](=O)[O-])cc2)c(C)c1,1.1275851
*CC(*)(C)C(=O)Oc1c(Cl)c(Cl)c(Cl)c(Cl)c1Cl,1.354866985
*CCCCCCCCCCCCOC(=O)CCCCCCCCCCCCC(=O)O*,0.910678639
*CC(*)(CF)C(=O)OC,1.048000594
*CC(*)CCCC,0.776895965
*CC(*)C(=O)OCC(CC)CC,0.91413913
*CCCC(*)(C)C(=O)O,0.996128545
*c1ccc(NC(=O)Nc2ccc(NC(=O)Nc3ccc(-c4nc(C#N)c(C#N)nc4*)cc3)cc2)cc1,1.154810331
*c1cc2cccccc-2c1*,0.814226421
*CC(*)(C)C(=O)OCCOCC,1.013471369
*CC(*)(C)C(=O)OCCN(CC)CC,0.960101927
*CC(*)c1ccc(C(=O)OCCN(C)C)cc1,1.0222365
*CC(*)C(=O)OCc1ccc(C#N)cc1,1.094513754
*c1cc(/C=N/c2cccc(C)c2)cc(*)c1O,0.99179579
*CC(*)C(=O)OC1CC(C)CC(C)(C)C1,0.909612952
*CC(C)(C)CS(=O)(=O)CC(C)(C)COC(=O)O*,1.089194614
*CCCCCCCCCCCCCCCCCCCCOC(=O)CCCCC(=O)O*,0.899322314
*CCc1ccc(*)c2ccccc12,1.050887217
*CC(*)C(=O)OCCCCCCSCC#N,1.039476536
*C1C(=O)OC(=O)C1*,1.365901109
*CC(*)(C)C(=O)OC(C(F)(F)F)(C(F)(F)F)C(F)(F)F,1.240147043
*C1C(=O)N(c2ccccc2C(=O)OC)C(=O)C1*,1.070408699
*CC(*)c1cc(C)ccc1F,0.955409279
*CC(*)O,1.081206735
*CC(*)c1ccccc1COC(C)C,0.933317386
*CCc1ccc(-c2ccc(*)cc2)cc1,1.042562737
*CCCCCCNC(=O)C(CCCCCCCCCCCCC)C(=O)N*,0.899716416
*c1ccc(-c2ccc3c(c2)C(CCCCCC)(CCCCCC)c2cc(*)ccc2-3)cc1,0.786503256
*CC(*)(C)C(=O)OCc1ccco1,1.081813241
*CCCCCCCCCCC(=O)NCCc1ccc(CCNC(=O)CCCCCCCCCCS*)cc1,0.962511767
*CCCCCCCCCCNC(=O)CC/C=C/CCC(=O)N*,0.952363037
*/C=C/c1ccc(*)c2ccc(CCCCCC)cc12,0.946624284
*CC(*)c1ccccc1COCCCC,0.940569983
*CCCCCCCCCOC(=O)CCCCCCCC(=O)O*,0.941870155
*c1ccc2c(c1)SC1=Nc3cc(-c4ccc5c(c4)N=C4Sc6cc(*)ccc6N=C4N5)ccc3NC1=N2,1.086875784
*CC(*)C(=O)OCC(CC)CCCC,0.893389668
*CC(*)CC(C)C(F)(F)F,1.093859396
*CCCCCCCCC(=O)NCCCCCOCCCCCNC(=O)CCCO*,0.958044519
*CCCCCCCC(*)C,0.806729205
*CCCCCCCCCCNC(=O)CCCCCCCCCCCCCCC(=O)N*,0.906986266
*CC(*)(CF)C(=O)OCC,1.040351207
*C(=O)C(*)(C)C,0.919975664
*CC(*)C(=O)OCCSCCC#N,1.111901096
*CC(*)(C)C(=O)OCCc1ccccc1,1.048543977
*CC(*)C(=O)NC(C)CC,0.92947228
*CC(*)(C)C(=O)OCCN(CC)S(=O)(=O)C(F)(F)C(F)(F)C(F)(F)C(F)(F)C(F)(F)C(F)(F)C(F)(F)C(F)(F)F,1.49945764
*CC(*)(C#N)C(=O)OCCCC,0.98541293
*c1ccc(N2C(=O)c3ccc(-c4cccc5c4C(=O)N(*)C5=O)cc3C2=O)cc1,1.15692241
*c1nc2cc3sc(-c4cc(OCCCCCCCCCCCC)c(*)cc4OCCCCCCCCCCCC)nc3cc2s1,0.992488687
*CC(*)(C)C(=O)OCCCCCCCCCCCCCCCCCC,0.861197166
*Oc1cc(CCC)cc(OC(=O)c2cccc(C(*)=O)c2)c1,1.125159714
*CC(*)c1ccc(C)cc1C,0.894079517
*CCCN*,0.92848585
*c1nc(C)nc(N(CCCCCCN(*)c2ccccc2)c2ccccc2)n1,1.056565871
*CC(*)c1ccc(CCCCCCCCCCCCCCCC)cc1,0.848617516
*c1sc(*)c(OCCCCCCCCCCCCCCCCCCCC)c1C,0.90435478
*CC(*)c1ccccc1CC,0.918485757
*CC(*)C(=O)C1CCCCC1,0.931405406
*=C=C=C(Cn1c2ccccc2c2ccccc21)C(=*)Cn1c2ccccc2c2ccccc21,1.114657106
*CC(*)C(=O)OCCCCCC(=O)Oc1ccc(-c2ccc(C#N)cc2)cc1,1.092668338
*CCCCCCCNC(=O)C(CCCCCCCCCCCC)C(=O)N*,0.900783398
*/C=C/c1sc(*)c(OCCCCCCCCCCCC)c1OCCCCCCCCCCCC,0.900179408
*OS(=O)(=O)c1cccc(C(=O)c2cccc(S(=O)(=O)Oc3ccc(C(C)(C)c4ccc(*)cc4)cc3)c2)c1,1.237872849
*CC(*)C(=O)Oc1cccc2ccccc12,1.120527982
*CCCCCCCCCCCCCCS*,0.881232316
*/C=C/C(C*)C(C)CC,0.82398912
*CC(*)(C)C(=O)Oc1cccc(C)c1,1.017456329
*CC(*)C(=O)C(C)C,0.886596201
*CC(*)(CC(=O)Oc1ccc(C)cc1)C(=O)Oc1ccc(C)cc1,1.062096371
*CCCCCCCCCCOC(=O)CCCCCCC(=O)O*,0.938959785
*CC(*)C(C)=O,0.955845655
*/C=C/c1ccc(*)c(-c2cc(-c3ccccc3)c(OCC(CC)CCCC)cc2OCC(CC)CCCC)c1,0.919376466
*c1c(-c2ccccc2)c(-c2ccccc2)c(*)c2cc(C(c3ccc(C#Cc4ccccc4)c(C#Cc4ccccc4)c3)(C(F)(F)F)C(F)(F)F)ccc12,1.001212493
*CCCCCCCCCNC(=O)CCCCCCCCC(=O)N*,0.93702543
*c1ccc2c(c1)C(CCCCCC)(CCCCCC)c1cc(-c3cc(CCCCCC)c(*)cc3CCCCCC)ccc1-2,0.85144236
*CCCCCCCCCCSCCCCCCS*,0.931588685
*/C=C/CCCCC*,0.823772683
*/C=C/c1ccc(*)c(-c2cc(OCC(CC)CCCC)c(OCC(CC)CCCC)cc2-c2ccccc2)c1,0.892538398
*CCCCCNC(=O)CCCCCCCCOCCCCCCCCC(=O)NCCCCCO*,0.932721325
*CCCCCCCCCCCCCCCCCCCCC(*)COCCOCCOCCOCCOCCCCCCCCCCCCCC,0.882777598
*CCCCNC(=O)CCCCCCCCCC(=O)N*,0.965368624
*CC(*)C(=O)c1ccc(C(C)(C)C)cc1,0.936469283
*CCC(C)CCC(=O)O*,0.980916925
*c1ccc(-c2ccc(C3(*)CCCCC3)cc2)cc1,0.96749891
*CC(*)(F)C(=O)OCCC(F)(F)C(F)(F)C(F)(F)C(F)(F)C(F)(F)C(F)(F)C(F)(F)C(F)(F)C(F)(F)C(F)(F)F,1.608016391
*C(=O)c1ccc2c(c1)C(=O)N(c1ccc(Oc3ccc(C(=O)c4cccc(C(=O)c5ccc(Oc6ccc(N7C(=O)c8ccc(*)cc8C7=O)cc6)cc5)c4)cc3)cc1)C2=O,1.206756714
*CC(*)(C)c1ccccc1,0.833452729
*CC(*)c1ccc(C(=O)OC)cc1,1.032355465
*CC(*)(C)C(=O)OCc1cccc([N+](=O)[O-])c1,1.162628481
*CC(*)OC(=O)c1ccc(OC(=O)CCC)cc1,1.086283422
*CC(*)OC(=O)CC,0.995365589
*CCCCCCCCCCCCCCOC(=O)CCCCCCC(=O)O*,0.919731294
*CCC(Cl)C(*)Cl,1.273131418
*CCCCCCCCCCNC(=O)NCCCCCCCCNC(=O)N*,0.969724413
*CCCCCCCNC(=O)CCCCCCCCCC(=O)N*,0.940664668
*CCCCCCCCCCCCNC(=O)CCCCCCCCCCCCC(=O)N*,0.903805754
*CCCCCCCCCCOc1ccc(OC(=O)c2ccc(OCCCCCCOc3ccc(C(=O)Oc4ccc(O*)cc4)cc3)cc2)cc1,1.061577448
*CCCCCNC(=O)CCCCCCCCCCCCC(=O)N*,0.933437007
*CC(*)c1ccc(Cl)cc1,1.087290755
*CCCCCCNC(=O)C(CCCCCCCCCCCCCCC)C(=O)N*,0.897093489
*/C=C/C(C*)CCC,0.803760264
*CC(*)OC(C)C,0.839799693
*CC(*)c1ccc(O)cc1,1.026280901
*CCCCCCCCC(=O)NCCCCCCNC(=O)CCCCO*,0.954015346
*CC(*)c1ccccc1COCCC,0.94589921
*CCCCCNC(=O)CCCCCCCCCCCCCCCCCCC(=O)N*,0.90486422
*CC(*)(CC(=O)Oc1cccc(C)c1)C(=O)Oc1cccc(C)c1,1.042202692
*CCCCCC(*)CCCCCCCCCC,0.801722522
*CCCS(*)(=O)=O,1.344229366
*c1cc(CCCCCCCCCCCCC)c(*)s1,0.919023879
*/C=C/CCCCCC*,0.820824647
*CC(*)C(=O)Oc1ccc(C#N)cc1,1.134726614
*CC(*)(C)C(=O)OCCBr,1.475127343
*/C=C/c1ccc(*)c(-c2cc(OCCC(C)C)c(OCCC(C)C)cc2-c2ccc(C(F)(F)F)cc2)c1,0.956021414
*c1cc(OCCCCCCCCCCCC)c(*)cc1O,0.933849439
*c1ccc(-c2nnc(-c3cccc(-c4nnc(*)n4-c4ccccc4)c3)n2-c2ccccc2)cc1,1.089021523
*CCCCCCCCCCCCNC(=O)NCCCCCCNC(=O)N*,0.973061223
*CC(*)C(=O)OCc1ccccc1,1.072100095
*CC(*)OC(=O)CCCCCCCCCCCCCCCCCCCCC,0.858583325
*CC(*)C(=O)OC(C)CCC(CC)CCCC,0.861701744
*CC(*)(C)C(=O)OCCOC,1.033359022
*c1sc(*)c2c1OCC(CCCCCCCCCCCCCCCC)O2,0.968871976
*CC(*)CCCCCCCCCC,0.799124975
*CC(*)C(=O)OCCSCC,1.065268296
*CC(*)C,0.77629912
*CC(*)(C)C(=O)OCC,0.90836326
*c1ccc(Cc2ccc(-n3c(=O)c4cc5c(=O)n(*)c(=O)c5cc4c3=O)cc2)cc1,1.232934348
*CC(C)(C)CS(*)(=O)=O,1.140781369
*c1ccc2c(c1)C(CCCCCC)(CCCCCC)c1cc(-c3cc(CCCCCCCCCC)c(*)cc3CCCCCCCCCC)ccc1-2,0.807377101
*CC(*)(C)C(=O)Oc1ccc(C#N)cc1,1.058985756
*CC(*)c1c([2H])c([2H])c([2H])c([2H])c1[2H],0.923679332
*CC(*)(CC(=O)OCCCC)C(=O)OCCCC,0.96210565
*CC(*)(C)C(=O)OCC[N+](=O)[O-],1.159740176
*CCCCCCCCOC(=O)NNC(=O)CCCCCCCCC(=O)NNC(=O)O*,1.043832714
*/C=C/CCCCCCCCCC*,0.822074244
*CC(*)(C)C(=O)OCC(F)(F)C(F)(F)C(F)(F)C(F)(F)C(F)(F)C(F)(F)C(F)(F)F,1.482039287
*CC(*)c1ccc(COc2ccc(-c3ccc(C#N)cc3)cc2)cc1,1.065712208
*Oc1c(C)cc(*)cc1-c1ccccc1,1.002505763
*CCCCCCN(C)C(=O)CCCCCCCCCCCCCCCCC(=O)N(*)C,0.898624404
*Oc1ccc(Oc2ccc(C(=O)c3ccccc3-c3ccccc3C(=O)c3ccc(*)cc3)cc2)cc1,1.125774179
*CC(*)(C)C(=O)Oc1ccc(C)cc1,0.951958497
*CC(*)c1cc(C(C)(C)C)ccc1C,0.849065812
*CC(*)(C)C(=O)OC1CCCC(C)C1,0.881548744
*OC(*)C(Cl)(Cl)Cl,1.539478709
*CCCCCC(*)CCCCCCCC,0.794468482
*CCCCCCCCCCNC(=O)C(CCCCCCCCCCCC)C(=O)N*,0.888311048
*CC(*)c1cc(F)ccc1F,1.086573844
*CC(*)(Cl)C(=O)OCCCC,1.074741397
*CC(*)(C)C(=O)OCCCCCCOc1ccc(-c2ccc(OC)cc2)cc1,1.04192343
*CC(*)(CC(=O)OCCCCCC)C(=O)OCCCCCC,0.927808816
*CC(*)c1ccc(COCC(CC)CCCC)cc1,0.902459296
*CCOC(=O)CCCCSCCCCC(=O)O*,1.07074619
*CC(*)(C)C(=O)OCCN(CC)c1ccc(/N=N/c2ccc([N+](=O)[O-])cc2)cc1,1.122445545
*CC(*)(Cl)C(=O)OC(C)C,1.054014289
*CCCCCCCCCCCCC(c1ccc(O)cc1)C(*)c1ccc(O)cc1C,0.937930772
*CCCCCCCCCCSSCCCCCCSS*,1.014541659
*CC(*)(C)C(=O)OCC(CC)CCCC,0.866688073
*CC(*)(C)C(=O)OCCCCn1c2ccccc2c2ccccc21,1.063120281
*CC(*)(C)C(N)=O,1.041991601
*c1ccc2c(c1)C(CCCCCC)(CCCCCC)c1cc(-c3cc(OCc4ccccc4)c(*)cc3OCc3ccccc3)ccc1-2,0.926806566
*CCCCCCCCCCCC(c1ccc(O)cc1)C(*)c1ccc(O)cc1C,0.934436591
*CC(*)(C)C(=O)NC(=O)OC(C)COc1c(Br)cc(S(=O)(=O)c2cc(Br)c(OCC(C)O)c(Br)c2)cc1Br,1.587307778
*CCCCCCCCCCNC(=O)CCCCCCCCCCCCC(=O)N*,0.911164148
*CCN*,0.992409385
*CCCCCCS(=O)(=O)CCCCCS(*)(=O)=O,1.153509737
*CCc1ccc(*)o1,1.10299243
*Sc1ccc(*)cc1,1.231097312
*CC(*)n1cc2ccccc2n1,1.124957708
*CC(*)c1ccc(F)cc1C,0.994546299
*CCCOC(=O)CCCCCCCCCCCCCCCCC(=O)O*,0.922711633
*CC(*)C(=O)OCCC#N,1.065811773
*CCCCCCCCCCOC(=O)CCCCCCCC(=O)O*,0.932306919
*CC(*)(C)C(=O)OCCCCCCCCCCCCCC,0.862307366
*c1sc(*)c(OCCCCCCCCCCCCCC)c1C,0.944296325
*CCCCCCCCCCOC(=O)CCCCCNC(=O)CCCCC(=O)NCCCCCC(=O)O*,0.988248519
*CCCC(*)(C)C,0.780478615
*CCCCCCCCCCCCCCCC[N+](C)(C)CCCCCC[N+](*)(C)C,0.872184477
*/C=C(/*)C#CCCCCCCCCCCCCCCCCCCCCC(=O)O,0.885736749
*CC/C(C)=C(/*)C,0.817744643
*c1ccc2c(c1)C(=O)N(c1cc(OCCN(CC)c3ccc(/N=N/c4ccc([N+](=O)[O-])cc4)cc3)cc(N3C(=O)c4ccc(C(*)(C(F)(F)F)C(F)(F)F)cc4C3=O)c1)C2=O,1.205461036
*ON(C(F)(F)F)C(F)(F)C(*)(F)F,1.732295687
*Oc1ccc(S(=O)(=O)c2ccc(Oc3ccc(-c4ccc(*)cc4)cc3)cc2)cc1,1.20752232
*CCCCCCCCNC(=O)CCCCCCCCC(=O)NCCCCCCCCNC(=O)C(=O)N*,0.973462542
*/C=C/C(C)C(*)C,0.801255092
*c1sc(*)c(OCCCCCCCCCCCC)c1C,0.949355697
*CC(*)(C)C(=O)OC(C(F)(F)F)C(F)(F)F,1.277149707
*CC(*)C(=O)OC(C)CCCCCC,0.877762738
*OC(=O)CCCCCC(*)=O,1.084856799
*c1ccc(NC(=O)Nc2ccc(NC(=O)Nc3ccc(-c4nc(-c5ccc([N+](=O)[O-])cc5)[nH]c4*)cc3)cc2)cc1,1.201196246
*CC(*)C(=O)OCC(C)(C)C,0.901190148
*CCCCCCCCCCCNC(=O)CCCCCCCCCCCCCCCCCCC(=O)N*,0.887262341
*CCCCCNC(=O)CCCCCCOCCCCCCC(=O)NCCCCCO*,0.955888415
*c1ccc(-c2ccc3c(c2)C(CCCCCCBr)(CCCCCCBr)c2cc(*)ccc2-3)cc1,1.064142833
*CCc1ccc(CCNC(=O)CCCCCCCCCCCCCCCC(=O)N*)cc1,0.963570323
*CCCCCCCCCCC(=O)NCCCCCC(=O)N*,0.953522466
*CCCCCCCCCCCCCCCCCCCCOC(=O)CC(=O)O*,0.918493366
*C1CCC(*)C1,0.903468969
*CC(*)(C)C(=O)OCC(C)(C)C1OCC(C)(C)CO1,0.904274504
*CC(*)c1cccs1,1.115067014
*CC(*)(C)C(=O)Oc1ccccc1,1.049795923
*CCCCCCCCC(=O)NCCCCCCNC(=O)CCCCCCCCO*,0.930685649
*CC(*)(C)C(=O)OCC1CCCO1,1.030703138
*CC(*)C(=O)Oc1ccc(Cl)cc1Cl,1.323601324
*CC(*)O[N+](=O)[O-],1.305301671
*/C=C/c1ccc(*)c(-c2c(OCC(CC)CCCC)ccc3cc(-c4ccccc4)ccc23)c1,0.984517634
*CCCCCNC(=O)CCCCCCCCCCCCCCCCC(=O)N*,0.92091158
*CCCCCCCCC(=O)NCCCCCOCCCCCNC(=O)CCCCO*,0.959755769
*Oc1ccc(OC(=O)CCCCCCCCC(*)=O)cc1,1.048950682
*CC(*)c1cccc(N(c2ccc(C)cc2)c2ccc(C)cc2)c1,0.975794098
*CCCCCCCCCCC(=O)NCCCCCOCCCCCNC(=O)CCCO*,0.949699751
*CCCCCCCCCCC(c1ccc(O)cc1)C(*)c1ccc(O)cc1C,0.949326163
*CC(*)C(=O)OCC(C)CC,0.919640881
*CC(*)(C)C(=O)Oc1ccccc1C,1.024902598
*CCCCCCNC(=O)C(CCCCCCCCCCCCCCCCC)C(=O)N*,0.889924513
*CC(*)C(=O)Oc1cccc(C)c1,1.071947231
*/C=C/CCCCCCC(Cl)CCCCCC*,0.903154394
*CCCCCCCCCCCCCCCCCCCCC(*)COCCOCCOCCOCCOCCCCCC,0.886368922
*CC(*)(C)C(=O)OC(F)(C(F)(F)F)C(F)(F)F,1.327370903
*CCCCCCCCCCCCCCNC(=O)NCCCCCCNC(=O)N*,0.953783995
*CCCCCCCCCCCCCCCCCCCCOC(=O)CCCCCC(=O)O*,0.89731003
*C1CC2CC1C(*)C2CCCCCC,0.82757252
*C1C(=O)N(c2ccccc2)C(=O)C1*,1.03911953
*CC(*)c1ccc(C(C)=O)cc1,1.013613515
*CCCCCCCCNC(=O)CCCCCCCCCCCCCCC(=O)N*,0.905325915
*CCCCCCCCCCCCCCC(=O)O*,0.893283062
*CC(*)(C)C(C)=O,0.887508896
*CC(*)(Cl)C(=O)OC1CCCCC1,1.054643244
*CCc1ccc(CCNC(=O)CCCCCCCCCCCCCCCCCCCCC(=O)N*)cc1,0.936212185
*Oc1ccc(Oc2ccc(Oc3ccc(S(=O)(=O)c4ccc(*)cc4)cc3)cc2)cc1,1.200029536
*CC(*)(C)C(=O)OCC1(C)COCOC1,1.010012446
*CCCCCCCCCCCCCCCCCCCCOC(=O)CCCCSCCCCC(=O)O*,0.926144559
*/C=C/*,0.775000418
*CC/C=C(/*)C(C)(C)C,0.831876241
*CC(*)C(=O)OC(CC)CC,0.928441574
*c1cc(*)c(O)c(/C=N/c2ccc(Cl)cc2)c1,1.17680677
*CC(*)c1ccc(CCC)cc1,0.892912233
*CCOCCOC(=O)CCCCCCCCCCCCCCCCC(=O)O*,0.948193246
*C1C(=O)N(c2ccc(C)cc2)C(=O)C1*,0.95394828
*CC(*)(C)C(=O)OCCC#N,1.036075809
*CC(*)OCC,0.912688006
*CC(*)C(=O)OCCCCCCOc1ccc(C(=O)Oc2ccc(C#N)cc2)cc1,1.095853414
*/C=C/C(C)(C)C(*)(C)C,0.820729949
*CC(CCCCCCCCCCCCCCCC)C1C(=O)N(CCCCCCCCCCCC)C(=O)C1*,0.867649177
*CC(*)C=C(C)C,0.779950443
*CC(*)C(=O)Oc1c(Cl)c(Cl)c(Cl)c(Cl)c1Cl,1.469086914
*CC(*)(C)C(=O)OCCF,1.091984203
*CC(*)C(=O)N(CCCC)CCCC,0.875138172
*/C=C/c1cc(OCC2CC3CC2C2CCCC32)c(*)cc1OCC1CC2CC1C1CCCC21,1.004037835
*CCOC(=O)N(Cc1ccccc1)c1ccc(C)c(N(Cc2ccccc2)C(=O)O*)c1,1.109114286
*Oc1ccc2c(c1)C1(CC2(C)C)CC(C)(C)c2ccc(OC(=O)c3cccc(C(*)=O)c3)cc21,1.04019662
*CC(*)OC,0.965989074
*CO*,1.241962384
*CC(*)C=O,1.074977648
*CC(*)(C)C(=O)OCC1(C)COC(C)(C)OC1,0.956557271
*c1ccc(N2C(=O)c3ccc(C(=O)c4ccc5c(c4)C(=O)N(c4ccc(-c6nc7cc(-c8ccc9nc(-c%10ccccc%10)c(*)nc9c8)ccc7nc6-c6ccccc6)cc4)C5=O)cc3C2=O)cc1,1.081627625
*CC(*)c1ccccn1,0.996326132
*CC(*)C(=O)OCCCSCCC#N,1.082808936
*Oc1ccc2c(c1)C1(CC2(C)C)CC(C)(C)c2ccc(OC(*)=O)cc21,1.005045691
*CC(*)C(=O)OC(CCC(CC)CCCC)CC(C)C,0.858171779
*c1cccc(N2C(=O)c3ccc(Oc4ccc5c(c4)C4(CC(C)(C)c6ccc(Oc7ccc8c(c7)C(=O)N(*)C8=O)cc64)CC5(C)C)cc3C2=O)c1,1.109968877
*c1ccc(-c2ccc(C(*)(C)C(F)(F)F)cc2)cc1,1.086916359
*CC(*)C(=O)OCCSCC#N,1.158953952
*CC(*)(C)C(=O)OC12CC3CC(C)(CC(C)(C3)C1)C2,0.88188115
*Oc1ccc(S(=O)(=O)c2ccc(Oc3ccc(Cc4ccc(*)cc4)cc3)cc2)cc1,1.184644856
*Oc1ccc(S(=O)(=O)c2ccc(Oc3ccc(C(C)(C)c4ccc(*)cc4)cc3)cc2)cc1,1.135056188
*CCCCCCNC(=O)N*,1.021142597
*CCCCCCCCCCC(=O)NCc1ccc(CNC(=O)CCCCCCCCCCS*)cc1,0.976393146
*c1ccc(-c2ccc(C(*)(c3ccc(F)cc3)C(F)(F)F)cc2)cc1,1.113444185
*CCCCCCCCCCCSCCCCCCS*,0.923953778
*CC(*)C(=O)OCCCSC,1.075871128
*CC(*)(C)C(=O)OC1CC2CCC1(C)C2(C)C,0.87251011
*CCc1ccc(CCNC(=O)CCCCCCCCCCCCCCCCC(=O)N*)cc1,0.942820572
*CCC1CC(*)C2C3CCC(C3)C12,0.933540935
*Oc1ccc2c(c1)C1(CC2(C)C)CC(C)(C)c2ccc(OC(=O)c3ccc(C(*)=O)cc3)cc21,1.024454484
*CC(*)(C)C(=O)OCCCCCCCCCC,0.880799375
*CC(*)(C)C(=O)OC12CC3CC(CC(C3)C1)C2,0.905497494
*c1ccc(Oc2cccc(Oc3ccc(N4C(=O)c5cccc(Oc6cccc(Oc7cccc8c7C(=O)N(*)C8=O)c6)c5C4=O)cc3)c2)cc1,1.216100189
*Oc1cccc(OC(=O)c2ccc(C(C)(C)c3ccc(C(*)=O)cc3)cc2)c1,1.102151001
*c1ccc(-c2cc(-c3ccc(OCCCCCC)cc3)cc(-c3ccc(-c4ccc5c(c4)C(CCCCCC)(CCCCCC)c4cc(*)ccc4-5)cc3)c2-c2ccc(OCCCCCC)cc2)cc1,0.887994076
*CC(*)C(=O)Oc1ccccc1C(C)(C)C,0.949266643
*CC(*)C(=O)Oc1ccc(C(=O)OCCCC)cc1,1.072941358
*CC(*)C(=O)OC(F)(C(F)(F)F)C(F)(F)F,1.502297049
*CC(*)c1ccccc1COCCCCC,0.935560059
*c1cc(*)c(O)c(/C=N/c2ccc(N3CCOCC3)cc2)c1,1.120600809
*OS(=O)(=O)c1ccc(-c2ccc(S(=O)(=O)Oc3ccc(-c4ccc(*)cc4)cc3)cc2)cc1,1.24578392
*Oc1ccc(S(=O)(=O)c2ccc(Oc3ccc(C(C)(C)c4ccc(*)c(C)c4)cc3C)cc2)cc1,1.095765995
*CCS*,1.187990132
*CCCCCCCCCCCCOC(=O)CCCCCNC(=O)CCCCC(=O)NCCCCCC(=O)O*,0.968420729
*CCCCCCCCCCCCCCCCCCCCOC(=O)CCC(C)CC(=O)O*,0.897262686
*CC(*)c1ccc(CCCCCCCCCCCCCCCCCC)cc1,0.844184922
*CCCCNC(=O)CCCCCCC(=O)N*,1.002012128
*CCCNS(*)(=O)=O,1.368480015
*CC(*)(CC(=O)OCc1ccccc1)C(=O)OCc1ccccc1,1.113470646
*c1ccc2c(c1)C(CCCCCC)(CCCCCC)c1cc(-c3cc(OCCCCCCCC)c(*)cc3OCCCCCCCC)ccc1-2,0.863900052
*CCCCCCNC(=O)CCCCCCCCCCCCCCC(=O)N*,0.913177976
*CCCCCCCCCCCCCCCCCCCCc1nnc(*)o1,0.88997462
*C([2H])([2H])C(*)([2H])c1c([2H])c([2H])c([2H])c([2H])c1[2H],0.93861698
*CCCCCCCCCCC(=O)NCCCCCCNC(=O)CCCO*,0.954616145
*CC(*)(C)C(=O)OC1CC(C)CC(C)(C)C1,0.860209573
*C1CC2C3CCC(C3)C2C1*,0.88601111
*CC(*)c1ccc(Cl)cc1Cl,1.218576983
*CC(*)CCCCCCCCC,0.79444681
*CCCCCCCCCCNC(=O)CCCCCCC(=O)N*,0.946533099
*CC(*)(C)C(=O)Oc1ccc(C(C)(C)C)cc1,0.896405025
*CCCCNC(=O)CCCCC(=O)N*,1.040711554
*CC(*)(C(=O)OC)c1ccccc1,0.964628447
*CC(*)C1CC1,0.863629462
*CC(*)c1ccc(C)cc1,0.869468057
*CC(*)C(=O)Oc1cccc(N(C)C)c1,1.096542432
*C*,0.811251102
*CCCCCCCCC(=O)NCCCCCCNC(=O)CCCO*,0.961251471
*CCCCCNC(=O)O*,1.071824251
*CC(*)C(=O)OCCC(C)OC,1.002966511
*CC(*)(CC)C(=O)OCC,0.864397975
*CC(*)CC(C)(C)C,0.748691234
*CC(*)C(=O)NC(C)(C)C,0.889061076
*CCCCOC(=O)CCCCCCCCCCCCCCCCCCCCCCCCCCCCCCCCCCC(=O)O*,0.868453809
*CCCCCCCCCCOC(=O)CCCCCCCCCCCCCCCCC(=O)O*,0.8954389
*CCCCCCCCCCCCCCCCCCCCOC(=O)C(=O)O*,0.917519076
*CC(*)(Cl)C(=O)OC(C)CC,1.057163419
*CC(*)C(=O)Oc1ccccc1Cl,1.226889668
*CCCCCCCCCCCCCCCCCCNC(=O)CCc1ccc(CCC(=O)N*)cc1,0.937104778
*CCCCCCCCCCCCCCNC(=O)CCCCCCCCCCCCCCCCC(=O)N*,0.886924555
*CC(*)C(=O)OCCCCCCCCC,0.892016503
*Oc1ccc(S(=O)(=O)c2ccc(Oc3ccc(C4(c5ccc(*)cc5)c5ccccc5-c5ccccc54)cc3)cc2)cc1,1.096450635
*/C=C/c1cc(CCCCCCCCCCC)c(/C=C/c2ccc(*)cc2)cc1CCCCCCCCCCC,0.89127614
*c1cc(O)c(O)cc1*,0.986360805
*c1ccc(-c2nc3ccc(Oc4ccc5nc(*)c(-c6ccccc6)c(-c6ccccc6)c5c4)cc3c(-c3ccccc3)c2-c2ccccc2)cc1,0.956272559
*CC(O*)c1ccccc1,1.068349202
*CC(*)C(=O)NCCCCCCCCCCCCCCCC,0.864456022
*Nc1ccc(*)cc1OCCCCCCCCCCCCCCCC,0.899934311
*CCCCCCCCCNC(=O)CCCCCCCCCC(=O)N*,0.933531017
*CC(*)C(=O)Oc1ccc(-c2ccccc2)cc1,1.091305455
*CC(*)c1cc(-c2ccc(C(=O)OC(C)CCCCCC)cc2)ccc1-c1ccc(C(=O)OC(C)CCCCCC)cc1,0.947782381
*CC(*)c1cc(Br)ccc1OCCCC,1.214722149
*/C=C/c1cc(CCCCCCCCCCCC)c(/C=C/c2ccc(*)cc2)cc1CCCCCCCCCCCC,0.863597922
*CC(*)(C)C#N,0.912756425
*CC(*)(C)C(=O)OC,0.906319536
*CC(*)c1ccc(CCCCCCCC)cc1,0.86701632
*CCCCCCCCCCCCCCCCCCCCOC(=O)CCCCCCC(=O)O*,0.892806607
*CC(*)OC(=O)C1(F)C(F)(F)C(F)(F)C(F)(F)C(F)(F)C1(F)F,0.81190569
*CCCCCCCCCCCCNC(=O)CCCCC(=O)N*,0.944709172
*C1C2CCC(C2)C1*,0.859348965
*CC(*)C(=O)OCCCCCCCCCCCCCC,0.867171478
*CC(*)C(=O)OCC(C)CCC,0.903896392
*CC(*)(C)C(=O)OCCC(C)(C)C,0.860835583
*CC(*)C(=O)NCCCCCC(=O)O,1.07691203
*CC(*)C(=O)OCCCCCCCCCCCCCCCCCCCCCC,0.846770802
*CC(*)(C)C(=O)OCCCCCCCCCCCC,0.876333907
*Oc1ccc(C(C)(C)c2ccc(Oc3ccc(C(=O)Nc4ccc(-c5ccc(NC(=O)c6ccc(*)cc6)cc5C(F)(F)F)c(C(F)(F)F)c4)cc3)cc2)cc1,1.198766828
*CC(*)c1cccc(NC(C)=O)c1,1.037473199
*CC(*)c1ccc(-c2ccc3c(c2)C(CCCCCC)(CCCCCC)c2cc(-c4ccc5c(c4)C(CCCCCC)(CCCCCC)c4ccccc4-5)ccc2-3)cc1,0.887288053
*c1cc(/C=N/c2ccc(C)cc2)c(*)c(OC)c1,0.9332806
*CCCC1CC(=O)N(*)C(=O)C1,1.09306772
*CCC(C(=O)OCC)C(*)C(=O)OCC,0.983422084
*CC(*)c1ccc(CCCCCCCCCCCC)cc1,0.85312948
*CC(*)(C)C(=O)OC(C)C(C)(C)C,0.844615787
*CC(*)C(=O)OCCCC,0.952753315
*CCCCCCCCCCOC(=O)CCCCCCCCC(=O)O*,0.930218098
*CCCCCCCCCCNC(=O)CCCCCCCCCCCCCCCCCCCCC(=O)N*,0.884434958
*CCCCCCCCCCCCO*,0.85333452
*CCCCCCNC(=O)CCCCCCCCCCCCC(=O)N*,0.933728856
*Oc1c(C)cc(*)cc1C,0.945927386
*CC(*)(C)C(=O)OCCNC(C)(C)C,0.899956342
*CC(*)(C)C(=O)OC(F)(F)C(F)(F)C(F)(F)C(F)(F)C(F)(F)C(F)(F)C(F)(F)C(F)(F)F,1.517768128
*CCCCCCCCCCCCNC(=O)CCCCCCCCCCCCCCCCCCCCC(=O)N*,0.881825572
*CC(*)c1cccc(OC(C)=O)c1,1.002961799
*Oc1ccc(C(=O)c2ccc(*)cc2)cc1,1.182134646
*c1cc(CCCCCCCCCCCCCCC)c(*)s1,0.902739983
*CC(*)C(=O)OCCCSCC,1.049932374
*C(F)(F)C(F)(F)C1(F)C(*)(F)OC(F)(F)C1(F)F,1.564699369
*CC(*)(C)C(=O)OCc1ccccc1Cl,1.151611779
*CCCCCCCCCCCCCCC(=O)N*,0.89024336
*Oc1ccc(S(=O)(=O)c2ccc(Oc3c(C)cc(C(c4cc(C)c(*)c(C)c4)(C(F)(F)F)C(F)(F)F)cc3C)cc2)cc1,1.103576244
*CC(*)C(=O)OCCN(CC)c1ccc(/N=N/c2ccc([N+](=O)[O-])cc2)cc1,1.12679408
*/C=C/CCCCCCCCCC(Cl)CCCCCCCCC*,0.878956685
*CC(*)c1cccc2ccccc12,0.993182994
*CC(*)C(=O)NCCCCCCCCCCCCCC,0.86728938
*CC(*)C(=O)OC1CCCCC1,0.975831621
*CC(*)c1ccc(C(C)(C)O)cc1,0.934073122
*CC(*)C(=O)Oc1ccc(C(C)(C)C)cc1,0.958441992
*CCCCCCCCCCCNC(=O)CCCCCCCCC(=O)NCCCCCCCCCCCNC(=O)C(=O)N*,0.945505999
*Oc1c(-c2ccccc2)cc(*)cc1-c1ccccc1,1.041525617
*CCCCCCCCCCCCCCCCCCCCOC(=O)COCC(=O)O*,0.930690382
*CC(*)C(=O)OCCc1ccccc1,1.060028456
*c1cc(CCCCCCCCCCCCCC)c(*)s1,0.91341608
*CC(*)c1ccc(F)cc1,0.989259062
*CCCOC(=O)C1CCC(C(=O)O*)CC1,1.082251488
*C1CC2CC1C(*)C2CCCC,0.793157119
*CCCCCCCCCCCCCCCCCCNC(=O)CCCCCCCCCCC(=O)N*,0.890200365
*CC(*)c1ccc(OC(C)=O)cc1,1.037413892
*CC(*)(C)C(=O)OCCCCCC,0.903441723
*C1CCC1*,0.823406686
*c1[nH]c(*)c(CC(=O)OCCCCCCCCCCCC)c1CC(=O)OCCCCCCCCCCCC,0.913558675
*CCCCCCCNC(=O)CCCCCCCCC(=O)N*,0.943364885
*CCCCCCCCCCOCCCCCCCCCCOCCCCO*,0.882717038
*CC(*)CCCCCCCCCCC,0.803315138
*CC(*)c1ccc(-c2ccc3c(c2)C(CCCCCC)(CCCCCC)c2ccccc2-3)cc1,0.899366976
*c1ccc2c(c1)C(CCCCCC)(CCCCCC)c1cc(-c3cc(CCCCCCCC)c(*)cc3CCCCCCCC)ccc1-2,0.85154393
*CC(*)C(=O)OCCCCCCCCCCCCCCCC,0.864622073
*CC(*)(C)C(=O)OC1CCC(C)CC1,0.895972858
*CCCCCCCCCCCCCCCCOC(=O)CCCCCCCCC(=O)O*,0.912106929
*Oc1ccc(C(C)(C)c2ccc(OC(=O)c3cccc(C(*)=O)c3)cc2)cc1,1.101878575
*CC(*)c1ccc(C(C)C)cc1C(C)C,0.839803273
*CC(*)(C)c1ccc(C(C)C)cc1,0.808542478
*CC(*)C(=O)N1CCOCC1,1.114429035
*CC(*)(C)C(=O)OCC(C)(C)C,0.810146915
*CC(*)(Cl)C(=O)OCCC,1.102798912
*Oc1ccc(-c2ccc(-c3cc(-c4ccccc4)c(-c4ccc(-c5ccc(OC(=O)c6ccc(C(*)=O)cc6-c6ccccc6)cc5)cc4)c(-c4ccccc4)c3-c3ccccc3)cc2)cc1,0.963593
*CCc1ccc(*)s1,1.164977581
*CCCCCCCCCCNC(=O)CCCCCCCCC(=O)NCCCCCCCCCCNC(=O)C(=O)N*,0.955200662
*C1CC2CC1C(*)C2CCCCCCCCCC,0.855255368
*Nc1ccc(*)cc1CCCCCCCCCCCCCCC,0.876967341
*CCCCCCCCCCCCCCCCCCCCCCOC(=O)CCC(=O)O*,0.905357803
*CCCCCCCCNC(=O)CCCCCCCC(=O)N*,0.959342877
*CCCCCCCCNC(=O)CCCCCCCCCCC(=O)N*,0.92885236
*CS*,1.374050717
*CCNC(=O)CCCCCCCCCCCCCCCCC(=O)N*,0.932585043
*CC(*)(C)C(=O)OCCCl,1.111949892
*CCCCCCS(*)(=O)=O,1.13916765
*c1cc(CCCCCCCCCCCCCCCCCC)c(*)s1,0.892099579
*/C=C/CCCCCCCCCC(CCCCCCCCC*)COCCOCCOCCOCCOCCCCCC,0.891002299
*CC(*)c1ccc(CCCCCCCCCC)cc1,0.864032282
*CC(CC(*)(C#N)C(=O)OC)c1ccccc1,0.987197772
*CCCCCCCCCCCCCCCCCCCCOC(=O)CCCC(=O)O*,0.90650602
*CC(*)C(=O)OC(C)CCCCC,0.89263762
*/C=C/C(C(=O)OC(C)C)C(*)C(=O)OC(C)C,0.971892426
*CC(*)CCCCCCCCCCCC,0.805359167
*/C=C/c1cc(OCCCCCC)c(*)cc1OC,0.956645411
*CC(*)(C)C(=O)Oc1ccc2ccccc2c1,1.079099726
*CCCCCC(*)CCCCCCCCCCCCCC,0.80443165
*CC(*)CC(C)C,0.765836941
*CCC1CCC(*)C1,0.880692229
*CC(*)OC(=O)c1ccccc1,1.101556822
*CC(*)(C)C(=O)Oc1ccc(CC#N)cc1,1.056556928
*c1ccc2ccc3c(*)cc(C#CC=C)c4ccc1c2c34,0.757428031
*CC(*)C(=O)NCCCCCCCC/C=C/CCCCCCCC,0.860743742
*CC(*)C(=O)OCCCCSC,1.049744475
*CC(*)c1cc(Br)ccc1OCC,1.223503114
*CCCCCCCCCCCCOC(=O)CCCCC(=O)O*,0.946344135
*CC1(*)CCCCC1,0.795413005
*CCCCCCCCCCNC(=O)CCCCCCCCCCCC(=O)N*,0.912914925
*/C=C(/*)CCCCCCCCCCCCCCCCCCCCC(=O)O,0.868463517
*OC(*)CCC#N,1.042557473
*CCCCCCCNC(=O)CCCCCCCCCCCCCCCCCCC(=O)N*,0.900754814
*CC(*)c1ccccc1COCCC(C)C,0.924684677
*Oc1ccc(C2(c3ccc(OC(*)=O)cc3)CC3CCC2C3)cc1,1.084486229
*CC(*)(CC(=O)OCC)C(=O)OCC,0.965285515
*/C=C/CC*,0.8411584645000001
*CCCCCCCCCCCCCCOC(=O)CCCCC(=O)O*,0.934642528
*CC(*)CCC(C)C,0.772296641
*CC(*)C#N,0.979429396
*Oc1cccc(NC(=O)CCCCCCCCCCC(=O)Nc2ccc(*)cc2)c1,1.057348058
*CC(*)(CC(=O)OCCCc1ccccc1)C(=O)OCCCc1ccccc1,1.080352066
*CC(*)(C)C(=O)Oc1ccc(C)cc1C,0.95674619
*CC(*)CC1CCCCC1,0.816505893
*CCCCCCCCCCCCCCNC(=O)CCCCCCCCC(=O)N*,0.916585437
*CCCCCCCCCCCCOC(=O)CCCCCCC(=O)O*,0.931066388
*CC(*)c1ccc(Cl)cc1C,1.05867232
*CC(*)(C)C(=O)OCCS(=O)CC,1.117069249
*CC(*)C(=O)OCCC(C)C,0.928263907
*Sc1c(C)cc(*)cc1C,1.048021071
*CC(*)C(=O)NC(C)C,0.951472262
*Oc1ccc(C(C)(C)c2ccc(OC(=O)c3ccc(C(*)=O)cc3)cc2)cc1,1.104373146
*CC(*)OCCCCCCCCCCCCCCCCCC,0.834274703
*CC(*)CCCCCCCCCCCCC,0.803265072
*CCCCCCCCCCCNC(=O)CCCCC(=O)N*,0.9550917
*=C=C=C(CCCCOC(=O)Nc1ccccc1)C(=*)CCCCOC(=O)Nc1ccccc1,1.089327475
*CC(*)c1cc(Cl)ccc1Cl,1.217628771
*CC(*)(C#N)C(=O)OC,1.044265535
*/C=C/CCC*,0.834588519
*CCCCCCCCCCC(Cl)C(*)Cl,1.005372382
*CC(*)(CC(=O)OC1CCCCC1)C(=O)OC1CCCCC1,0.957033344
*/C=C/c1cc(OCCCCCCCC)c(*)cc1OC,0.939190483
*CCc1c(Cl)c(Cl)c(*)c(Cl)c1Cl,1.40293716
*CC(*)(C#N)C(=O)OCCCCCC,0.966634258
*Oc1ccc(NC(=O)CCCCCCCCCC(=O)Nc2ccc(*)cc2)cc1,1.073694962
*CC(*)CCCCCCCC,0.790932839
*CC(*)C(C)C,0.75714125
*CC(*)c1ccc(COCCOCCCCCCCC)cc1,0.931177736
*OC1CCCCC1*,0.931563064
*CC(*)C(=O)Oc1ccc(OC)cc1,1.117366408
*CCNC(=O)CCCCCCCCC(=O)N*,1.004989804
*C1C=CC(*)C1,0.939550686
*CC(*)C(=O)OC(C)CC(C)C,0.905312834
*CCCCCCCCCCC(=O)NCCCCCOCCCCCNC(=O)CCCCO*,0.94573393
*CC(*)C(=O)OC12CC3CC(C)(CC(C)(C3)C1)C2,0.949969923
*CCCCCCCCCCCCCCc1ccc(-c2c(-c3ccccc3)cc(-c3ccc(-c4cc(-c5ccccc5)c(-c5ccc(*)cc5)c(-c5ccccc5)c4-c4ccccc4)cc3)c(-c3ccccc3)c2-c2ccccc2)cc1,0.950245541
*CC(*)CCCCCCCCCCCCCC,0.795879987
*CCCCCCCCCCOCCCCCCOCCCCCCO*,0.880404561
*C(=O)N(*)CCCCCCCCCCCCCCCCCC,0.861970531
*CC(*)(C)C(=O)OC(C)C(F)(F)F,1.11386163
*CC/C=C(/*)CCCCCCCCCC,0.81139035
*/C=C/c1cc(OCCCCCCCCCCCCCCCC)c(/C=C/c2ccc(*)cc2)cc1OCCCCCCCCCCCCCCCC,0.88205721
*/C=C/c1cc(OCCCCCCCCCCCC)c(*)cc1OC,0.902248035
*CC(*)(C)C(=O)OCc1ccccc1,1.051885651
*CCCCCNC(=O)CCCCCCCCCCCC(=O)N*,0.943380242
*CC(*)c1ccc(O)c(OC)c1,1.031531368
*CC(*)C(=O)OCCCCCCCCCCCCCCCCCC,0.864259855
*CC(*)OC(=O)CCCCCCCCCCCCCCCCC,0.856119988
*c1ccc(-c2ccc(-c3ccc(C(*)(CC)C(F)(F)F)cc3)cc2)cc1,0.989585625
*CCCCCCCCCCCCCCNC(=O)CCCCCCCCCCC(=O)N*,0.906553684
*/C=C/c1ccc(*)c(-c2cc(OCCC(C)C)c(OCCC(C)C)cc2-c2ccc(OC)cc2)c1,0.925658948
*CC(*)(CC(=O)Oc1ccccc1)C(=O)Oc1ccccc1,1.099880838
*CC(*)c1ccc(COCCCCCCOc2ccc(-c3ccc(OC)cc3)cc2)cc1,1.040782353
*Oc1ccc(S(=O)(=O)c2ccc(Oc3c(C)cc(C(C)(C)c4cc(C)c(*)c(C)c4)cc3C)cc2)cc1,1.014775026
*c1c(-c2ccccc2)c(-c2ccccc2)c(*)c2cc(C3(c4ccc(C#Cc5ccccc5)c(C#Cc5ccccc5)c4)c4ccccc4-c4ccccc43)ccc12,0.900037683
*CC(*)C(=O)N(C)c1ccccc1,1.036978669
*CC(*)(C)C(=O)OC(F)(C(F)(F)F)C(F)(F)Cl,1.322806827
*CC(*)C(=O)N(C)C,0.999160184
*CC(*)OC(=O)CCCCCCCCCCCCCCC,0.858717726
*CC(*)c1ccc(CCCCCCCCCCCCCC)cc1,0.848186437
*CC(*)(C)C(=O)OCCCCCCCC,0.891484349
*CC(*)C(=O)OCC,1.001646084
*CC(*)C(=O)NCCCC,0.938352718
*CCCCCCCCCCCCCCNC(=O)CCCCCCCCCCCCCCCCCCCCC(=O)N*,0.876856201
*CC(*)n1c2ccccc2c2ccccc21,1.05806832
*CC(*)(C)C(=O)OCCCCC,0.917921435
*CC(CCl)(CCl)O*,1.297944961
*CC(*)(C)C(=O)OCCCC,0.906003571
*CC(*)(CC(=O)Oc1ccccc1C)C(=O)Oc1ccccc1C,1.059872607
*CCCCCCCCCNC(=O)CCCCCCCC(=O)N*,0.944002177
*CCCCCCCCCCCCCCCCCCCCC(*)Cl,0.869388674
*CC(*)(C)C(=O)OC(C)CC,0.898018787
*c1cccc(*)c1,0.992499014
*CC(*)C(=O)OCCCCCC,0.915149553
*CC(*)(C)C(=O)OCCN(C)C,0.981910387
*CC(C)(C)O*,0.861163598
*CC(*)C(=O)OCCSC,1.110954584
*CCCCCCCCNC(=O)CCCCCCCCCCCCCCCCC(=O)N*,0.901851851
*c1nc(-c2ccccc2)nc(N(c2ccccc2)c2ncnc(N(*)c3ccccc3)n2)n1,1.133996819
*c1cc(CCCCCCCCCCCC)c(*)cc1CCCCCCCCCCCC,0.832338804
*CCCCCCCCCCCCCNC(=O)CCCCCCCCCCCC(=O)N*,0.900220523
*Oc1ccc(C(C)(C)c2ccc(OC(=O)CN(CC(*)=O)c3ccc(/N=N/c4ccc([N+](=O)[O-])cc4)cc3)cc2)cc1,1.157411669
*CC(*)c1cc(C)ccc1C,0.907377009
*CC(*)C(=O)c1ccc(C)cc1,1.017121715
*c1cc(CCCCCCCCCCCCCCCC)c(*)[nH]1,0.866052711
*CC(*)c1cccc(Cl)c1,1.095935741
*CC(*)C(=O)N(C(C)C)C(C)C,0.844059103
*CC(*)CCC(C)CC,0.791153015
*CC(*)CNc1ccc([N+](=O)[O-])cn1,1.22830711
*Cc1ccc(CNC(=O)CCCCCCCCCCCCCCCCC(=O)N*)cc1,0.962041851
*CCCCCCCCCCNC(=O)CCCCCCCCCCCCCCCCCCC(=O)N*,0.892460081
*CCCCCCCCCCCCCCCCCCCCCCOC(=O)CCCCC(=O)O*,0.893790404
*CCC([2H])C(*)([2H])C,0.8045306
*CC(*)(C#N)C(=O)OCC,1.034280592
*CCCCCCNC(=O)C(CCCCCCCCCCCCCCCC)C(=O)N*,0.89124948
*CCN(*)C(=O)CCCCCCCCCCCCCCCCC,0.856888696
*CC(*)OC(=O)CCCCCCCCCCC,0.878322012
*c1ccc(-c2ccc(C(*)(C)C)cc2)cc1,0.952850626
*CC(*)C(=O)NCCCCCCCCCCCCCCCCCC,0.856385762
*CCCCCCC(=O)NCCCCCCNC(=O)CCCCCCO*,0.964171286
*CC(*)C(=O)NCCCCCCCCCCCC,0.870895681
*CC(*)C(C)CC,0.768938442
*CCCCCCNC(=O)CCCCCCCCCCCCCCCCC(=O)N*,0.910662796
*CC(*)(C)C(=O)OC1CCCCC1C,0.85282857
*/C=C/c1cc(OCC(CC)CCCC)c(*)cc1-c1ccc(F)c(C(F)(F)F)c1,1.037733826
*CCCCCCCCCCCCCCC(*)Cl,0.886561889
*CC(*)C(=O)Oc1ccc(Cl)cc1,1.211730555
*CCCCCCCCCCCCCCCCCCNC(=O)CCCCCCCCCCCCCCCCC(=O)N*,0.880970816
*CC(*)c1ccccc1C,0.876818696
*CCC/C=C(/*)c1ccc(Cl)cc1,1.085646157
*CCCCCCCCCCCCCCCCCCOCO*,0.865128678
*c1ccc(-c2sc(-c3cc(CCCCCCCCCCCC)c(*)s3)cc2CCCCCCCCCCCC)cc1,0.941065148
*CCCCCCCCCCNC(=O)CCCCCCCCC(=O)N*,0.92195685
*CCCCNC(=O)CCCCCCCCCCCCCCC(=O)N*,0.924969057
*CCCCCCCCCNC(=O)CCCCCCCCC(=O)NCCCCCCCCCNC(=O)C(=O)N*,0.96452094
*CCC(*)=O,1.073855453
*/C=C/CCCCCCCC*,0.822061556
*SC(*)(F)F,1.840998909
*CC(*)c1ccc(CCCCCCCCC)cc1,0.87039516
*CC(*)c1ccc(S(=O)(=O)O)cc1,1.219503167
*CC(*)(CC(=O)OCCC)C(=O)OCCC,0.95089128
*c1ccc(C(C)(C)c2ccc(-n3c(=O)c4cc5c(=O)n(*)c(=O)c5cc4c3=O)cc2)cc1,1.146465554
*/C=C/c1ccc(*)c(-c2cc(OCC(CC)CCCC)c(-c3ccccc3)cc2OCC(CC)CCCC)c1,0.947690837
*c1ccc(C2C(C(=O)OCC)C(*)C2C(=O)OCC)cc1,1.011107838
*CC(*)(Cl)C(=O)OCC,1.162819805
*CCN(*)C(=O)CCCCCCCCCCCCCCC,0.870810763
*CC(*)C1CC=CCC1,0.84208322
*CC(*)Cl,1.263489368
*CCCCCC(=O)O*,1.002695727
*CCCC(=O)NCc1ccc(CNC(=O)CCCO*)cc1,1.107946409
*Oc1ccc(C2(c3ccc(OC(*)=O)cc3)CC(C)CC(C)(C)C2)cc1,0.982602482
*C/C=C\C*,0.89
*O[Si](*)(C)c1ccccc1,1.11
*CCCCO*,0.98
*CC(*)OCCCCCCCC,0.914
*CC*,0.85
*CC=C(C*)CC,0.883
*CCCCCCCCO*,0.905999999999999
*CCCCCCO*,0.932
*CCO*,1.0
*CC(*)OCC(CC)CCCC,0.917999999999999
*CC(*)OCCCCC,0.904
*CC(*)C(=O)OCCCCCCCC,0.971
*CC(*)OCCCCCC,0.925
*CC(*)C=CC,0.89
*OCCCCCC(*)=O,1.095
*CC(*)CCC,0.86
*CC=C(Cl)C*,1.24299999999999
*CC(*)CC,0.86
*CC(*)C(=O)OCCC,1.08
*CCC[Si](*)(C)c1ccccc1,1.085
*CC(*)OCC(C)C,0.93
*CC(*)OC(C)CC,0.971
*CC(CCl)(CCl)CO*,1.386
*CC(*)C=C,0.909
*CC(*)SC,1.175
*OCCOC(=O)CCC(*)=O,1.18
*NCCCCCCCCCCCC(*)=O,0.99
*NCCCCCCCCCCC(*)=O,1.01
*CC(*)C(=O)OC(C)(C)C,1.0
*Oc1cccc(*)c1,1.001
*NCCCCCCCC(*)=O,1.083
*CCOC(=O)c1cccc(C(=O)O*)c1,1.119
*NCCCCCCC(*)=O,1.052
*NCCCCCCNC(=O)CCCCC(*)=O,1.07
*Cc1ccc(C*)cc1,1.046
*NCCCCCC(*)=O,1.084
*CC(*)(C)C(=O)OCCO,1.15
*Cc1ccc(C*)c(C#N)c1,0.95
*OCC1CCC(COC(=O)c2ccc(C(*)=O)cc2)CC1,1.196
*OCC(O)COc1ccc(C(C)(C)c2ccc(*)cc2)cc1,1.05
*CC(*)c1ccc(C(C)(C)C)cc1,0.95
*OC(=O)Oc1ccc(Cc2ccc(*)cc2)cc1,1.24
*OC(=O)Oc1ccc(C(c2ccc(*)cc2)(C(F)(F)F)C(F)(F)F)cc1,1.2
*Oc1ccc(S(=O)(=O)c2ccc(Oc3ccc(S(=O)(=O)c4ccc(*)cc4)cc3)cc2)cc1,1.27
*c1ccc(C(=O)c2ccc(N3C(=O)c4ccc(Oc5ccc(Sc6ccc(Oc7ccc8c(c7)C(=O)N(*)C8=O)cc6)cc5)cc4C3=O)cc2)cc1,1.27
