SMILES,Rg
*c1ccc(-c2ccc3c(c2)C(CCCCCCC#N)(CCCCCCC#N)c2cc(*)ccc2-3)cc1,28.6824407
*CC(*)c1ccc(C(=O)O)c(C(=O)O)c1,13.53424751
*CC(*)CC,13.87291346
*CC(*)C(=O)Oc1ccccc1C,12.7374634
*CC(*)C(=O)Oc1ccccc1,13.43533854
*CC(C)S(*)(=O)=O,20.99132259
*CC(*)c1cc(C(C)C)ccc1C(C)C,11.48207818
*CCCCCC(*)CCCCCC,16.82724961
*CC(*)CCCCCCC,10.79657738
*CC(*)CCCN(CC(C)C)CC(C)C,9.7283551
*c1ccc(-c2ccc(C(*)(c3ccccc3)C(F)(F)F)cc2)cc1,19.28801766
*CC(*)C(=O)OCCSCCCC#N,12.35091595
*CC(*)CCCCC,12.37609961
*CC(*)(C)C(=O)OC1CCCCC1,10.8595327
*Oc1ccc(S(=O)(=O)c2ccc(Oc3c(C)cc(Cc4cc(C)c(*)c(C)c4)cc3C)cc2)cc1,20.42938322
*CC(*)(C)C(=O)OC(C)(C)C,12.18535631
*CC1CCC(*)C1,21.77794424
*Oc1ccc(S(=O)(=O)c2ccc(Oc3ccc(C(C)(c4ccccc4)c4ccc(*)cc4)cc3)cc2)cc1,21.53470493
*CCCCCCCCCCC(=O)NCCCCCCNC(=O)CCCCO*,24.65708372
*/C=C/c1ccc(*)cc1,25.25187791
*CC(*)(CC(=O)OCCCCC)C(=O)OCCCCC,10.24635518
*CCCCCCCCNC(=O)CCCCCCCCCCCCCCCCCCCCC(=O)N*,23.85283439
*/C=C/c1cc(OCC(CC)CCCC)c(*)cc1-c1ccc(N(c2ccc(OC)cc2)c2ccc(OC)cc2)cc1,13.49779574
*C1Cc2ccccc2C1*,12.77290213
*CCCCCCCCCCCCCCCCCCCCOC(=O)CCCCCCCC(=O)O*,20.57750836
*CC(*)(CC(=O)OCCc1ccccc1)C(=O)OCCc1ccccc1,10.74609762
*CC(*)C(=O)Oc1ccc(C)cc1,13.5752804
*CCCCCCCCCCCCCCCCCCCCCC(=O)N*,21.86411406
*CC(*)(C)C(=O)OC1CCC(C(C)(C)C)CC1,10.86090269
*c1cc(CCCCCCCCCCCCCCCCCCCCCC)c(*)s1,15.35786351
*C1CCCCC1S(*)(=O)=O,15.15828898
*CC(*)(C)C(=O)Oc1c(Cl)c(Cl)c(Cl)c(Cl)c1Cl,14.15089535
*CCCCCCCCCCCCOC(=O)CCCCCCCCCCCCC(=O)O*,20.53765653
*CC(*)(CF)C(=O)OC,18.18607796
*CC(*)CCCC,12.02548488
*CC(*)C(=O)OCC(CC)CC,12.27591848
*CCCC(*)(C)C(=O)O,14.52607342
*c1ccc(NC(=O)Nc2ccc(NC(=O)Nc3ccc(-c4nc(C#N)c(C#N)nc4*)cc3)cc2)cc1,19.52705482
*c1cc2cccccc-2c1*,15.84965404
*CC(*)(C)C(=O)OCCOCC,12.39029756
*CC(*)(C)C(=O)OCCN(CC)CC,11.45757736
*CC(*)c1ccc(C(=O)OCCN(C)C)cc1,11.6806072
*CC(*)C(=O)OCc1ccc(C#N)cc1,11.86407254
*c1cc(/C=N/c2cccc(C)c2)cc(*)c1O,13.46142519
*CC(*)C(=O)OC1CC(C)CC(C)(C)C1,11.78379961
*CC(C)(C)CS(=O)(=O)CC(C)(C)COC(=O)O*,17.59804845
*CCCCCCCCCCCCCCCCCCCCOC(=O)CCCCC(=O)O*,23.96801429
*CCc1ccc(*)c2ccccc12,20.17560548
*CC(*)C(=O)OCCCCCCSCC#N,13.18158821
*C1C(=O)OC(=O)C1*,17.04190977
*CC(*)(C)C(=O)OC(C(F)(F)F)(C(F)(F)F)C(F)(F)F,13.23674474
*C1C(=O)N(c2ccccc2C(=O)OC)C(=O)C1*,12.24675377
*CC(*)c1cc(C)ccc1F,13.40669452
*CC(*)O,22.51988264
*CC(*)c1ccccc1COC(C)C,12.10539551
*CCc1ccc(-c2ccc(*)cc2)cc1,30.03662597
*CCCCCCNC(=O)C(CCCCCCCCCCCCC)C(=O)N*,13.5860206
*c1ccc(-c2ccc3c(c2)C(CCCCCC)(CCCCCC)c2cc(*)ccc2-3)cc1,27.96449264
*CC(*)(C)C(=O)OCc1ccco1,12.32614241
*CCCCCCCCCCC(=O)NCCc1ccc(CCNC(=O)CCCCCCCCCCS*)cc1,22.76143272
*CCCCCCCCCCNC(=O)CC/C=C/CCC(=O)N*,18.83632464
*/C=C/c1ccc(*)c2ccc(CCCCCC)cc12,20.81567785
*CC(*)c1ccccc1COCCCC,11.37399833
*CCCCCCCCCOC(=O)CCCCCCCC(=O)O*,20.56975581
*c1ccc2c(c1)SC1=Nc3cc(-c4ccc5c(c4)N=C4Sc6cc(*)ccc6N=C4N5)ccc3NC1=N2,27.5268485
*CC(*)C(=O)OCC(CC)CCCC,10.99379023
*CC(*)CC(C)C(F)(F)F,13.31500903
*CCCCCCCCC(=O)NCCCCCOCCCCCNC(=O)CCCO*,16.89480393
*CCCCCCCC(*)C,19.12833616
*CCCCCCCCCCNC(=O)CCCCCCCCCCCCCCC(=O)N*,23.47308455
*CC(*)(CF)C(=O)OCC,13.63736539
*C(=O)C(*)(C)C,25.84971423
*CC(*)C(=O)OCCSCCC#N,13.24819081
*CC(*)(C)C(=O)OCCc1ccccc1,11.43837267
*CC(*)C(=O)NC(C)CC,12.6370902
*CC(*)(C)C(=O)OCCN(CC)S(=O)(=O)C(F)(F)C(F)(F)C(F)(F)C(F)(F)C(F)(F)C(F)(F)C(F)(F)C(F)(F)F,12.31638522
*CC(*)(C#N)C(=O)OCCCC,13.85902924
*c1ccc(N2C(=O)c3ccc(-c4cccc5c4C(=O)N(*)C5=O)cc3C2=O)cc1,22.05257254
*c1nc2cc3sc(-c4cc(OCCCCCCCCCCCC)c(*)cc4OCCCCCCCCCCCC)nc3cc2s1,22.57173018
*CC(*)(C)C(=O)OCCCCCCCCCCCCCCCCCC,12.32577198
*Oc1cc(CCC)cc(OC(=O)c2cccc(C(*)=O)c2)c1,19.71902254
*CC(*)c1ccc(C)cc1C,12.1318108
*CCCN*,19.40336561
*c1nc(C)nc(N(CCCCCCN(*)c2ccccc2)c2ccccc2)n1,14.20899208
*CC(*)c1ccc(CCCCCCCCCCCCCCCC)cc1,12.88977254
*c1sc(*)c(OCCCCCCCCCCCCCCCCCCCC)c1C,14.34826035
*CC(*)c1ccccc1CC,13.27096728
*CC(*)C(=O)C1CCCCC1,11.28939719
*=C=C=C(Cn1c2ccccc2c2ccccc21)C(=*)Cn1c2ccccc2c2ccccc21,12.21503123
*CC(*)C(=O)OCCCCCC(=O)Oc1ccc(-c2ccc(C#N)cc2)cc1,12.97526971
*CCCCCCCNC(=O)C(CCCCCCCCCCCC)C(=O)N*,13.84301628
*/C=C/c1sc(*)c(OCCCCCCCCCCCC)c1OCCCCCCCCCCCC,11.69721179
*OS(=O)(=O)c1cccc(C(=O)c2cccc(S(=O)(=O)Oc3ccc(C(C)(C)c4ccc(*)cc4)cc3)c2)c1,16.18613012
*CC(*)C(=O)Oc1cccc2ccccc12,12.47317176
*CCCCCCCCCCCCCCS*,22.79770371
*/C=C/C(C*)C(C)CC,14.35476002
*CC(*)(C)C(=O)Oc1cccc(C)c1,12.06665155
*CC(*)C(=O)C(C)C,12.63604574
*CC(*)(CC(=O)Oc1ccc(C)cc1)C(=O)Oc1ccc(C)cc1,11.04114403
*CCCCCCCCCCOC(=O)CCCCCCC(=O)O*,22.70955044
*CC(*)C(C)=O,17.46864859
*/C=C/c1ccc(*)c(-c2cc(-c3ccccc3)c(OCC(CC)CCCC)cc2OCC(CC)CCCC)c1,12.57676107
*c1c(-c2ccccc2)c(-c2ccccc2)c(*)c2cc(C(c3ccc(C#Cc4ccccc4)c(C#Cc4ccccc4)c3)(C(F)(F)F)C(F)(F)F)ccc12,12.31035991
*CCCCCCCCCNC(=O)CCCCCCCCC(=O)N*,20.75684225
*c1ccc2c(c1)C(CCCCCC)(CCCCCC)c1cc(-c3cc(CCCCCC)c(*)cc3CCCCCC)ccc1-2,20.23991085
*CCCCCCCCCCSCCCCCCS*,28.27457475
*/C=C/CCCCC*,18.69881957
*/C=C/c1ccc(*)c(-c2cc(OCC(CC)CCCC)c(OCC(CC)CCCC)cc2-c2ccccc2)c1,13.24845393
*CCCCCNC(=O)CCCCCCCCOCCCCCCCCC(=O)NCCCCCO*,20.89267331
*CCCCCCCCCCCCCCCCCCCCC(*)COCCOCCOCCOCCOCCCCCCCCCCCCCC,18.64436035
*CCCCNC(=O)CCCCCCCCCC(=O)N*,22.50813311
*CC(*)C(=O)c1ccc(C(C)(C)C)cc1,10.58961551
*CCC(C)CCC(=O)O*,20.5666232
*c1ccc(-c2ccc(C3(*)CCCCC3)cc2)cc1,16.14335044
*CC(*)(F)C(=O)OCCC(F)(F)C(F)(F)C(F)(F)C(F)(F)C(F)(F)C(F)(F)C(F)(F)C(F)(F)C(F)(F)C(F)(F)F,12.86015216
*C(=O)c1ccc2c(c1)C(=O)N(c1ccc(Oc3ccc(C(=O)c4cccc(C(=O)c5ccc(Oc6ccc(N7C(=O)c8ccc(*)cc8C7=O)cc6)cc5)c4)cc3)cc1)C2=O,23.97728876
*CC(*)(C)c1ccccc1,14.83591616
*CC(*)c1ccc(C(=O)OC)cc1,13.1037956
*CC(*)(C)C(=O)OCc1cccc([N+](=O)[O-])c1,11.3618897
*CC(*)OC(=O)c1ccc(OC(=O)CCC)cc1,12.25368206
*CC(*)OC(=O)CC,14.03059072
*CCCCCCCCCCCCCCOC(=O)CCCCCCC(=O)O*,21.54233832
*CCC(Cl)C(*)Cl,21.78634698
*CCCCCCCCCCNC(=O)NCCCCCCCCNC(=O)N*,20.6076312
*CCCCCCCNC(=O)CCCCCCCCCC(=O)N*,22.70774878
*CCCCCCCCCCCCNC(=O)CCCCCCCCCCCCC(=O)N*,22.53219601
*CCCCCCCCCCOc1ccc(OC(=O)c2ccc(OCCCCCCOc3ccc(C(=O)Oc4ccc(O*)cc4)cc3)cc2)cc1,26.55570698
*CCCCCNC(=O)CCCCCCCCCCCCC(=O)N*,18.89913865
*CC(*)c1ccc(Cl)cc1,17.89940277
*CCCCCCNC(=O)C(CCCCCCCCCCCCCCC)C(=O)N*,15.49662691
*/C=C/C(C*)CCC,13.41293322
*CC(*)OC(C)C,13.44308483
*CC(*)c1ccc(O)cc1,13.91356146
*CCCCCCCCC(=O)NCCCCCCNC(=O)CCCCO*,20.96547901
*CC(*)c1ccccc1COCCC,12.52488555
*CCCCCNC(=O)CCCCCCCCCCCCCCCCCCC(=O)N*,20.51772176
*CC(*)(CC(=O)Oc1cccc(C)c1)C(=O)Oc1cccc(C)c1,10.97057697
*CCCCCC(*)CCCCCCCCCC,15.17699114
*CCCS(*)(=O)=O,19.8097907
*c1cc(CCCCCCCCCCCCC)c(*)s1,16.27456982
*/C=C/CCCCCC*,19.38675152
*CC(*)C(=O)Oc1ccc(C#N)cc1,13.89490111
*CC(*)(C)C(=O)OCCBr,15.26731429
*/C=C/c1ccc(*)c(-c2cc(OCCC(C)C)c(OCCC(C)C)cc2-c2ccc(C(F)(F)F)cc2)c1,17.81147708
*c1cc(OCCCCCCCCCCCC)c(*)cc1O,17.49332984
*c1ccc(-c2nnc(-c3cccc(-c4nnc(*)n4-c4ccccc4)c3)n2-c2ccccc2)cc1,24.31804369
*CCCCCCCCCCCCNC(=O)NCCCCCCNC(=O)N*,17.68935554
*CC(*)C(=O)OCc1ccccc1,13.15993394
*CC(*)OC(=O)CCCCCCCCCCCCCCCCCCCCC,13.69025537
*CC(*)C(=O)OC(C)CCC(CC)CCCC,10.36326711
*CC(*)(C)C(=O)OCCOC,13.61871523
*c1sc(*)c2c1OCC(CCCCCCCCCCCCCCCC)O2,15.08786185
*CC(*)CCCCCCCCCC,11.10583978
*CC(*)C(=O)OCCSCC,14.51100233
*CC(*)C,15.63619856
*CC(*)(C)C(=O)OCC,13.61883804
*c1ccc(Cc2ccc(-n3c(=O)c4cc5c(=O)n(*)c(=O)c5cc4c3=O)cc2)cc1,29.70086573
*CC(C)(C)CS(*)(=O)=O,16.55092442
*c1ccc2c(c1)C(CCCCCC)(CCCCCC)c1cc(-c3cc(CCCCCCCCCC)c(*)cc3CCCCCCCCCC)ccc1-2,18.38442171
*CC(*)(C)C(=O)Oc1ccc(C#N)cc1,12.9825722
*CC(*)c1c([2H])c([2H])c([2H])c([2H])c1[2H],14.83081456
*CC(*)(CC(=O)OCCCC)C(=O)OCCCC,10.50145976
*CC(*)(C)C(=O)OCC[N+](=O)[O-],14.1297443
*/C=C/CCCCCCCCCC*,20.61494369
*CC(*)(C)C(=O)OCC(F)(F)C(F)(F)C(F)(F)C(F)(F)C(F)(F)C(F)(F)C(F)(F)F,12.88558494
*CC(*)c1ccc(COc2ccc(-c3ccc(C#N)cc3)cc2)cc1,12.90310493
*Oc1c(C)cc(*)cc1-c1ccccc1,15.57570307
*CCCCCCN(C)C(=O)CCCCCCCCCCCCCCCCC(=O)N(*)C,19.92649972
*Oc1ccc(Oc2ccc(C(=O)c3ccccc3-c3ccccc3C(=O)c3ccc(*)cc3)cc2)cc1,17.8866103
*CC(*)(C)C(=O)Oc1ccc(C)cc1,12.66351417
*CC(*)c1cc(C(C)(C)C)ccc1C,12.50033571
*CC(*)(C)C(=O)OC1CCCC(C)C1,10.34584016
*OC(*)C(Cl)(Cl)Cl,18.35760963
*CCCCCC(*)CCCCCCCC,14.0622995
*CCCCCCCCCCNC(=O)C(CCCCCCCCCCCC)C(=O)N*,16.27222852
*CC(*)c1cc(F)ccc1F,14.49605377
*CC(*)(Cl)C(=O)OCCCC,13.37410592
*CC(*)(C)C(=O)OCCCCCCOc1ccc(-c2ccc(OC)cc2)cc1,12.60793073
*CC(*)(CC(=O)OCCCCCC)C(=O)OCCCCCC,10.01915881
*CC(*)c1ccc(COCC(CC)CCCC)cc1,11.12376829
*CCOC(=O)CCCCSCCCCC(=O)O*,19.93042453
*CC(*)(C)C(=O)OCCN(CC)c1ccc(/N=N/c2ccc([N+](=O)[O-])cc2)cc1,12.26891849
*CC(*)(Cl)C(=O)OC(C)C,15.80245006
*CCCCCCCCCCCCC(c1ccc(O)cc1)C(*)c1ccc(O)cc1C,19.25364485
*CCCCCCCCCCSSCCCCCCSS*,21.63979729
*CC(*)(C)C(=O)OCC(CC)CCCC,11.16194662
*CC(*)(C)C(=O)OCCCCn1c2ccccc2c2ccccc21,11.45732375
*CC(*)(C)C(N)=O,16.36913311
*c1ccc2c(c1)C(CCCCCC)(CCCCCC)c1cc(-c3cc(OCc4ccccc4)c(*)cc3OCc3ccccc3)ccc1-2,21.32352082
*CCCCCCCCCCCC(c1ccc(O)cc1)C(*)c1ccc(O)cc1C,17.25139441
*CC(*)(C)C(=O)NC(=O)OC(C)COc1c(Br)cc(S(=O)(=O)c2cc(Br)c(OCC(C)O)c(Br)c2)cc1Br,12.5994675
*CCCCCCCCCCNC(=O)CCCCCCCCCCCCC(=O)N*,18.99975515
*CCN*,16.50971705
*CCCCCCS(=O)(=O)CCCCCS(*)(=O)=O,18.44065947
*CCc1ccc(*)o1,21.29011365
*Sc1ccc(*)cc1,21.1652389
*CC(*)n1cc2ccccc2n1,13.9727997
*CC(*)c1ccc(F)cc1C,15.55720188
*CCCOC(=O)CCCCCCCCCCCCCCCCC(=O)O*,21.46640792
*CC(*)C(=O)OCCC#N,14.52014103
*CCCCCCCCCCOC(=O)CCCCCCCC(=O)O*,23.93933283
*CC(*)(C)C(=O)OCCCCCCCCCCCCCC,11.14771595
*c1sc(*)c(OCCCCCCCCCCCCCC)c1C,14.84412514
*CCCCCCCCCCOC(=O)CCCCCNC(=O)CCCCC(=O)NCCCCCC(=O)O*,19.25074729
*CCCC(*)(C)C,15.7837124
*CCCCCCCCCCCCCCCC[N+](C)(C)CCCCCC[N+](*)(C)C,20.26505078
*/C=C(/*)C#CCCCCCCCCCCCCCCCCCCCCC(=O)O,15.06400186
*CC/C(C)=C(/*)C,14.53648643
*c1ccc2c(c1)C(=O)N(c1cc(OCCN(CC)c3ccc(/N=N/c4ccc([N+](=O)[O-])cc4)cc3)cc(N3C(=O)c4ccc(C(*)(C(F)(F)F)C(F)(F)F)cc4C3=O)c1)C2=O,17.1881696
*ON(C(F)(F)F)C(F)(F)C(*)(F)F,17.31090487
*Oc1ccc(S(=O)(=O)c2ccc(Oc3ccc(-c4ccc(*)cc4)cc3)cc2)cc1,22.21547246
*CCCCCCCCNC(=O)CCCCCCCCC(=O)NCCCCCCCCNC(=O)C(=O)N*,22.44231118
*/C=C/C(C)C(*)C,16.53077558
*c1sc(*)c(OCCCCCCCCCCCC)c1C,16.11371346
*CC(*)(C)C(=O)OC(C(F)(F)F)C(F)(F)F,12.6767809
*CC(*)C(=O)OC(C)CCCCCC,11.2218737
*OC(=O)CCCCCC(*)=O,17.5417392
*c1ccc(NC(=O)Nc2ccc(NC(=O)Nc3ccc(-c4nc(-c5ccc([N+](=O)[O-])cc5)[nH]c4*)cc3)cc2)cc1,19.2258376
*CC(*)C(=O)OCC(C)(C)C,13.30665929
*CCCCCCCCCCCNC(=O)CCCCCCCCCCCCCCCCCCC(=O)N*,24.48690078
*CCCCCNC(=O)CCCCCCOCCCCCCC(=O)NCCCCCO*,19.41025454
*c1ccc(-c2ccc3c(c2)C(CCCCCCBr)(CCCCCCBr)c2cc(*)ccc2-3)cc1,29.39678289
*CCc1ccc(CCNC(=O)CCCCCCCCCCCCCCCC(=O)N*)cc1,20.56020443
*CCCCCCCCCCC(=O)NCCCCCC(=O)N*,19.36818383
*CCCCCCCCCCCCCCCCCCCCOC(=O)CC(=O)O*,19.41376744
*C1CCC(*)C1,19.86080991
*CC(*)(C)C(=O)OCC(C)(C)C1OCC(C)(C)CO1,10.65097658
*CC(*)c1cccs1,15.89865681
*CC(*)(C)C(=O)Oc1ccccc1,13.34805903
*CCCCCCCCC(=O)NCCCCCCNC(=O)CCCCCCCCO*,20.81346955
*CC(*)(C)C(=O)OCC1CCCO1,11.83904224
*CC(*)C(=O)Oc1ccc(Cl)cc1Cl,15.04038649
*CC(*)O[N+](=O)[O-],17.27231362
*/C=C/c1ccc(*)c(-c2c(OCC(CC)CCCC)ccc3cc(-c4ccccc4)ccc23)c1,14.07025714
*CCCCCNC(=O)CCCCCCCCCCCCCCCCC(=O)N*,20.46088256
*CCCCCCCCC(=O)NCCCCCOCCCCCNC(=O)CCCCO*,19.44997486
*Oc1ccc(OC(=O)CCCCCCCCC(*)=O)cc1,23.48222813
*CC(*)c1cccc(N(c2ccc(C)cc2)c2ccc(C)cc2)c1,10.58513595
*CCCCCCCCCCC(=O)NCCCCCOCCCCCNC(=O)CCCO*,22.28109939
*CCCCCCCCCCC(c1ccc(O)cc1)C(*)c1ccc(O)cc1C,16.72244264
*CC(*)C(=O)OCC(C)CC,13.54986722
*CC(*)(C)C(=O)Oc1ccccc1C,13.62318206
*CCCCCCNC(=O)C(CCCCCCCCCCCCCCCCC)C(=O)N*,16.83151528
*CC(*)C(=O)Oc1cccc(C)c1,13.42046484
*/C=C/CCCCCCC(Cl)CCCCCC*,19.54188854
*CCCCCCCCCCCCCCCCCCCCC(*)COCCOCCOCCOCCOCCCCCC,18.76168306
*CC(*)(C)C(=O)OC(F)(C(F)(F)F)C(F)(F)F,15.38423682
*CCCCCCCCCCCCCCNC(=O)NCCCCCCNC(=O)N*,18.42693992
*CCCCCCCCCCCCCCCCCCCCOC(=O)CCCCCC(=O)O*,22.86240687
*C1CC2CC1C(*)C2CCCCCC,10.70862832
*C1C(=O)N(c2ccccc2)C(=O)C1*,14.56697254
*CC(*)c1ccc(C(C)=O)cc1,14.74755617
*CCCCCCCCNC(=O)CCCCCCCCCCCCCCC(=O)N*,21.08607303
*CCCCCCCCCCCCCCC(=O)O*,18.2412139
*CC(*)(C)C(C)=O,15.25957674
*CC(*)(Cl)C(=O)OC1CCCCC1,12.33320291
*CCc1ccc(CCNC(=O)CCCCCCCCCCCCCCCCCCCCC(=O)N*)cc1,22.57031329
*Oc1ccc(Oc2ccc(Oc3ccc(S(=O)(=O)c4ccc(*)cc4)cc3)cc2)cc1,24.89017712
*CC(*)(C)C(=O)OCC1(C)COCOC1,10.74845321
*CCCCCCCCCCCCCCCCCCCCOC(=O)CCCCSCCCCC(=O)O*,18.71887364
*/C=C/*,34.672905605
*CC/C=C(/*)C(C)(C)C,13.577310245
*CC(*)C(=O)OC(CC)CC,12.41393583
*c1cc(*)c(O)c(/C=N/c2ccc(Cl)cc2)c1,13.61558599
*CC(*)c1ccc(CCC)cc1,13.03650471
*CCOCCOC(=O)CCCCCCCCCCCCCCCCC(=O)O*,23.57437713
*C1C(=O)N(c2ccc(C)cc2)C(=O)C1*,12.83180759
*CC(*)(C)C(=O)OCCC#N,14.2239278
*CC(*)OCC,15.66973123
*CC(*)C(=O)OCCCCCCOc1ccc(C(=O)Oc2ccc(C#N)cc2)cc1,13.394951
*/C=C/C(C)(C)C(*)(C)C,15.50648001
*CC(CCCCCCCCCCCCCCCC)C1C(=O)N(CCCCCCCCCCCC)C(=O)C1*,11.65178394
*CC(*)C=C(C)C,12.78661329
*CC(*)C(=O)Oc1c(Cl)c(Cl)c(Cl)c(Cl)c1Cl,15.64579264
*CC(*)(C)C(=O)OCCF,14.10579773
*CC(*)C(=O)N(CCCC)CCCC,10.87629214
*/C=C/c1cc(OCC2CC3CC2C2CCCC32)c(*)cc1OCC1CC2CC1C1CCCC21,17.43472846
*Oc1ccc2c(c1)C1(CC2(C)C)CC(C)(C)c2ccc(OC(=O)c3cccc(C(*)=O)c3)cc21,15.18496739
*CC(*)OC,16.476876
*CO*,21.59688826
*CC(*)C=O,19.22062685
*CC(*)(C)C(=O)OCC1(C)COC(C)(C)OC1,11.46248639
*c1ccc(N2C(=O)c3ccc(C(=O)c4ccc5c(c4)C(=O)N(c4ccc(-c6nc7cc(-c8ccc9nc(-c%10ccccc%10)c(*)nc9c8)ccc7nc6-c6ccccc6)cc4)C5=O)cc3C2=O)cc1,22.18257973
*CC(*)c1ccccn1,14.84520894
*CC(*)C(=O)OCCCSCCC#N,12.13020166
*Oc1ccc2c(c1)C1(CC2(C)C)CC(C)(C)c2ccc(OC(*)=O)cc21,12.92707658
*CC(*)C(=O)OC(CCC(CC)CCCC)CC(C)C,10.23167095
*c1cccc(N2C(=O)c3ccc(Oc4ccc5c(c4)C4(CC(C)(C)c6ccc(Oc7ccc8c(c7)C(=O)N(*)C8=O)cc64)CC5(C)C)cc3C2=O)c1,20.26112885
*c1ccc(-c2ccc(C(*)(C)C(F)(F)F)cc2)cc1,21.06056085
*CC(*)C(=O)OCCSCC#N,13.88465277
*CC(*)(C)C(=O)OC12CC3CC(C)(CC(C)(C3)C1)C2,10.05911169
*Oc1ccc(S(=O)(=O)c2ccc(Oc3ccc(Cc4ccc(*)cc4)cc3)cc2)cc1,21.96383699
*Oc1ccc(S(=O)(=O)c2ccc(Oc3ccc(C(C)(C)c4ccc(*)cc4)cc3)cc2)cc1,22.20715615
*CCCCCCNC(=O)N*,23.54088095
*CCCCCCCCCCC(=O)NCc1ccc(CNC(=O)CCCCCCCCCCS*)cc1,21.13686578
*c1ccc(-c2ccc(C(*)(c3ccc(F)cc3)C(F)(F)F)cc2)cc1,20.76961788
*CCCCCCCCCCCSCCCCCCS*,21.98769917
*CC(*)C(=O)OCCCSC,12.36347326
*CC(*)(C)C(=O)OC1CC2CCC1(C)C2(C)C,10.2622674
*CCc1ccc(CCNC(=O)CCCCCCCCCCCCCCCCC(=O)N*)cc1,20.09079341
*CCC1CC(*)C2C3CCC(C3)C12,15.81211052
*Oc1ccc2c(c1)C1(CC2(C)C)CC(C)(C)c2ccc(OC(=O)c3ccc(C(*)=O)cc3)cc21,16.97613627
*CC(*)(C)C(=O)OCCCCCCCCCC,10.58766356
*CC(*)(C)C(=O)OC12CC3CC(CC(C3)C1)C2,10.82663282
*c1ccc(Oc2cccc(Oc3ccc(N4C(=O)c5cccc(Oc6cccc(Oc7cccc8c7C(=O)N(*)C8=O)c6)c5C4=O)cc3)c2)cc1,17.29130819
*Oc1cccc(OC(=O)c2ccc(C(C)(C)c3ccc(C(*)=O)cc3)cc2)c1,21.991583
*c1ccc(-c2cc(-c3ccc(OCCCCCC)cc3)cc(-c3ccc(-c4ccc5c(c4)C(CCCCCC)(CCCCCC)c4cc(*)ccc4-5)cc3)c2-c2ccc(OCCCCCC)cc2)cc1,19.66529502
*CC(*)C(=O)Oc1ccccc1C(C)(C)C,11.30667741
*CC(*)C(=O)Oc1ccc(C(=O)OCCCC)cc1,12.11326982
*CC(*)C(=O)OC(F)(C(F)(F)F)C(F)(F)F,14.21742857
*CC(*)c1ccccc1COCCCCC,11.1484409
*c1cc(*)c(O)c(/C=N/c2ccc(N3CCOCC3)cc2)c1,15.17923007
*OS(=O)(=O)c1ccc(-c2ccc(S(=O)(=O)Oc3ccc(-c4ccc(*)cc4)cc3)cc2)cc1,23.22098571
*Oc1ccc(S(=O)(=O)c2ccc(Oc3ccc(C(C)(C)c4ccc(*)c(C)c4)cc3C)cc2)cc1,20.44800803
*CCS*,21.83251301
*CCCCCCCCCCCCOC(=O)CCCCCNC(=O)CCCCC(=O)NCCCCCC(=O)O*,19.39078981
*CCCCCCCCCCCCCCCCCCCCOC(=O)CCC(C)CC(=O)O*,19.1607057
*CC(*)c1ccc(CCCCCCCCCCCCCCCCCC)cc1,13.54553558
*CCCCNC(=O)CCCCCCC(=O)N*,18.29004994
*CCCNS(*)(=O)=O,21.72486866
*CC(*)(CC(=O)OCc1ccccc1)C(=O)OCc1ccccc1,10.67770667
*c1ccc2c(c1)C(CCCCCC)(CCCCCC)c1cc(-c3cc(OCCCCCCCC)c(*)cc3OCCCCCCCC)ccc1-2,18.18381296
*CCCCCCNC(=O)CCCCCCCCCCCCCCC(=O)N*,25.33874374
*CCCCCCCCCCCCCCCCCCCCc1nnc(*)o1,21.82969596
*C([2H])([2H])C(*)([2H])c1c([2H])c([2H])c([2H])c([2H])c1[2H],15.86735299
*CCCCCCCCCCC(=O)NCCCCCCNC(=O)CCCO*,20.55029983
*CC(*)(C)C(=O)OC1CC(C)CC(C)(C)C1,10.34521471
*C1CC2C3CCC(C3)C2C1*,12.5969108
*CC(*)c1ccc(Cl)cc1Cl,14.20802348
*CC(*)CCCCCCCCC,10.8952526
*CCCCCCCCCCNC(=O)CCCCCCC(=O)N*,22.25983328
*CC(*)(C)C(=O)Oc1ccc(C(C)(C)C)cc1,11.99542846
*CCCCNC(=O)CCCCC(=O)N*,18.074599
*CC(*)(C(=O)OC)c1ccccc1,13.63274404
*CC(*)C1CC1,14.17497209
*CC(*)c1ccc(C)cc1,14.54352841
*CC(*)C(=O)Oc1cccc(N(C)C)c1,12.53190731
*C*,24.4363295
*CCCCCCCCC(=O)NCCCCCCNC(=O)CCCO*,18.75749252
*CCCCCNC(=O)O*,20.62252342
*CC(*)C(=O)OCCC(C)OC,13.18729468
*CC(*)(CC)C(=O)OCC,12.48037065
*CC(*)CC(C)(C)C,11.55027129
*CC(*)C(=O)NC(C)(C)C,12.90682668
*CCCCOC(=O)CCCCCCCCCCCCCCCCCCCCCCCCCCCCCCCCCCC(=O)O*,25.68405963
*CCCCCCCCCCOC(=O)CCCCCCCCCCCCCCCCC(=O)O*,20.54848101
*CCCCCCCCCCCCCCCCCCCCOC(=O)C(=O)O*,22.92381656
*CC(*)(Cl)C(=O)OC(C)CC,14.79567929
*CC(*)C(=O)Oc1ccccc1Cl,13.82994352
*CCCCCCCCCCCCCCCCCCNC(=O)CCc1ccc(CCC(=O)N*)cc1,21.36882265
*CCCCCCCCCCCCCCNC(=O)CCCCCCCCCCCCCCCCC(=O)N*,21.34846534
*CC(*)C(=O)OCCCCCCCCC,10.93715508
*Oc1ccc(S(=O)(=O)c2ccc(Oc3ccc(C4(c5ccc(*)cc5)c5ccccc5-c5ccccc54)cc3)cc2)cc1,19.41986966
*/C=C/c1cc(CCCCCCCCCCC)c(/C=C/c2ccc(*)cc2)cc1CCCCCCCCCCC,15.68183389
*c1cc(O)c(O)cc1*,13.85120498
*c1ccc(-c2nc3ccc(Oc4ccc5nc(*)c(-c6ccccc6)c(-c6ccccc6)c5c4)cc3c(-c3ccccc3)c2-c2ccccc2)cc1,25.28802464
*CC(O*)c1ccccc1,12.8198381
*CC(*)C(=O)NCCCCCCCCCCCCCCCC,12.35489175
*Nc1ccc(*)cc1OCCCCCCCCCCCCCCCC,14.9826959
*CCCCCCCCCNC(=O)CCCCCCCCCC(=O)N*,25.4839371
*CC(*)C(=O)Oc1ccc(-c2ccccc2)cc1,11.54820166
*CC(*)c1cc(-c2ccc(C(=O)OC(C)CCCCCC)cc2)ccc1-c1ccc(C(=O)OC(C)CCCCCC)cc1,10.01820949
*CC(*)c1cc(Br)ccc1OCCCC,12.90254496
*/C=C/c1cc(CCCCCCCCCCCC)c(/C=C/c2ccc(*)cc2)cc1CCCCCCCCCCCC,16.18461866
*CC(*)(C)C#N,16.28256988
*CC(*)(C)C(=O)OC,14.29532166
*CC(*)c1ccc(CCCCCCCC)cc1,11.37694228
*CCCCCCCCCCCCCCCCCCCCOC(=O)CCCCCCC(=O)O*,20.14069114
*CC(*)OC(=O)C1(F)C(F)(F)C(F)(F)C(F)(F)C(F)(F)C1(F)F,13.56949767
*CCCCCCCCCCCCNC(=O)CCCCC(=O)N*,22.08425305
*C1C2CCC(C2)C1*,14.8573309
*CC(*)C(=O)OCCCCCCCCCCCCCC,11.51022625
*CC(*)C(=O)OCC(C)CCC,12.10743643
*CC(*)(C)C(=O)OCCC(C)(C)C,11.4609216
*CC(*)C(=O)NCCCCCC(=O)O,11.78404643
*CCCCCCCCCCCC(=O)N*,21.42021733
*CC(*)C(=O)OCCCCCCCCCCCCCCCCCCCCCC,13.56836556
*CC(*)(C)C(=O)OCCCCCCCCCCCC,11.1507459
*Oc1ccc(C(C)(C)c2ccc(Oc3ccc(C(=O)Nc4ccc(-c5ccc(NC(=O)c6ccc(*)cc6)cc5C(F)(F)F)c(C(F)(F)F)c4)cc3)cc2)cc1,27.69445684
*CC(*)c1cccc(NC(C)=O)c1,12.26908267
*CC(*)c1ccc(-c2ccc3c(c2)C(CCCCCC)(CCCCCC)c2cc(-c4ccc5c(c4)C(CCCCCC)(CCCCCC)c4ccccc4-5)ccc2-3)cc1,12.74028627
*c1cc(/C=N/c2ccc(C)cc2)c(*)c(OC)c1,24.66422713
*CCCC1CC(=O)N(*)C(=O)C1,17.92550338
*CCC(C(=O)OCC)C(*)C(=O)OCC,17.46362519
*CC(*)c1ccc(CCCCCCCCCCCC)cc1,11.9470464
*CC(*)(C)C(=O)OC(C)C(C)(C)C,10.99075229
*CC(*)C(=O)OCCCC,12.71172021
*CCCCCCCCCCOC(=O)CCCCCCCCC(=O)O*,21.56106622
*CCCCCCCCCCNC(=O)CCCCCCCCCCCCCCCCCCCCC(=O)N*,21.19385371
*CCCCCCCCCCCCO*,24.21423422
*CCCCCCNC(=O)CCCCCCCCCCCCC(=O)N*,22.40485025
*Oc1c(C)cc(*)cc1C,16.3810139
*CC(*)(C)C(=O)OCCNC(C)(C)C,11.94476747
*CC(*)(C)C(=O)OC(F)(F)C(F)(F)C(F)(F)C(F)(F)C(F)(F)C(F)(F)C(F)(F)C(F)(F)F,12.13515797
*CCCCCCCCCCCCNC(=O)CCCCCCCCCCCCCCCCCCCCC(=O)N*,22.00194528
*CC(*)c1cccc(OC(C)=O)c1,14.19064142
*Oc1ccc(C(=O)c2ccc(*)cc2)cc1,25.66079856
*c1cc(CCCCCCCCCCCCCCC)c(*)s1,16.04613034
*CC(*)C(=O)OCCCSCC,13.79806606
*C(F)(F)C(F)(F)C1(F)C(*)(F)OC(F)(F)C1(F)F,19.456651
*CC(*)(C)C(=O)OCc1ccccc1Cl,13.32041855
*CCCCCCCCCCCCCCC(=O)N*,23.00931982
*Oc1ccc(S(=O)(=O)c2ccc(Oc3c(C)cc(C(c4cc(C)c(*)c(C)c4)(C(F)(F)F)C(F)(F)F)cc3C)cc2)cc1,21.11102867
*CC(*)C(=O)OCCN(CC)c1ccc(/N=N/c2ccc([N+](=O)[O-])cc2)cc1,12.43938389
*/C=C/CCCCCCCCCC(Cl)CCCCCCCCC*,20.00761368
*CC(*)c1cccc2ccccc12,12.95937506
*CC(*)C(=O)NCCCCCCCCCCCCCC,11.91385451
*CC(*)C(=O)OC1CCCCC1,11.16519036
*CC(*)c1ccc(C(C)(C)O)cc1,12.4288407
*CC(*)C(=O)Oc1ccc(C(C)(C)C)cc1,10.3213082
*CCCCCCCCCCCNC(=O)CCCCCCCCC(=O)NCCCCCCCCCCCNC(=O)C(=O)N*,21.31594048
*Oc1c(-c2ccccc2)cc(*)cc1-c1ccccc1,16.01472431
*CCCCCCCCCCCCCCCCCCCCOC(=O)COCC(=O)O*,21.36408001
*CC(*)C(=O)OCCc1ccccc1,12.57995644
*c1cc(CCCCCCCCCCCCCC)c(*)s1,16.14848283
*CC(*)c1ccc(F)cc1,16.36886102
*CCCOC(=O)C1CCC(C(=O)O*)CC1,20.95656384
*C1CC2CC1C(*)C2CCCC,12.17988527
*CCCCCCCCCCCCCCCCCCNC(=O)CCCCCCCCCCC(=O)N*,20.23441523
*CC(*)c1ccc(OC(C)=O)cc1,13.82349277
*CC(*)(C)C(=O)OCCCCCC,11.78953051
*C1CCC1*,14.41189122
*c1[nH]c(*)c(CC(=O)OCCCCCCCCCCCC)c1CC(=O)OCCCCCCCCCCCC,11.77651013
*CCCCCCCNC(=O)CCCCCCCCC(=O)N*,20.0736371
*CCCCCCCCCCOCCCCCCCCCCOCCCCO*,21.18686489
*CC(*)CCCCCCCCCCC,10.73852636
*CC(*)c1ccc(-c2ccc3c(c2)C(CCCCCC)(CCCCCC)c2ccccc2-3)cc1,10.82333757
*c1ccc2c(c1)C(CCCCCC)(CCCCCC)c1cc(-c3cc(CCCCCCCC)c(*)cc3CCCCCCCC)ccc1-2,17.51524142
*CC(*)C(=O)OCCCCCCCCCCCCCCCC,12.59659455
*CC(*)(C)C(=O)OC1CCC(C)CC1,11.80505526
*CCCCCCCCCCCCCCCCOC(=O)CCCCCCCCC(=O)O*,22.06826429
*Oc1ccc(C(C)(C)c2ccc(OC(=O)c3cccc(C(*)=O)c3)cc2)cc1,18.7163871
*CCCNC(=O)CCCCCCCCCCCCCCCCCCC(=O)N*,20.46241251
*CC(*)c1ccc(C(C)C)cc1C(C)C,10.87873099
*CC(*)(C)c1ccc(C(C)C)cc1,12.41984319
*CC(*)C(=O)N1CCOCC1,11.35819502
*CC(*)(C)C(=O)OCC(C)(C)C,10.91862442
*CC(*)(Cl)C(=O)OCCC,12.27540357
*Oc1ccc(-c2ccc(-c3cc(-c4ccccc4)c(-c4ccc(-c5ccc(OC(=O)c6ccc(C(*)=O)cc6-c6ccccc6)cc5)cc4)c(-c4ccccc4)c3-c3ccccc3)cc2)cc1,27.63852935
*CCc1ccc(*)s1,25.29233638
*CCCCCCCCCCNC(=O)CCCCCCCCC(=O)NCCCCCCCCCCNC(=O)C(=O)N*,21.885982
*C1CC2CC1C(*)C2CCCCCCCCCC,14.39063477
*Nc1ccc(*)cc1CCCCCCCCCCCCCCC,16.45604164
*CCCCCCCCCCCCCCCCCCCCCCOC(=O)CCC(=O)O*,22.64614546
*CCCCCCCCNC(=O)CCCCCCCC(=O)N*,19.77502946
*CCCCCCCCNC(=O)CCCCCCCCCCC(=O)N*,22.0513884
*CS*,21.43297913
*CCNC(=O)CCCCCCCCCCCCCCCCC(=O)N*,19.09375808
*CC(*)(C)C(=O)OCCCl,14.37849945
*CCCCCCS(*)(=O)=O,20.45790421
*c1cc(CCCCCCCCCCCCCCCCCC)c(*)s1,14.38765864
*/C=C/CCCCCCCCCC(CCCCCCCCC*)COCCOCCOCCOCCOCCCCCC,16.02209513
*CC(*)c1ccc(CCCCCCCCCC)cc1,11.38875554
*CC(CC(*)(C#N)C(=O)OC)c1ccccc1,16.39022868
*CCCCCCCCCCCCCCCCCCCCOC(=O)CCCC(=O)O*,20.12266872
*CC(*)C(=O)OC(C)CCCCC,11.17976548
*/C=C/C(C(=O)OC(C)C)C(*)C(=O)OC(C)C,13.10146733
*CC(*)CCCCCCCCCCCC,11.32200697
*/C=C/c1cc(OCCCCCC)c(*)cc1OC,21.10266717
*CC(*)(C)C(=O)Oc1ccc2ccccc2c1,12.73790543
*CCCCCC(*)CCCCCCCCCCCCCC,14.47745133
*CC(*)CC(C)C,11.25375484
*CCC1CCC(*)C1,25.78669657
*CC(*)OC(=O)c1ccccc1,13.40000836
*CC(*)(C)C(=O)Oc1ccc(CC#N)cc1,12.67707231
*c1ccc2ccc3c(*)cc(C#CC=C)c4ccc1c2c34,34.48730282
*CC(*)C(=O)NCCCCCCCC/C=C/CCCCCCCC,12.94376545
*CC(*)C(=O)OCCCCSC,12.27513461
*CC(*)c1cc(Br)ccc1OCC,13.17144668
*CCCCCCCCCCCCOC(=O)CCCCC(=O)O*,19.57740116
*CC1(*)CCCCC1,12.99416817
*CCCCCCCCCCNC(=O)CCCCCCCCCCCC(=O)N*,24.40781229
*/C=C(/*)CCCCCCCCCCCCCCCCCCCCC(=O)O,14.07855526
*OC(*)CCC#N,13.31406094
*CCCCCCCNC(=O)CCCCCCCCCCCCCCCCCCC(=O)N*,21.54347658
*CC(*)c1ccccc1COCCC(C)C,10.79545525
*Oc1ccc(C2(c3ccc(OC(*)=O)cc3)CC3CCC2C3)cc1,20.59461102
*CC(*)(CC(=O)OCC)C(=O)OCC,13.08823383
*/C=C/CC*,19.29341066
*CCCCCCCCCCCCCCOC(=O)CCCCC(=O)O*,21.38435354
*CC(*)CCC(C)C,12.17429097
*CC(*)C#N,20.43708909
*Oc1cccc(NC(=O)CCCCCCCCCCC(=O)Nc2ccc(*)cc2)c1,21.51389258
*CC(*)(CC(=O)OCCCc1ccccc1)C(=O)OCCCc1ccccc1,10.10003467
*CC(*)(C)C(=O)Oc1ccc(C)cc1C,12.26970455
*CC(*)CC1CCCCC1,9.943107453
*CCCCCCCCCCCCCCNC(=O)CCCCCCCCC(=O)N*,18.81872143
*CCCCCCCCCCCCOC(=O)CCCCCCC(=O)O*,19.58490022
*CC(*)c1ccc(Cl)cc1C,13.55500415
*CC(*)(C)C(=O)OCCS(=O)CC,12.05051013
*CC(*)C(=O)OCCC(C)C,11.86917301
*Sc1c(C)cc(*)cc1C,18.9131789
*CC(*)C(=O)NC(C)C,13.50097132
*Oc1ccc(C(C)(C)c2ccc(OC(=O)c3ccc(C(*)=O)cc3)cc2)cc1,25.54111019
*CC(*)OCCCCCCCCCCCCCCCCCC,12.10790061
*CC(*)CCCCCCCCCCCCC,11.57516404
*CCCCCCCCCCCNC(=O)CCCCC(=O)N*,21.59948372
*=C=C=C(CCCCOC(=O)Nc1ccccc1)C(=*)CCCCOC(=O)Nc1ccccc1,15.55466977
*CC(*)c1cc(Cl)ccc1Cl,15.81204712
*CC(*)(C#N)C(=O)OC,17.02409485
*/C=C/CCC*,18.18601938
*CCCCCCCCCCC(Cl)C(*)Cl,22.70085055
*CC(*)(CC(=O)OC1CCCCC1)C(=O)OC1CCCCC1,10.04778986
*/C=C/c1cc(OCCCCCCCC)c(*)cc1OC,17.48153992
*CCc1c(Cl)c(Cl)c(*)c(Cl)c1Cl,22.58883992
*CC(*)(C#N)C(=O)OCCCCCC,12.966416
*Oc1ccc(NC(=O)CCCCCCCCCC(=O)Nc2ccc(*)cc2)cc1,27.22066116
*CC(*)CCCCCCCC,11.50351128
*CC(*)C(C)C,12.12922155
*CC(*)c1ccc(COCCOCCCCCCCC)cc1,11.54920484
*OC1CCCCC1*,14.6102827
*CC(*)C(=O)Oc1ccc(OC)cc1,14.44836262
*CCNC(=O)CCCCCCCCC(=O)N*,16.962466
*C1C=CC(*)C1,18.92440401
*CC(*)C(=O)OC(C)CC(C)C,11.11375504
*CCCCCCCCCCC(=O)NCCCCCOCCCCCNC(=O)CCCCO*,19.75537697
*CC(*)C(=O)OC12CC3CC(C)(CC(C)(C3)C1)C2,9.767195327
*CCCCCCCCCCCCCCc1ccc(-c2c(-c3ccccc3)cc(-c3ccc(-c4cc(-c5ccccc5)c(-c5ccc(*)cc5)c(-c5ccccc5)c4-c4ccccc4)cc3)c(-c3ccccc3)c2-c2ccccc2)cc1,20.47027569
*CC(*)CCCCCCCCCCCCCC,11.75279889
*CCCCCCCCCCOCCCCCCOCCCCCCO*,21.78044662
*C(=O)N(*)CCCCCCCCCCCCCCCCCC,12.57201307
*CC(*)CCC,12.33123131
*CC(*)(C)C(=O)OC(C)C(F)(F)F,13.75326334
*CC/C=C(/*)CCCCCCCCCC,13.05800565
*/C=C/c1cc(OCCCCCCCCCCCCCCCC)c(/C=C/c2ccc(*)cc2)cc1OCCCCCCCCCCCCCCCC,15.92222857
*/C=C/c1cc(OCCCCCCCCCCCC)c(*)cc1OC,20.35612021
*CC(*)(C)C(=O)OCc1ccccc1,12.3992761
*CCCCCNC(=O)CCCCCCCCCCCC(=O)N*,21.69094086
*CC(*)c1ccc(O)c(OC)c1,14.62592281
*CC(*)C(=O)OCCCCCCCCCCCCCCCCCC,13.46584828
*CC(*)OC(=O)CCCCCCCCCCCCCCCCC,12.48057398
*c1ccc(-c2ccc(-c3ccc(C(*)(CC)C(F)(F)F)cc3)cc2)cc1,22.38019563
*CCCCCCCCCCCCCCNC(=O)CCCCCCCCCCC(=O)N*,23.16076788
*/C=C/c1ccc(*)c(-c2cc(OCCC(C)C)c(OCCC(C)C)cc2-c2ccc(OC)cc2)c1,17.48157569
*CC(*)(CC(=O)Oc1ccccc1)C(=O)Oc1ccccc1,11.69552442
*CC(*)c1ccc(COCCCCCCOc2ccc(-c3ccc(OC)cc3)cc2)cc1,13.64379867
*Oc1ccc(S(=O)(=O)c2ccc(Oc3c(C)cc(C(C)(C)c4cc(C)c(*)c(C)c4)cc3C)cc2)cc1,13.70570836
*c1c(-c2ccccc2)c(-c2ccccc2)c(*)c2cc(C3(c4ccc(C#Cc5ccccc5)c(C#Cc5ccccc5)c4)c4ccccc4-c4ccccc43)ccc12,11.54976157
*CC(*)C(=O)N(C)c1ccccc1,11.67331343
*CC(*)(C)C(=O)OC(F)(C(F)(F)F)C(F)(F)Cl,14.48982121
*CC(*)C(=O)N(C)C,14.4722603
*CC(*)OC(=O)CCCCCCCCCCCCCCC,12.0896889
*CC(*)c1ccc(CCCCCCCCCCCCCC)cc1,12.56559059
*CC(*)(C)C(=O)OCCCCCCCC,11.61104884
*CC(*)C(=O)OCC,14.48303439
*CC(*)C(=O)NCCCC,11.69729541
*CCCCCCCCCCCCCCNC(=O)CCCCCCCCCCCCCCCCCCCCC(=O)N*,21.89554378
*CC(*)n1c2ccccc2c2ccccc21,11.82300548
*CC(*)(C)C(=O)OCCCCC,11.58525278
*CC(CCl)(CCl)O*,14.62361719
*CC(*)(C)C(=O)OCCCC,12.81294077
*CC(*)(CC(=O)Oc1ccccc1C)C(=O)Oc1ccccc1C,11.34414762
*CCCCCCCCCNC(=O)CCCCCCCC(=O)N*,22.95997032
*CCCCCCCCCCCCCCCCCCCCC(*)Cl,22.5555845
*CC(*)(C)C(=O)OC(C)CC,12.66511883
*c1cccc(*)c1,20.5902314
*CC(*)C(=O)OCCCCCC,11.92379481
*CC(*)(C)C(=O)OCCN(C)C,12.3457196
*CC(C)(C)O*,13.695157
*CC(*)C(=O)OCCSC,15.7280871
*CCCCCCCCNC(=O)CCCCCCCCCCCCCCCCC(=O)N*,21.13049646
*c1nc(-c2ccccc2)nc(N(c2ccccc2)c2ncnc(N(*)c3ccccc3)n2)n1,15.96371163
*c1cc(CCCCCCCCCCCC)c(*)cc1CCCCCCCCCCCC,11.74161872
*CCCCCCCCCCCCCNC(=O)CCCCCCCCCCCC(=O)N*,22.20373128
*Oc1ccc(C(C)(C)c2ccc(OC(=O)CN(CC(*)=O)c3ccc(/N=N/c4ccc([N+](=O)[O-])cc4)cc3)cc2)cc1,16.76101041
*CC(*)c1cc(C)ccc1C,13.45177375
*CC(*)C(=O)c1ccc(C)cc1,11.41539018
*c1cc(CCCCCCCCCCCCCCCC)c(*)[nH]1,14.71408344
*CC(*)c1cccc(Cl)c1,14.9638119
*CC(*)C(=O)N(C(C)C)C(C)C,11.58798505
*CC(*)CCC(C)CC,11.37248496
*CC(*)CNc1ccc([N+](=O)[O-])cn1,12.89532483
*Cc1ccc(CNC(=O)CCCCCCCCCCCCCCCCC(=O)N*)cc1,19.70952259
*CCCCCCCCCCNC(=O)CCCCCCCCCCCCCCCCCCC(=O)N*,24.81577292
*CCCCCCCCCCCCCCCCCCCCCCOC(=O)CCCCC(=O)O*,19.43446517
*CCC([2H])C(*)([2H])C,19.33954208
*CC(*)(C#N)C(=O)OCC,15.74241811
*CCCCCCNC(=O)C(CCCCCCCCCCCCCCCC)C(=O)N*,13.96037752
*CCN(*)C(=O)CCCCCCCCCCCCCCCCC,12.96507874
*CC(*)OC(=O)CCCCCCCCCCC,11.53444859
*c1ccc(-c2ccc(C(*)(C)C)cc2)cc1,21.2582938
*CC(*)C(=O)NCCCCCCCCCCCCCCCCCC,12.90114502
*CCCCCCC(=O)NCCCCCCNC(=O)CCCCCCO*,21.61972619
*CC(*)C(=O)NCCCCCCCCCCCC,11.87004823
*CC(*)C(C)CC,10.88423334
*CCCCCCNC(=O)CCCCCCCCCCCCCCCCC(=O)N*,20.51606091
*CC(*)(C)C(=O)OC1CCCCC1C,10.922036
*/C=C/c1cc(OCC(CC)CCCC)c(*)cc1-c1ccc(F)c(C(F)(F)F)c1,22.21132757
*CCCCCCCCCCCCCCC(*)Cl,21.91642918
*CC(*)C(=O)Oc1ccc(Cl)cc1,14.07962276
*CCCCCCCCCCCCCCCCCCNC(=O)CCCCCCCCCCCCCCCCC(=O)N*,22.40951609
*CC(*)c1ccccc1C,11.81194142
*CCC/C=C(/*)c1ccc(Cl)cc1,16.28575806
*CCCCCCCCCCCCCCCCCCOCO*,20.46039767
*c1ccc(-c2sc(-c3cc(CCCCCCCCCCCC)c(*)s3)cc2CCCCCCCCCCCC)cc1,19.30135388
*CCCCCCCCCCNC(=O)CCCCCCCCC(=O)N*,22.1235356
*CCCCNC(=O)CCCCCCCCCCCCCCC(=O)N*,22.41096002
*CCCCCCCCCNC(=O)CCCCCCCCC(=O)NCCCCCCCCCNC(=O)C(=O)N*,18.37068887
*CCC(*)=O,22.19638383
*/C=C/CCCCCCCC*,19.34707652
*SC(*)(F)F,24.17920498
*CC(*)c1ccc(CCCCCCCCC)cc1,11.44773012
*CC(*)c1ccc(S(=O)(=O)O)cc1,14.50652497
*CC(*)(CC(=O)OCCC)C(=O)OCCC,11.16357076
*c1ccc(C(C)(C)c2ccc(-n3c(=O)c4cc5c(=O)n(*)c(=O)c5cc4c3=O)cc2)cc1,25.11101976
*/C=C/c1ccc(*)c(-c2cc(OCC(CC)CCCC)c(-c3ccccc3)cc2OCC(CC)CCCC)c1,13.74155321
*c1ccc(C2C(C(=O)OCC)C(*)C2C(=O)OCC)cc1,16.56532099
*CC(*)(Cl)C(=O)OCC,16.552184
*CCN(*)C(=O)CCCCCCCCCCCCCCC,12.67666102
*CC(*)C1CC=CCC1,12.70353444
*CC(*)Cl,21.12197193
*CCCCCC(=O)O*,18.83367597
*CCCC(=O)NCc1ccc(CNC(=O)CCCO*)cc1,20.18778178
*Oc1ccc(C2(c3ccc(OC(*)=O)cc3)CC(C)CC(C)(C)C2)cc1,17.75581966
*c1ccc(Oc2ccc(C(=O)c3ccc(Oc4ccc(C5(*)OC(=O)c6ccccc65)cc4)cc3)cc2)cc1,20.42568028
*CCC1CC2C(CC(*)C2OC(=O)CCCCCCCCCCOc2ccc(-c3ccc(C#N)cc3)cc2)C1OC(=O)CCCCCCCCCCOc1ccc(-c2ccc(C#N)cc2)cc1,15.22602842
*Oc1ccc(S(=O)(=O)c2ccc(Oc3ccc(C(=O)c4cccc(C(=O)c5ccc(*)cc5)c4)cc3)cc2)cc1,21.67035495
*c1ccc(Oc2ccc(-c3cnc4ccc(Oc5ccc6nc(*)cnc6c5)cc4n3)cc2)cc1,22.032987933333327
*CCOC(=O)c1cccc(C(=O)O*)c1,19.62141303
*CC(*)c1ccccc1C(=O)Oc1ccccc1,13.97527172
*c1ccc(Cc2ccc(N3C(=O)c4ccc(Oc5ccc(C6(c7ccc(Oc8ccc9c(c8)C(=O)N(*)C9=O)cc7)CCCCCCCCCCC6)cc5)cc4C3=O)cc2)cc1,19.80865113
*Oc1ccc(C(C)(C)c2ccc(OC(=O)Sc3ccc(C(C)(C)c4ccc(SC(*)=O)cc4)cc3)cc2)cc1,19.72629422
*CC(*)OC(=O)CCCCC,14.65998256
*CCCCCC(=O)N*,21.10708512
*CCCCCCOC(=O)CCCCCCCCC(=O)O*,20.55517675
*Nc1ccc2ccc3c(N*)c(-c4cccc(C)c4)cc4ccc1c2c43,19.924797891666653
*Cc1ccc2[nH]c(-c3ccc4sc5ccc(-c6nc7cc(*)ccc7[nH]6)cc5c4c3)nc2c1,21.35650427
*CC(=O)N*,21.13240962
*CCCCCCCCOC(=O)c1cccc(C(=O)O*)c1,20.71510537
*CC(*)OC(=O)CCl,18.24518341
*c1ccc2c(c1)C(=O)N(c1ccc3c(c1)-c1cc(N4C(=O)c5ccc(C(*)(C(F)(F)F)C(F)(F)F)cc5C4=O)ccc1C3)C2=O,20.41355015
*CC(*)OC(=O)C1CCCC1,14.7548975
*CC(*)c1ccc(C(O)CCN2CCOCC2)cc1,13.11344595
*CC(*)OC(=O)C(F)(F)C(F)(F)C(F)(F)C(F)(F)C(F)(F)C(F)(F)C(F)(F)F,15.20088875
*C(C)C(*)OC(C)(C)C,14.90660952
*c1cccc(Oc2cccc(Oc3cccc(-n4c(=O)c5cc6c(=O)n(*)c(=O)c6cc5c4=O)c3)c2)c1,23.18124192
*Oc1ccc(NC(=O)c2ccc(C(c3ccc(C(=O)O)c(C(=O)Nc4cc(*)ccc4N)c3)(C(F)(F)F)C(F)(F)F)cc2C(=O)O)c(N)c1,20.56712429
*CC(*)C(=O)Oc1ccccc1C(=O)OCC,13.19656261
*CC(*)(CC(=O)OCCC1CCCCC1)C(=O)OCCC1CCCCC1,11.63447878
*CC(*)C1CCCC1,15.28079947
*c1ccc(NC(=O)CN2C(=O)c3ccc(C(c4ccc5c(c4)C(=O)N(CC(=O)Nc4ccc(-c6nnc(*)o6)cc4)C5=O)(C(F)(F)F)C(F)(F)F)cc3C2=O)cc1,19.75817584166668
*Oc1c(OC)cc(*)cc1OC,20.19618766
*c1ccc(Oc2ccc(N3C(=O)c4cccc(Oc5cccc6c5C(=O)N(*)C6=O)c4C3=O)cc2)cc1,21.13399487
*CC/C=C(\*)Cl,20.03932556
*C(C)C(*)O,20.19829071
*NC(=O)NCCCCCCNC(=O)NCCCCC(*)C(=O)OC,19.44890196
*CC(*)CCCCCCCCCO,13.61667777
*CC(*)OC(=O)c1ccc(OCC)cc1,13.56211229
*OC(=O)CCCCCCCCC(=O)OC1COC2C(*)COC12,16.70617665833333
*CC(*)C(=O)Oc1ccc(C(=O)OC)cc1,13.6680908
*CCCCOC(=O)CCC(=O)O*,19.85275311
*CC(*)c1ccc(C(=O)CCN2CCOCC2)cc1,12.87883778
*CC(*)OC(=O)c1ccccc1OC(C)=O,14.76297702
*c1cccc(P(=O)(c2cccc(-n3c(=O)c4c(-c5cc(C(F)(F)F)cc(C(F)(F)F)c5)c5c(=O)n(*)c(=O)c5c(-c5cc(C(F)(F)F)cc(C(F)(F)F)c5)c4c3=O)c2)c2cc(C(F)(F)F)cc(C(F)(F)F)c2)c1,20.61103805
*CCOC(=O)c1cccc2c(C(=O)O*)cccc12,19.7972434
*Oc1ccc(-c2ccc(OC(=O)CCCCCCCCCC(*)=O)cc2)cc1,22.72513131
*CC(*)(C)C(=O)OCCCCCCCCCOc1ccc2cc(C(=O)Oc3ccccc3)ccc2c1,12.809610033333334
*Nc1cccc(C=Cc2ccc(NC(=O)c3cccc(C(*)=O)c3)cc2)c1,21.178022383333342
*N=P(*)(OCC(F)(F)F)OCC(F)(F)F,18.02916632
*CC(*)C1CCC1,16.09859299
*C(=O)c1ccc2c(c1)C(=O)N(c1ccc(C(=O)c3ccc(Cc4ccc(C(=O)c5ccc(N6C(=O)c7ccc(*)cc7C6=O)cc5)cc4)cc3)cc1)C2=O,20.509953133333315
*c1cccc(N2C(=O)c3ccc(-c4cccc5c4C(=O)N(*)C5=O)cc3C2=O)c1,20.91558197
*CC(*)c1ccc(N(C)C)cc1,13.8215352
*CC(*)C(N)=O,17.78837154
*Oc1cccc(CCCCCCCCCCc2cccc(OC(*)=O)c2)c1,20.60450522
*CC(*)c1ccccc1COCCc1ccccc1,13.49363288
*c1cccc(Oc2cccc(Oc3cccc(N4C(=O)c5ccc(-c6cccc7c6C(=O)N(*)C7=O)cc5C4=O)c3)c2)c1,20.36775118
*c1ccc(-c2nc3cc(-c4ccc5nc(-c6ccccc6)c(*)nc5c4)ccc3nc2-c2ccccc2)cc1,22.65081935
*CCOc1ccc(C(=O)OCCOC(=O)c2ccc(O*)cc2)cc1,21.1446178
*c1ccc(Sc2ccc(Sc3ccc(Sc4ccc(-n5c(=O)c6cc7c(=O)n(*)c(=O)c7cc6c5=O)cc4)cc3)cc2)cc1,24.56371182
*CCCCCCNC(=O)c1cccc(C(=O)N*)c1,19.45528525
*CC(*)OC=O,18.97705133
*OC(=O)OCC(O)C(O)COC(=O)OC1COC2C(*)COC12,16.55487070000001
*c1ccc2c(c1)Sc1cc(-c3ccc(-c4ccc(*)s4)s3)ccc1N2CCCCCCCCCCCC,21.660403375
*C(F)C(*)(F)F,22.28822049
*Oc1ccc(-c2ccc(-c3ccc(Oc4ccc(C(=O)c5cccc(C(=O)c6ccc(*)cc6)c5)cc4)cc3)cc2)cc1,22.473215133333326
*CCOC(=O)c1ccc(C(=O)O*)c2ccccc12,20.47352108
*CCCCCCCC(=O)N*,21.36039859
*c1cccc(P(=O)(c2ccc(C(F)(F)F)cc2)c2cccc(-n3c(=O)c4c(-c5cc(C(F)(F)F)cc(C(F)(F)F)c5)c5c(=O)n(*)c(=O)c5c(-c5cc(C(F)(F)F)cc(C(F)(F)F)c5)c4c3=O)c2)c1,20.03886686
*C(F)(F)C(*)(F)OC(F)(F)C(F)(F)C(F)(F)C(F)(F)F,17.92886538
*c1ccc2c(c1)C(=O)N(c1cc(N3C(=O)c4ccc(C(*)(C(F)(F)F)C(F)(F)F)cc4C3=O)cc(C(F)(F)F)c1)C2=O,20.318871883333344
*CCCCCCOC(=O)CCCCCCCC(=O)O*,20.88840996
*CC(*)(C)c1ccc2ccccc2c1,14.67254835
*CC(*)c1ccc(COCCC)cc1,12.58385702
*Oc1ccc2[nH]c(-c3ccc4c(c3)-c3cc(-c5nc6cc(*)ccc6[nH]5)ccc3S4(=O)=O)nc2c1,19.97631919
*CC(*)c1cc(Br)ccc1OC,14.96406325
*Oc1ccc(C2(c3ccc(OC(=O)c4cccc(C(*)=O)c4)cc3)c3ccccc3-c3ccccc32)cc1,21.22118718
*c1cccc(-c2nc3cc(-c4ccc5[nH]c(*)nc5c4)ccc3[nH]2)c1,21.701576574999983
*C(=O)c1ccc2c(c1)C(=O)N(c1cccc(C(=O)N(C)c3ccc(N4C(=O)c5ccc(*)cc5C4=O)cc3)c1)C2=O,21.03114746
*Oc1ccc(NC(=O)c2cc(C(c3ccc(C(=O)O)c(C(=O)Nc4ccc(Oc5ccc(C(c6ccc(*)cc6)(C(F)(F)F)C(F)(F)F)cc5)cc4)c3)(C(F)(F)F)C(F)(F)F)ccc2C(=O)O)cc1,21.43355827
*Cc1cc(*)c(O)cc1C,17.14107103
*Nc1ccc(-c2c(-c3ccc(C)cc3)c(-c3ccc(C)cc3)c(N*)c(-c3ccc(C)cc3)c2-c2ccc(C)cc2)cc1,18.19981132500001
*c1cc(C(c2ccc(O)c(-n3c(=O)c4cc5c(=O)n(*)c(=O)c5cc4c3=O)c2)(C(F)(F)F)C(F)(F)F)ccc1O,20.57736407
*CCOC(=O)CCC(=O)O*,20.40812175
*Nc1ccc(C2(c3ccc(N*)cc3)C=CCCC2)cc1,19.100914708333345
*CCC=C(*)Cl,19.63529215
*/C=C/C1CC(*)C2C(=O)N(CCCCCC)C(=O)C12,14.67240732
*CC(*)(F)C(C)=O,18.13593146
*CC(*)OC(C)(C)C,15.33751774
*CCCCNC(=O)CCCCCCCCC(=O)N*,21.00511312
*CC(*)OCCCl,17.81288149
*CCCCCCCCC(=O)N*,21.56839033
*CC(*)c1ccc(COC)cc1,14.55788133
*/C=C/C1CC(*)C2C(=O)N(CCCCC)C(=O)C12,15.45947293
*CC(*)OCC(CC)CCCC,14.13912387
*CC1CC(*)C(OC(=O)CCCCCCCCCCOc2ccc(-c3ccc(C#N)cc3)cc2)C1OC(=O)CCCCCCCCCCOc1ccc(-c2ccc(C#N)cc2)cc1,14.7432634
*CCOCC(=O)O*,21.29511654
*CC(*)NC(=O)OC(C)(C)C,14.77361587
*Oc1ccc(C(C)(C)c2ccc(OC(=O)SCCCSC(*)=O)cc2)cc1,20.5297515
*Oc1ccc(S(=O)(=O)c2ccc(Oc3ccc(C(=O)c4cc(C(=O)c5ccc(*)cc5)cc(C(C)(C)C)c4)cc3)cc2)cc1,20.59565861
*Oc1ccc(S(=O)(=O)c2ccc(Oc3ccc(C(C)(C)c4ccc(*)c(C(O)(C(F)(F)F)C(F)(F)F)c4)cc3C(O)(C(F)(F)F)C(F)(F)F)cc2)cc1,18.73761021
*c1ccc2sc3ccc(-c4nc5cc(-c6ccc7[nH]c(*)nc7c6)ccc5[nH]4)cc3c2c1,21.89214272
*C(=O)c1ccc2c(c1)C(=O)N(c1cccc(C(=O)c3cccc(N4C(=O)c5ccc(*)cc5C4=O)c3)c1)C2=O,22.07671919
*CC(*)c1ccccc1C(=O)NC,14.2222386
*CC(*)C(=O)O,18.71447491
*Oc1ccc(S(=O)(=O)c2ccc(Oc3c(C)cc(C(C)(C)c4cc(C)c(*)c(C)c4)cc3C)cc2C(O)(C(F)(F)F)C(F)(F)F)c(C(O)(C(F)(F)F)C(F)(F)F)c1,19.45698714
*CC(*)(F)F,20.87421955
*c1ccc(Oc2cccc(N3C(=O)c4ccc(-c5cccc6c5C(=O)N(*)C6=O)cc4C3=O)c2)cc1,21.83562994
*c1ccc(Oc2cc(C(C)(C)C)ccc2Oc2ccc(-n3c(=O)c4cc5c(=O)n(*)c(=O)c5cc4c3=O)cc2)cc1,21.54485112
*CC(*)(CC(=O)OCC1CCCCC1)C(=O)OCC1CCCCC1,11.11893161
*CC(*)c1nc(C)nc(C)n1,14.95789187
*CC(*)SCC,17.66261453
*Cc1cccc(CNC(=O)CCCCC(=O)N*)c1,18.56226113
*CC(*)C(=O)OCCO,16.61684144
*CCC=C(*)c1ccccc1,15.95070727
*Nc1ccc2c(c1)[C@H]1CC[C@@H]2c2cc(N*)ccc21,18.210669891666655
*CC(*)c1ccc(S(=O)(=O)OCCC)cc1,13.6160521
*CC(*)C(=O)OC,18.53319803
*CC(*)(C)OC,17.1423939
*CC(*)c1ccccc1C(=O)Nc1ccccc1,15.35270772
*c1cccc(-c2nc3cc(-c4ccc5nc(*)c(-c6ccccc6)nc5c4)ccc3nc2-c2ccccc2)c1,21.51675846
*c1cccc(P(=O)(c2ccc(C(F)(F)F)cc2)c2cccc(-n3c(=O)c4c(-c5ccc(C(F)(F)F)cc5)c5c(=O)n(*)c(=O)c5c(-c5ccc(C(F)(F)F)cc5)c4c3=O)c2)c1,20.57425608
*CC(*)CCCCCCCCCCCCCCCCCCCC,14.17209546
*c1cccc(N2C(=O)c3ccc(Oc4ccc5ccc(Oc6ccc7c(c6)C(=O)N(*)C7=O)cc5c4)cc3C2=O)c1,21.963303224999983
*C(*)C(=O)OCC,17.34823087
*CC(*)c1cc(Br)ccc1OCCCCC,13.86362583
*Oc1ccc2[nH]c(-c3ccc4sc5ccc(-c6nc7cc(*)ccc7[nH]6)cc5c4c3)nc2c1,22.21061362
*CC(*)OCC(F)(F)F,17.93910128
*c1ccc2c(c1)C(=O)N(c1cccc(Oc3cccc(Oc4cccc(N5C(=O)c6ccc(C(*)(C(F)(F)F)C(F)(F)F)cc6C5=O)c4)c3)c1)C2=O,19.73092575
*CCC=C(*)CCC,16.62491893
*c1ccc(Oc2c(C)cc(Cc3cc(C)c(Oc4ccc(-n5c(=O)c6cc7c(=O)n(*)c(=O)c7cc6c5=O)cc4)c(C)c3)cc2C)cc1,21.38140875
*CC(*)c1ccc2ccccc2c1,14.67146471
*CC(*)c1ccc(C(C)(O)CCCCC)cc1,12.68780054
*C(*)C(=O)OC(C)C,16.31426813
*CC(*)(CC(=O)OCCCCCCCCC)C(=O)OCCCCCCCCC,11.78546257
*CC(*)OCCOC,16.18817273
*CC(*)c1ccc(C(C)CC)cc1,12.82216991
*CCC=C(*)C,17.45895747
*CC(*)OC(=O)CC1CCCC1,13.87715062
*CCC1CCCC1*,17.1369163
*C(=O)c1ccc2c(c1)C(=O)N(c1ccc(Oc3cc4ccccc4cc3Oc3ccc(N4C(=O)c5ccc(*)cc5C4=O)cc3)cc1)C2=O,22.39195154
*CC(*)(Cl)Cl,22.97672238
*CC(*)c1ccc(C(=O)c2ccc(OC)cc2)cc1,14.43571805
*CC(*)c1ccccc1Cl,16.45969775
*CC(*)C(=O)OCC(F)(F)C(F)(F)C(F)(F)C(F)(F)C(F)(F)F,12.425010741666668
*CC(C)(C)C1C(=O)N(c2c(C)cccc2C)C(=O)C1*,11.90739464
*c1ccc(Sc2ccc3c(c2)Sc2ccc(Sc4ccc(-n5c(=O)c6cc7c(=O)n(*)c(=O)c7cc6c5=O)cc4)cc2S3)cc1,25.46175106
*CC(*)OCC(C)(C)CC(C)C,14.2455368
*C(*)C(=O)OC,19.45199837
*CCC=C(*)CCCCCCC,14.82336082
*CCCCCCCCNC(=O)CCCCCCCCC(=O)N*,21.1064287
*CC(*)OC(=O)C(F)(F)C(F)(F)C(F)(F)C(F)(F)C(F)(F)F,15.70594894
*c1cccc(S(=O)(=O)NCCCCCCNS(*)(=O)=O)c1,19.72799097
*c1ccc2c(c1)C(=O)N(c1cccc(S(=O)(=O)c3cccc(N4C(=O)c5ccc(C(*)(C(F)(F)F)C(F)(F)F)cc5C4=O)c3)c1)C2=O,20.89638432
*CC(*)P(=O)(Oc1ccccc1)N(C)C,15.53040062
*CC(*)OCC(C)(C)C,14.82511794
*CC(*)OC(=O)C1(C)CCCCC1,13.92155481
*Cc1c(C)c(C)c(CNC(=O)CCCCCC(C)CC(=O)N*)c(C)c1C,16.768477283333326
*CC(*)OC(=O)c1ccc(C)cc1,14.74333207
*CCCCCCNC(=O)CCCCCCCCC(=O)N*,21.70108472
*Oc1ccc(C(CCC)(CCC)c2ccc(OC(*)=O)cc2)cc1,19.52777255
*NC(=O)Nc1ccc(Cc2ccc(NC(=O)Nc3cccc(*)n3)cc2)cc1,19.16801680833333
*Cc1cc(C(C)(C)c2ccc3c(c2)CN(C)CO3)cc(CN(*)C)c1O,15.89152372
*c1cccc(Oc2ccc(S(=O)(=O)c3ccc(Oc4cccc(-n5c(=O)c6cc7c(=O)n(*)c(=O)c7cc6c5=O)c4)cc3)cc2)c1,21.95338985
*CC(*)P(=O)(OCC)N(C)C,15.14797137
*c1ccc(Oc2cc3ccccc3cc2Oc2ccc(N3C(=O)c4ccc(S(=O)(=O)c5ccc6c(c5)C(=O)N(*)C6=O)cc4C3=O)cc2)cc1,22.01939676
*Oc1ccc(NC(=O)c2cc(NC(=O)CCCCCN3C(=O)c4ccccc4C3=O)cc(C(=O)Nc3ccc(*)cc3)c2)cc1,19.98613945000002
*CC(*)N1Cc2ccccc2N1,15.0667824
*C1C(*)C2CC1C1C=CCC12,14.53842481
*CCCCCCOC(=O)CCCCCNC(=O)CCCCC(=O)NCCCCCC(=O)O*,20.42495944
*CC(*)c1ccccc1COCc1ccccc1,14.11258884
*CC(*)c1ccc(C(O)CCN2CCCCC2)cc1,12.6922634
*c1ccc(S(=O)(=O)c2ccc(N3C(=O)c4ccc(Oc5ccc(C(C)(C)c6ccc(Oc7ccc8c(c7)C(=O)N(*)C8=O)cc6)cc5)cc4C3=O)cc2)cc1,21.66120264166668
*CCCCCCCCCC(=O)N*,22.00464482
*NC(C)C(*)=O,18.53807412
*CC(*)OC(=O)CC(C)(C)c1ccccc1,13.51269818
*CCCCOC(=O)c1ccc2cc(C(=O)O*)ccc2c1,21.37913238
*Nc1ccc(CCc2ccc(N*)c(C)c2)c(C)c1,17.820722008333338
*CC(*)C(=O)Oc1cccc(C(=O)OCC)c1,13.88062741
*c1ccc(Oc2ccc(N3C(=O)c4ccc(Oc5ccc(C6(c7ccc(Oc8ccc9c(c8)C(=O)N(*)C9=O)cc7)CCC(c7ccccc7)CC6)cc5)cc4C3=O)cc2)cc1,21.18749891
*Oc1ccc(C(C)(C)c2ccc(OC(*)=O)c(CC)c2)cc1CC,19.14999144
*c1ccc(Oc2ccccc2Oc2ccc(-n3c(=O)c4cc5c(=O)n(*)c(=O)c5cc4c3=O)cc2)cc1,24.34829106
*CC(*)OC(=O)CCCC(=O)c1ccccc1,14.04169185
*c1ccc2c(c1)C(=O)N(c1ccc(C(c3ccc(C)c(N4C(=O)c5ccc(C(*)(C(F)(F)F)C(F)(F)F)cc5C4=O)c3)(C(F)(F)F)C(F)(F)F)cc1C)C2=O,20.44943566
*c1cccc(P(=O)(c2cccc(-n3c(=O)c4c(-c5ccc(C(F)(F)F)cc5)c5c(=O)n(*)c(=O)c5c(-c5ccc(C(F)(F)F)cc5)c4c3=O)c2)c2cc(C(F)(F)F)cc(C(F)(F)F)c2)c1,19.76254407
*CCCC(=O)N*,19.87055834
*c1cc(CCOC(=O)NCCCC)c(*)s1,17.61451402499998
*C(*)C(=O)OCCC,15.96646564
*c1ccc2c(c1)C(=O)N(c1cccc(Oc3ccc(S(=O)(=O)c4ccc(Oc5cccc(N6C(=O)c7ccc(C(*)(C(F)(F)F)C(F)(F)F)cc7C6=O)c5)cc4)cc3)c1)C2=O,21.75683334
*Oc1ccc(SC(=O)Oc2ccc(C(C)(C)c3ccc(OC(=O)Sc4ccc(*)cc4)cc3)cc2)cc1,22.50500153
*CC(*)OC(=O)C1CCCCC1,15.02904936
*c1ccc(Oc2ccccc2Oc2ccc(N3C(=O)c4ccc(Oc5ccccc5Oc5ccc6c(c5)C(=O)N(*)C6=O)cc4C3=O)cc2C(F)(F)F)c(C(F)(F)F)c1,19.66167795
*CCCCCCCCCCOC(=O)c1ccc(C(=O)NCCNC(=O)c2ccc(C(=O)O*)cc2)cc1,21.72626814
*C(F)(F)C(*)(F)OC(F)C(F)F,18.71840322
*CC(*)CCCC1CCCCC1,13.32480759
*c1ccc2c(c1)-c1cc(-c3nc4cc(-c5ccc6[nH]c(*)nc6c5)ccc4[nH]3)ccc1S2(=O)=O,22.43049231
*CC(*)P(=O)(c1ccccc1)c1ccccc1,15.04474841
*c1ccc(C(C)(C)c2ccc(C(C)(C)c3ccc(N4C(=O)c5ccc(Oc6ccc7c(c6)C(=O)N(*)C7=O)cc5C4=O)cc3)cc2)cc1,21.40479616
*CC(*)N1CCNC1,15.06593322
*Nc1ccc(-c2ccc(-c3ccc(N*)cc3)cc2)cc1,23.13121157499999
*c1ccc(Oc2ccc(N3C(=O)c4ccc(-c5cccc6c5C(=O)N(*)C6=O)cc4C3=O)cc2)cc1,22.22798133
*CC(*)c1ccc(C(C)(O)CCCC)cc1,12.83039798
*Oc1ccc(OC(=O)c2cc(OCCCCCCCCCCCC)c(C(*)=O)cc2OCCCCCCCCCCCC)cc1,20.79539922
*c1cccc(S(=O)(=O)c2cccc(N3C(=O)c4ccc(Oc5ccc(S(=O)(=O)c6ccc(Oc7ccc8c(c7)C(=O)N(*)C8=O)cc6)cc5)cc4C3=O)c2)c1,21.97903365
*Oc1ccc(Oc2ccc(C(=O)c3ccc(C(=O)c4ccc(*)cc4)c4ccccc34)cc2)cc1,22.43965248
*OC(C)CC(*)=O,18.89890364
*C(=O)c1ccc2c(c1)C(=O)N(c1cccc(C(=O)Nc3cccc(N4C(=O)c5ccc(*)cc5C4=O)c3)c1)C2=O,21.96893169
*c1ccc(Oc2cccc(Oc3ccc(N4C(=O)c5ccc(-c6cccc7c6C(=O)N(*)C7=O)cc5C4=O)cc3)c2)cc1,22.13429822
*C(=O)Nc1ccccc1NC(=O)c1ccc(N2C(=O)c3ccc(*)cc3C2=O)cc1,18.0416104
*Oc1cccc(Oc2cccc(*)c2)c1C#N,18.74259643
*CC(*)c1ccc(C(O)CCN(C)C)cc1,13.98079175
*C(F)(F)C(*)(F)C(F)(F)F,19.83463914
*Oc1ccc(S(=O)(=O)c2ccc(Oc3ccc(C(C)(C)c4ccc(*)c(C(OC)(C(F)(F)F)C(F)(F)F)c4)cc3C(OC)(C(F)(F)F)C(F)(F)F)cc2)cc1,18.77836882
*CC(C)O*,18.4423755
*CC(*)c1ccc(OCC)cc1,14.46497808
*Oc1ccc(C(CCC)(CCC)c2ccc(OC(*)=O)c(C)c2)cc1C,18.28808431
*NC1CC(C)(C)CC(C)(CNC(=O)CCCCC(*)=O)C1,18.21768975
*Oc1ccc(S(=O)(=O)c2ccc(Oc3ccc(C(=O)c4cc(I)cc(C(=O)c5ccc(*)cc5)c4)cc3)cc2)cc1,22.6834949
*CC(*)c1ccc(C(F)(F)C(F)(F)C(F)(F)C(F)(F)C(F)(F)C(F)(F)C(F)(F)F)cc1,15.21371358
*CC(*)OC(=O)c1ccccc1Cl,15.50848092
*C1Oc2ccccc2C1*,17.46088525
*CC/C=C(\*)C,17.87821455
*Nc1ccc(*)cc1,22.46729766
*Oc1ccc(S(=O)(=O)c2ccc(Oc3ccc(C(c4ccc(*)cc4)(C(F)(F)F)C(F)(F)F)cc3)cc2)cc1,21.28766673
*CC(*)(C)C,17.01444077
*CCCCCCCCCCCCNC(=O)CCCCCCCCCCC(=O)N*,20.14247518
*CCCS(=O)(=O)c1ccc(/N=N/c2ccc(N(CCCC)CC(=O)O*)cc2)cc1,19.63779085
*CCCCCCCCCCCCNC(=O)CCCCCCCCCCCCCCCCCCC(=O)N*,23.84510584
*/C=C\CC*,20.39705577
*c1ccc2c(c1)Sc1cc(-c3ccc(-c4ccc(*)s4)s3)ccc1N2CCCCCC,20.97752260833335
*CCCCOC(=O)CCCCC(=O)O*,20.723239
*c1ccc2c(c1)-c1nc3cc(Oc4ccc5nc6n(c5c4)C(=O)c4cc(C(*)(C(F)(F)F)C(F)(F)F)ccc4-6)ccc3n1C2=O,21.31013215
*CC(*)c1ccccc1C(=O)N(C)C,14.34481433
*Sc1ccc(Cc2ccc(SC(*)=O)cc2)cc1,21.95448265
*C(=O)c1ccc2c(c1)C(=O)N(c1ccc(Cc3ccc(C(=O)c4ccc(N5C(=O)c6ccc(*)cc6C5=O)cc4)cc3)cc1)C2=O,20.12249649999999
*CC(*)OC(=O)c1ccc(C(C)C)cc1,13.82745897
*CC(CCl)O*,18.49280872
*CC(*)OC(=O)C(C)(C)C(C)C(C)C,13.98572797
*c1ccc2c(c1)C(=O)N(c1ccc(C(c3ccc(N4C(=O)c5ccc(C(*)(C(F)(F)F)C(F)(F)F)cc5C4=O)cc3)(C(F)(F)F)C(F)(F)F)cc1)C2=O,20.98100887
*CCCCCCCCCCC(=O)N*,22.4146759
*c1ccc2c(c1)C(=O)N(c1cc(N3C(=O)c4ccc(C(*)(C(F)(F)F)C(F)(F)F)cc4C3=O)ccc1C)C2=O,21.20223784
*c1ccc(Oc2ccc(C(C)(C)c3ccc(Oc4ccc(-n5c(=O)c6cc7c(=O)n(*)c(=O)c7cc6c5=O)cc4)cc3)cc2)cc1,23.96641117
*CCCCCOCO*,20.287023608333342
*CC(=C)COCC(=C)COC(=O)O*,19.96389759
*CC(*)(CC(=O)OCCCCCCCC)C(=O)OCCCCCCCC,11.99034433
*CC(*)OCCC,16.23770054
*c1ccc(Oc2ccc(Oc3ccc(N4C(=O)c5cccc(Oc6cccc7c6C(=O)N(*)C7=O)c5C4=O)cc3)cc2)cc1,22.30349945
*c1cccc(P(=O)(c2ccc(C(F)(F)F)cc2)c2cccc(-n3c(=O)c4cc5c(=O)n(*)c(=O)c5cc4c3=O)c2)c1,20.62761227
*CC(*)OCCCCCCCCCCCC,13.33649352
*c1ccc(Sc2ccc(-n3c(=O)c4cc5c(=O)n(*)c(=O)c5cc4c3=O)cc2)cc1,27.00895972
*CC(*)c1ccc(C(=O)C(F)(F)F)cc1,15.73949089
*CCCCCOC(=O)c1cccc(C(=O)O*)c1,20.73721750833334
*CC(*)OC(=O)c1ccc(OC(C)=O)cc1,16.00551203
*CC(*)OCC(C)(C)CC,15.13911828
*CCCCCCN(C)C(=O)CCCCC(=O)N(*)C,20.85003051
*/C=C\CCCC*,18.83393128
*Oc1c(Br)cc(C(C)(C)c2cc(Br)c(OC(*)=O)c(Br)c2)cc1Br,21.26438014
*CC(*)OCc1ccccc1,15.53483409
*Oc1ccc(C2(c3ccc(OC(*)=O)cc3)c3ccccc3-c3ccccc32)cc1,20.32284039
*CC(*)OC(=O)c1cccc([N+](=O)[O-])c1,16.31690789
*Nc1ccc(-c2ccc3c(c2)C(CCCCCC)(CCCCCC)c2cc(-c4ccc(N*)cc4)ccc2-3)cc1,18.078017675000005
*CC(*)OC(F)(C(F)(F)F)C(F)(F)F,17.72320981
*c1ccc(Oc2ccc(C3(c4ccc(Oc5ccc(N6C(=O)c7ccc(Oc8ccccc8Oc8ccc9c(c8)C(=O)N(*)C9=O)cc7C6=O)cc5C(F)(F)F)cc4)c4ccccc4-c4ccccc43)cc2)c(C(F)(F)F)c1,21.69502851
*C(=O)c1ccc2c(c1)C(=O)N(c1c(C)cc(C(c3cc(C)c(N4C(=O)c5ccc(*)cc5C4=O)c(C)c3)c3cccc4ccccc34)cc1C)C2=O,21.79246309
*Oc1ccc2ccc(OC(=O)Oc3ccc(OC(*)=O)cc3)cc2c1,23.44354524
*Oc1ccc(-c2ccc(OC(=O)CCCCCCCCCCC(*)=O)cc2)cc1,20.78588244
*CC(*)c1ccc(C(=O)CCCC)cc1,13.57615427
*CC(*)OC(=O)c1ccc(OC)cc1,15.38539351
*Cc1ccc2[nH]c(-c3ccc4c(c3)-c3cc(-c5nc6cc(*)ccc6[nH]5)ccc3S4(=O)=O)nc2c1,21.28481954
*CC(*)c1ccc(C)nc1,15.40150501
*c1ccc(Cc2ccc(N(*)Cc3ccccc3)cc2)cc1,19.15504256
*Oc1ccc(C(c2ccc(Oc3ccc(C(=O)c4cccc(C(=O)c5ccc(*)cc5)c4)cc3)cc2)(C(F)(F)F)C(F)(F)F)cc1,21.87025736
*CC(*)c1ccc(C(=O)CCN2CCCCC2)cc1,13.83668426
*CC(*)OC(=O)C(F)(F)C(F)(F)C(F)(F)C(F)(F)C(F)(F)C(F)(F)C(F)(F)C(F)(F)C(F)(F)F,14.59173807
*CC(*)C(=O)c1ccccc1O,15.28485466
*CCOC(=O)c1ccc2ccc(C(=O)O*)cc2c1,21.80855916
*C(=O)Nc1ccc(C2(c3ccc(NC(=O)c4ccc5c(c4)C(=O)N(c4ccc(Sc6ccc(Oc7ccc(Sc8ccc(N9C(=O)c%10ccc(*)cc%10C9=O)cc8)cc7)cc6)cc4)C5=O)cc3)c3ccccc3-c3ccccc32)cc1,23.76085133
*c1cc(C(c2ccc(O)c(N3C(=O)c4ccc(Oc5ccc6c(c5)C(=O)N(*)C6=O)cc4C3=O)c2)(C(F)(F)F)C(F)(F)F)ccc1O,20.84487443
*CC(*)c1cccc(-c2ccc(-c3ccccc3)cc2)c1,14.72292163
*C(=Nc1ccccc1)c1ccc(-c2ccc(*)cc2)cc1,20.62985975833335
*CCCCCOC(=O)c1ccc2cc(C(=O)O*)ccc2c1,22.04085291
*CCCCCCCCCCCCC(=O)N*,22.28216004
*CC(*)c1ccccc1,16.61375099
*CC(*)(C)C(=O)OCC(C)O,14.81784724
*CC(*)c1ccc(OCCCC)cc1,13.6870881
*CC(*)c1ccc(OC)cc1,15.63545147
*CC(*)OC(=O)CCCCCCC,14.47773716
*C(F)(F)C(*)(F)OC(F)(F)F,19.64902543
*CCOC(=O)c1ccc2cc(C(=O)O*)ccc2c1,21.86542178
*CC(*)c1ccccc1COC,15.12599095
*CC(*)c1ccc(C(=O)CC)cc1,14.23013368
*C(=O)c1ccc2c(c1)C(=O)N(c1cccc(OCCOCCOc3cccc(N4C(=O)c5ccc(*)cc5C4=O)c3)c1)C2=O,22.2848572
*Oc1ccc(C(C)(C)c2ccc(OC(=O)SCCCCCCSC(*)=O)cc2)cc1,20.98397099
*CC(*)C(=O)Oc1ccccc1C(=O)OC,14.82615356
*Oc1ccc(C(C)(c2ccccc2)c2ccc(OC(=O)c3cccc(C(*)=O)c3)cc2)cc1,21.49596891
*c1ccc(-c2nc3cc(-c4ccc5nc(*)c(-c6ccc7ccccc7c6)nc5c4)ccc3nc2-c2ccc3ccccc3c2)cc1,25.25761256
*C(O)C(*)O,19.64602994
*CC(*)OC(=O)C(F)(F)C(F)(F)C(F)(F)C(F)(F)F,16.73509919
*c1ccc2c(c1)C(=O)N(c1ccc(Sc3ccc(Oc4ccc(Sc5ccc(N6C(=O)c7ccc(C(*)(C(F)(F)F)C(F)(F)F)cc7C6=O)cc5)cc4)cc3)cc1)C2=O,22.78928372
*CC(*)OC(=O)c1ccccc1OC,15.67895442
*C1C2CC(C)C(C2)C1*,14.97922281
*/C=C/C(C*)OC,18.49301213
*C(F)(F)C(*)(F)OC(F)(F)C(F)(F)F,19.35141962
*CCCCCNC(=O)CCCCC(=O)N*,17.169818616666667
*CC(*)c1ccc(COCCCCO)cc1,14.44348152
*CC(*)C(=O)c1ccccc1,15.31568423
*CC(*)OC(=O)c1ccc(C#N)cc1,15.78934931
*CC(*)OC(=O)CCCCCCCCC,13.85669729
*Oc1ccc(C(C)(C)c2ccc(OC(=O)CCCCC(*)=O)cc2)cc1,21.22930963
*C(OC(F)(F)F)C(*)(F)F,19.9989679
*C(F)C(*)(F)OC(F)(F)F,20.02561571
*CC(*)c1ccccc1COCC,13.822737
*Oc1ccc(C(c2ccccc2)(c2ccccc2)c2ccc(OC(=O)c3cccc(C(*)=O)c3)cc2)cc1,20.23418917
*/C=C\CCC*,19.41179187
*CC(*)OC(=O)C(C)(C)CC(C)(C)C,13.93020611
*Oc1ccc(C(=C(Cl)Cl)c2ccc(OC(*)=O)cc2)cc1,23.77172397
*Cc1cc(C)c(CNC(=O)c2ccc(C(=O)N*)cc2)cc1C,16.50780695833333
*C(F)(F)C(*)(F)c1c(F)c(F)c(F)c(F)c1F,19.42856309
*CCCCCCOC(=O)O*,22.43811701
*CC(*)c1ccc(C(=O)CCCCCCC)cc1,13.55487628
*CCO*,22.24965117
*CC(*)c1ccc(C(=O)Cc2ccccc2)cc1,15.33258422
*CC(*)c1ccc(C(C)(O)CC)cc1,14.36693126
*OC(C)COC(*)=O,19.74496917
*CC/C=C(/*)Cl,18.49567386
*C(=O)c1ccc2c(c1)C(=O)N(c1ccc(C3(c4ccc(N5C(=O)c6ccc(*)cc6C5=O)cc4)c4ccccc4-c4ccccc43)cc1)C2=O,23.42529212
*CCCCCCCCCCCCCCCCCCNC(=O)NCCCCCCNC(=O)N*,18.11303659166666
*c1ccc2c(c1)C(=O)N(c1c(C)cc(Cc3cc(C)c(N4C(=O)c5ccc(C(*)(C(F)(F)F)C(F)(F)F)cc5C4=O)c(C)c3)cc1C)C2=O,21.41163113
*CC(*)c1ccc(C(=O)N2CCCCC2)cc1,13.90916341
*OC(C)C(*)=O,21.00279981
*CC(*)N1CCCC1=O,16.23853098
*c1ccc(Oc2ccc(C(c3ccc(Oc4ccc(N5C(=O)c6ccc(Oc7ccccc7Oc7ccc8c(c7)C(=O)N(*)C8=O)cc6C5=O)cc4C(F)(F)F)cc3)(C(F)(F)F)C(F)(F)F)cc2)c(C(F)(F)F)c1,21.61668503
*CC(*)C(=O)OCC=C,16.63317236
*Oc1ccc(-c2ccc(OC(=O)CCCCCCCCC(*)=O)cc2)cc1,24.42136808
*CC(*)OC(=O)c1ccc(CC)cc1,14.34170528
*Oc1ccc(S(=O)(=O)c2ccc(Oc3ccc(C(C)(C)c4ccc(*)cc4)cc3)c([N+](=O)[O-])c2)cc1[N+](=O)[O-],20.9479955
*c1cccc(P(=O)(c2ccccc2)c2cccc(-n3c(=O)c4c(-c5cc(C(F)(F)F)cc(C(F)(F)F)c5)c5c(=O)n(*)c(=O)c5c(-c5cc(C(F)(F)F)cc(C(F)(F)F)c5)c4c3=O)c2)c1,18.99893367
*CC(O)COc1c(C)cc(S(=O)(=O)c2cc(C)c(O*)c(C)c2)cc1C,15.081846150000004
*CCCCCCCCCn1c(=O)c2cc3c(=O)n(*)c(=O)c3cc2c1=O,22.61205794
*Cc1cccc(COC(=O)Nc2ccc(Cc3ccc(NC(=O)O*)cc3)cc2)c1,22.53831216
*Oc1c(C)cc(C(C)(C)c2cc(C)c(ON3C(=O)c4ccc(Oc5ccc(C6(c7ccc(Oc8ccc9c(c8)C(=O)N(*)C9=O)cc7)CCC(C(C)(C)C)CC6)cc5)cc4C3=O)c(C)c2)cc1C,19.95338783
*CC(*)c1ccc(Cl)c(Cl)c1,17.14756488
*CC(C)(COC(=O)NCCCCCCNC(=O)O*)C(=O)O,18.23855519999999
*Oc1ccc(-c2ccc(OC(=O)CCCCCCCCCCCC(*)=O)cc2)cc1,24.51658371
*c1ccc(Oc2ccc(C3(c4ccc(Oc5ccc(N6C(=O)c7ccc(Oc8ccc(C9(c%10ccc(Oc%11ccc%12c(c%11)C(=O)N(*)C%12=O)cc%10)CCC(c%10ccccc%10)CC9)cc8)cc7C6=O)cc5)cc4)CC4CC3C3CCCC43)cc2)cc1,22.13342552
*CC(*)c1ccc(-c2ccccc2)cc1,14.54803603
*CCCCN(C)C(=O)c1ccc(C(=O)N(*)C)cc1,20.86031528
*C([2H])([2H])C(*)(C(=O)OC([2H])([2H])[2H])C([2H])([2H])[2H],17.85162789
*C=CCCCCCC*,20.5890575
*/C=C\CCCCC*,20.47395209
*CC(*)OC(=O)C(F)(F)F,18.81227568
*CC(*)OC(=O)C(C)(C(C)C)C(C)C,14.19923629
*c1ccc2c(c1)C(=O)N(c1c(C)cc(C)c(N3C(=O)c4ccc(C(*)(C(F)(F)F)C(F)(F)F)cc4C3=O)c1C)C2=O,21.3426379
*C(C)C(*)OCC,16.68834663
*CC(*)c1ccccc1C(=O)OCCN(C)C,13.93175461
*CCCC=C(*)c1ccccc1,16.84772914
*c1ccc(Oc2ccc(C3(c4ccc(Oc5ccc(N6C(=O)c7ccc(Oc8ccc(C9(c%10ccc(Oc%11ccc%12c(c%11)C(=O)N(*)C%12=O)cc%10)CCCCCCCCCCC9)cc8)cc7C6=O)cc5)cc4)C4CC5CC(C4)CC3C5)cc2)cc1,22.08529982
*CC(*)c1ccccc1C(=O)OC,14.95874782
*CC(*)OC(C)=O,18.26683455
*CCCCCCOC(=O)c1ccc(C(=O)O*)cc1,22.11416293
*c1cccc(N2C(=O)c3ccc(Oc4ccc(C(C)(C)c5ccc(Oc6ccc7c(c6)C(=O)N(*)C7=O)cc5)cc4)cc3C2=O)c1,22.64217692
*CCOC(=O)c1ccc(C(=O)O*)cc1,21.6689472
*CC(*)OC(=O)C(C)(C)C(C)(C)CC,14.05682565
*c1ccc(NC(=O)CCCCC(=O)Nc2ccc(S(*)(=O)=O)cc2)cc1,22.83169827
*NC(CCC(=O)OC)C(*)=O,15.91208579
*c1ccc(Oc2ccc(S(=O)(=O)c3ccc(Oc4ccc(-n5c(=O)c6cc7c(=O)n(*)c(=O)c7cc6c5=O)cc4)cc3)cc2)cc1,25.65776113
*CC(*)c1cc(Br)ccc1OCCC(C)C,14.27154344
*CC(*)OC(=O)CCCC1CCCCC1,12.62513355
*CC(*)OC(=O)c1ccncc1,16.11159845
*CCCCCCOC(=O)c1ccc2cc(C(=O)O*)ccc2c1,22.59328915
*CCCCCCC(=O)N*,23.17830362
*C(=O)Nc1ccc(C2(c3ccc(N4C(=O)c5ccc(*)cc5C4=O)cc3)CCC(C)CC2)cc1,16.845436991666684
*CC(*)c1ccc(C(F)(F)C(F)(F)C(F)(F)C(F)(F)C(F)(F)C(F)F)cc1,14.20619583
*CC(*)C(=O)OCC(C)O,15.91247541
*c1ccc(Oc2cc3ccccc3cc2Oc2ccc(N3C(=O)c4ccc(Oc5ccc6c(c5)C(=O)N(*)C6=O)cc4C3=O)cc2)cc1,23.46686695
*CC(*)c1ccc(OCCC)cc1,14.44443348
*Oc1ccc(S(=O)(=O)c2ccc(OC(*)=O)cc2)cc1,22.89231815
*NC(CCC(=O)OCC)C(*)=O,15.5386839
*CC(*)Cc1ccccc1,15.68836024
*CCCCCCCCCCCCSC(=O)S*,23.45939303
*CC(*)c1ccc(I)cc1,17.87087737
*CCCSS*,23.48494002
*CCCC=C(*)c1ccc(Cl)cc1,17.27192053
*CC(*)c1ccccc1F,16.87173852
*CCCCCCNC(=O)c1ccc(C(=O)N*)cc1,21.67746504
*CC(*)c1ccc(C(=O)c2ccc(C)cc2)cc1,15.14876652
*C(C)C(*)OCC(C)C,16.49508712
*CC(*)C(=O)OCC(F)(F)C(F)(F)C(F)(F)F,16.17765228
*c1ccc2c(c1)C(=O)N(c1c(C)cc(C(c3cc(C)c(N4C(=O)c5ccc(C(*)(C(F)(F)F)C(F)(F)F)cc5C4=O)c(C)c3)c3cccc4ccccc34)cc1C)C2=O,21.84652965
*CC(*)(C)c1ccc(C)cc1,15.02291633
*c1cccc(N2C(=O)c3ccc(C(c4ccc5c(c4)C(=O)N(*)C5=O)(C(F)(F)F)C(F)(F)F)cc3C2=O)c1,22.40330556
*CC(*)C(=O)Oc1ccc(C(=O)OCC)cc1,14.69725119
*Oc1ccc(Cc2ccc(OC(=O)c3ccc(C(C)(C)c4ccc(C(*)=O)cc4)cc3)cc2)cc1,18.91178423333333
*C(=O)C1CCCN1*,17.03850851
*CCCC=C(*)c1ccc(OC)cc1,15.88913504
*CCOCCOC(=O)c1ccc(-c2ccc(C(=O)O*)cc2)cc1,22.65495181
*c1cccc(-c2nc3cc(-c4ccc5nc(*)c(-c6ccc7ccccc7c6)nc5c4)ccc3nc2-c2ccc3ccccc3c2)c1,20.67801364
*CCOCCOC(=O)c1cccc(C(=O)O*)c1,21.09386476
*c1ccc2c(c1)C(=O)N(c1c(CC)cc(Cc3cc(CC)c(N4C(=O)c5ccc(C(*)(C(F)(F)F)C(F)(F)F)cc5C4=O)c(CC)c3)cc1CC)C2=O,21.46625658
*CCCCCCOC(=O)Nc1ccc(C)c(NC(=O)OCCCCCCOc2ccc(-c3ccc(O*)cc3)cc2)c1,20.85561007
*CC(*)(CC(=O)OCCCC1CCCCC1)C(=O)OCCCC1CCCCC1,11.12507079
*CC(*)C(=O)OCC(F)(F)C(F)C(F)(F)F,15.95493816
*c1ccc(Oc2ccc(Oc3ccc(N4C(=O)c5ccc(Oc6ccc(C7(c8ccc(Oc9ccc%10c(c9)C(=O)N(*)C%10=O)cc8)CCCCCCCCCCC7)cc6)cc5C4=O)cc3)c(C(C)(C)C)c2)cc1,21.10464722
*CCCCCCCCCCN1C(=O)c2ccc(-c3ccc(-c4ccc5c(c4)C(=O)N(*)C5=O)cc3)cc2C1=O,21.52003247499998
*c1ccc2c(c1)C(=O)N(c1c(C(C)C)cc(Cc3cc(C(C)C)c(N4C(=O)c5ccc(C(*)(C(F)(F)F)C(F)(F)F)cc5C4=O)c(C(C)C)c3)cc1C(C)C)C2=O,21.01509178
*CCCCCCNC(=O)CCCCC(=O)N(*)C,21.56087805
*CCCCOC(=O)NCCCCCCNC(=O)O*,21.9968242
*CC(*)c1ccccc1OC,15.86315929
*CC(*)OC(=O)c1cccc(Cl)c1,16.34133778
*CCCCCCNC(=O)Cc1ccc(C(=O)N*)cc1,21.82867105
*Cc1ccc(COC(=O)O*)cc1,22.22606664
*CC(*)OC(=O)c1cccnc1,16.3670213
*CCCP(C)(=O)CCCNC(=O)CCCCC(=O)N*,16.095877283333326
*Oc1ccc(C(C)(C)c2ccc(OC(*)=O)c(C)c2)cc1C,19.9506095
*CCOC(=O)c1ccc(-c2ccc(C(=O)O*)cc2)cc1,23.54786843
*CCCCCCCCCSC(=O)S*,22.92610472
*CCCCCCS(=O)(=O)c1ccc(/N=N/c2ccc(N(C)CCCCCC(=O)O*)cc2)cc1,21.73095381
*CCOC(=O)C1CCC(C(=O)O*)CC1,18.94272389
*CC(*)(C)C(=O)OCCO,16.14206295
*Oc1ccc(Oc2ccc(C(=O)c3ccc(*)cc3)cc2)cc1,24.41255742
*c1ccc2c(c1)C(=O)N(c1ccc(Oc3ccc4ccc(Oc5ccc(N6C(=O)c7ccc(C(*)(C(F)(F)F)C(F)(F)F)cc7C6=O)cc5)cc4c3)cc1)C2=O,23.55917576
*CC(*)c1c(Cl)cccc1Cl,17.85712517
*CC(*)c1ccncc1,17.18242977
*CC(*)OC(=O)C(F)(F)C(F)(F)C(F)(F)F,17.42126843
*CCOC(=O)Nc1cccc(NC(=O)O*)c1,21.93305721
*Nc1c(C)cc(-c2cc(C)c(N*)c3ccccc23)c2ccccc12,23.06388839166668
*CCC1CC(OC(=O)CCCCCCCCCCOc2ccc(-c3ccc(C#N)cc3)cc2)CC1*,14.45758979
*c1ccc(Oc2cccc(Oc3ccc(N4C(=O)c5ccc(C(=O)c6ccc7c(c6)C(=O)N(*)C7=O)cc5C4=O)cc3)c2)cc1,23.94177969
*c1cccc(N2C(=O)c3ccc(Oc4ccc(S(=O)(=O)c5ccc(Oc6ccc7c(c6)C(=O)N(*)C7=O)cc5)cc4)cc3C2=O)c1,23.65282255
*Oc1cccc(S(=O)(=O)c2ccc(*)cc2)c1,20.49677924
*C=CC(C*)OC,19.18540535
*c1ccc(Oc2ccc(C3(c4ccc(Oc5ccc(N6C(=O)c7ccc(Oc8ccc(C9(c%10ccc(Oc%11ccc%12c(c%11)C(=O)N(*)C%12=O)cc%10)CCCCCCCCCCC9)cc8)cc7C6=O)cc5)cc4)CCC(C(C)(C)C)CC3)cc2)cc1,21.40172477
*CC(*)CCC1CCCCC1,14.07993929
*CC(*)CCc1ccccc1,14.96591592
*CC(*)c1ccccc1C(=O)OCCC,14.11532006
*c1ccc(Oc2c(C)cc(C(C)(C)c3cc(C)c(Oc4ccc(N5C(=O)c6ccc(Oc7ccc(C8(c9ccc(Oc%10ccc%11c(c%10)C(=O)N(*)C%11=O)cc9)CCC(c9ccccc9)CC8)cc7)cc6C5=O)cc4)c(C)c3)cc2C)cc1,21.55258827
*Oc1ccc(C(=O)CCCCCCCCC(=O)c2ccc(OC(*)=O)cc2)cc1,24.27801768
*Nc1ccc(NC(=O)c2cc(C(*)=O)c(C(=O)OCC)cc2C(=O)OCC)cc1,21.4786758
*CC(*)OC(=O)C(F)(F)C(F)(F)F,17.81853544
*C(C)C(*)OCCCC,16.33517728
*Oc1ccc(C(C)(C)c2ccc(OC(=O)c3ccc(C(=O)c4ccc(C(*)=O)cc4)cc3)cc2)cc1,23.74552096
*c1ccc(Oc2cccc(Oc3ccc(-n4c(=O)c5cc6c(=O)n(*)c(=O)c6cc5c4=O)cc3)c2)cc1,26.56530614
*CC(*)c1cc(Br)ccc1OCCC,14.99578566
*CC(*)c1ccc(COCCO)cc1,15.16861857
*CC(*)c1ccccc1C(=O)OC(C)C,14.18096027
*CC(*)OC(C)CC,16.05246852
*c1ccc(Oc2ccc(S(=O)(=O)c3ccc(Oc4ccc(N5C(=O)c6ccc(C(c7ccc8c(c7)C(=O)N(*)C8=O)(C(F)(F)F)C(F)(F)F)cc6C5=O)cc4)cc3)cc2)cc1,22.86724416
*CC(*)CCc1ccc(C)cc1,14.3932565
*CCC(C)C(C)CCNC(=O)c1cccc(C(=O)N*)c1,17.068637066666664
*CCCCCCCCCCN1C(=O)C2C3C=CC(C4C(=O)N(*)C(=O)C34)C2C1=O,20.44394649
*CC(*)c1ccc(C(=O)CCCCC)cc1,14.36561543
*c1cccc(P(=O)(c2cccc(-n3c(=O)c4c(-c5ccccc5)c5c(=O)n(*)c(=O)c5c(-c5ccccc5)c4c3=O)c2)c2cc(C(F)(F)F)cc(C(F)(F)F)c2)c1,19.45942913
*CCCOC(=O)c1ccc(C(=O)O*)cc1,21.9703172
*CC(*)C1CCCCC1,15.42436826
*C1CCC(*)N1,22.03289852
*c1ccc(Oc2ccc(C(C)(C)c3ccc(Oc4ccc(N5C(=O)c6ccc(C(=O)c7ccc8c(c7)C(=O)N(*)C8=O)cc6C5=O)cc4)cc3)cc2)cc1,24.00835115
*c1ccc(Oc2ccc(Oc3ccc(N4C(=O)c5ccc(Oc6ccccc6Oc6ccc7c(c6)C(=O)N(*)C7=O)cc5C4=O)cc3C(F)(F)F)cc2)c(C(F)(F)F)c1,23.36798061
*c1ccc(Oc2cc(C(C)(C)C)ccc2Oc2ccc(N3C(=O)c4ccc(-c5ccc6c(c5)C(=O)N(*)C6=O)cc4C3=O)cc2)cc1,23.28850588
*CC(*)C(=O)OC1CCCCCCCCCCC1,12.91952215
*CC(*)(CC(=O)Oc1ccc(OCCCCCCC)cc1)C(=O)Oc1ccc(OCCCCCCC)cc1,12.12779736
*C(=O)c1ccc2c(c1)C(=O)N(c1ccc(Sc3ccc(N4C(=O)c5ccc(*)cc5C4=O)cc3)cc1)C2=O,24.67773909
*c1ccc(Oc2ccc(C(c3ccc(Oc4ccc(N5C(=O)c6ccc(Oc7ccc(C8(c9ccc(Oc%10ccc%11c(c%10)C(=O)N(*)C%11=O)cc9)CCC(C(C)(C)C)CC8)cc7)cc6C5=O)cc4)cc3)(C(F)(F)F)C(F)(F)F)cc2)cc1,22.25375575
*c1ccc(C(C)(C)c2ccc(N3C(=O)c4ccc(Oc5ccc6c(c5)C(=O)N(*)C6=O)cc4C3=O)cc2)cc1,24.31651904
*CCCCCCCCCNC(=O)c1ccc(C(=O)N*)cc1,22.4369738
*c1cccc(P(=O)(c2ccccc2)c2cccc(-n3c(=O)c4cc5c(=O)n(*)c(=O)c5cc4c3=O)c2)c1,20.87955805
*CC(*)(C)C(=O)OCCCCCCN(C)c1ccc(/N=N/c2ccc(S(C)(=O)=O)cc2)cc1,14.36196379
*C(=O)c1ccc2c(c1)C(=O)N(c1cc(C(c3ccc(O)c(N4C(=O)c5ccc(*)cc5C4=O)c3)(C(F)(F)F)C(F)(F)F)ccc1O)C2=O,22.17545031
*c1ccc(Oc2cccc(Oc3ccc(N4C(=O)c5ccc(Oc6ccc7c(c6)C(=O)N(*)C7=O)cc5C4=O)cc3)c2)cc1,23.90410548
*CCCCCCOC(=O)c1ccc(-c2ccc(C(=O)O*)cc2)cc1,23.41197616
*OC1C(COC(C)=O)OC(*)C(OC(C)=O)C1OC(C)=O,15.15703462
*CCCCCCNC(=O)NCc1ccc(CNC(=O)N*)cc1,22.41812285
*C(=O)c1ccc2c(c1)C(=O)N(c1c(C(C)C)cc(Cc3cc(C(C)C)c(N4C(=O)c5ccc(*)cc5C4=O)c(C(C)C)c3)cc1C(C)C)C2=O,22.08942475
*Oc1ccc(S(=O)(=O)c2ccc(Oc3ccc(C(C)(C)c4ccc(*)cc4)cc3[N+](=O)[O-])cc2)cc1,21.49192852
*CC(*)C(=O)c1ccc(Br)cc1,16.02566915
*CC1CCC(COC(=O)CCC(=O)O*)CC1,18.87922116
*CC(*)(C)C(=O)OCCO[N+](=O)[O-],16.05424523
*CC(*)CC1CCCC1,15.23433651
*c1ccc(Oc2ccc(C(C)(C)c3ccc(Oc4ccc(N5C(=O)C6CCC7C(=O)N(*)C(=O)C7C6C5=O)cc4)cc3)cc2)cc1,23.42766248
*c1ccc(Oc2ccc(C3(c4ccc(Oc5ccc(N6C(=O)c7ccc(Oc8ccc(C9(c%10ccc(Oc%11ccc%12c(c%11)C(=O)N(*)C%12=O)cc%10)CCC(C(C)(C)C)CC9)cc8)cc7C6=O)cc5)cc4)CC4CC3C3CCCC43)cc2)cc1,21.50005245
*CC(*)OC1CCCCC1,13.62953501
*CC(*)c1ccc(COCCOCC)cc1,14.34922191
*c1cccc(Oc2ccc(S(=O)(=O)c3ccc(Oc4cccc(N5C(=O)c6ccc(-c7ccc8c(c7)C(=O)N(*)C8=O)cc6C5=O)c4)cc3)cc2)c1,23.4685448
*c1cccc(P(=O)(c2ccc(C(F)(F)F)cc2)c2cccc(-n3c(=O)c4c(-c5ccccc5)c5c(=O)n(*)c(=O)c5c(-c5ccccc5)c4c3=O)c2)c1,19.74034251
*c1ccc(-c2ccc(N3C(=O)c4ccc(-c5cccc6c5C(=O)N(*)C6=O)cc4C3=O)c(C)c2)cc1C,23.85335488
*CC(*)(CC(=O)OCCCCCCC)C(=O)OCCCCCCC,12.43461106
*CC(*)SC,18.25753526
*CC(*)CNc1ccc([N+](=O)[O-])cc1C,14.85666076
*CC(*)OC(=O)C(C)(C)CCC,15.07129891
*CCCNC(=O)Cc1ccc(C(=O)N*)cc1,21.86299327
*c1ccc2c(c1)C(=O)N(c1ccc(Oc3cccc(Oc4ccc(N5C(=O)c6ccc(C(*)(C(F)(F)F)C(F)(F)F)cc6C5=O)cc4)c3)cc1)C2=O,23.58910882
*C(=O)c1ccc2c(c1)C(=O)N(c1ccc(Oc3ccc(C(c4ccc(Oc5ccc(N6C(=O)c7ccc(*)cc7C6=O)cc5)cc4)(C(F)(F)F)C(F)(F)F)cc3)cc1)C2=O,23.49197492
*CC(*)C(C)c1ccccc1,14.69572127
*c1ccc(Oc2ccc(Oc3ccc(N4C(=O)c5ccc(-c6cccc7c6C(=O)N(*)C7=O)cc5C4=O)cc3)cc2)cc1,24.2410336
*CC(*)(C)CCC,15.69240776
*CC(*)CCCN(C(C)C)C(C)C,13.13171976
*CC(*)c1ccc(C(=O)CCC)cc1,14.73914033
*Oc1ccc(C(c2ccccc2)(c2ccccc2)c2ccc(OC(*)=O)cc2)cc1,19.72117199
*CC(*)c1cccc(C)n1,16.28393288
*C(=O)OCCOC(=O)c1ccc(*)o1,22.59738265
*c1ccc(Sc2ccc(Oc3ccc(Sc4ccc(N5C(=O)c6ccc(Oc7ccc(C(C)(C)c8ccc(Oc9ccc%10c(c9)C(=O)N(*)C%10=O)cc8)cc7)cc6C5=O)cc4)cc3)cc2)cc1,24.1848397
*C(=O)c1ccc2c(c1)C(=O)N(c1ccc(C)c(N3C(=O)c4ccc(*)cc4C3=O)c1)C2=O,22.26749475
*CCCCOc1ccc(C(=O)OCCOC(=O)c2ccc(O*)cc2)cc1,23.20013793
*NC1CCC(CC2CCC(NC(=O)CCCCCCCCCCCCC(*)=O)CC2)CC1,22.54553609
*c1ccc(Oc2ccc(NC(=O)CN3C(=O)c4ccc(C(c5ccc6c(c5)C(=O)N(CC(=O)Nc5ccc(Oc7ccc(-c8nnc(*)o8)cc7)cc5)C6=O)(C(F)(F)F)C(F)(F)F)cc4C3=O)cc2)cc1,23.08710688
